project_name,project_url,sha,module,detector,flaky_test,flakesync_test
30-seconds-of-java8,https://github.com/hellokaton/30-seconds-of-java8,1af5d4dee567f00e662cb9b74abc16067312e338,.,nondex,snippets.SnippetsTests#group_elements_by_length,snippets.SnippetsTests#group_elements_by_length
30-seconds-of-java8,https://github.com/hellokaton/30-seconds-of-java8,1af5d4dee567f00e662cb9b74abc16067312e338,.,nondex,snippets.SnippetsTests#pick_should_pick_key_pairs_corresponding_to_keys,snippets.SnippetsTests#pick_should_pick_key_pairs_corresponding_to_keys
30-seconds-of-java8,https://github.com/hellokaton/30-seconds-of-java8,1af5d4dee567f00e662cb9b74abc16067312e338,.,nondex,snippets.SnippetsTests#union_test,snippets.SnippetsTests#union_test
adyen-java-api-library,https://github.com/Adyen/adyen-java-api-library,6fb5cd049b57a22d2ec4465d204c15f1c90dd325,.,nondex,com.adyen.CheckoutTest#TestAchDetailsSerialization,com.adyen.CheckoutTest#TestAchDetailsSerialization
adyen-java-api-library,https://github.com/Adyen/adyen-java-api-library,6fb5cd049b57a22d2ec4465d204c15f1c90dd325,.,nondex,com.adyen.CheckoutTest#TestAmazonPayDetailsSerialization,com.adyen.CheckoutTest#TestAmazonPayDetailsSerialization
adyen-java-api-library,https://github.com/Adyen/adyen-java-api-library,6fb5cd049b57a22d2ec4465d204c15f1c90dd325,.,nondex,com.adyen.CheckoutTest#TestAndroidPayDetails,com.adyen.CheckoutTest#TestAndroidPayDetails
adyen-java-api-library,https://github.com/Adyen/adyen-java-api-library,6fb5cd049b57a22d2ec4465d204c15f1c90dd325,.,nondex,com.adyen.CheckoutTest#TestApplePayDetailsSerialization,com.adyen.CheckoutTest#TestApplePayDetailsSerialization
adyen-java-api-library,https://github.com/Adyen/adyen-java-api-library,6fb5cd049b57a22d2ec4465d204c15f1c90dd325,.,nondex,com.adyen.CheckoutTest#TestBacsDirectDebitDetailsSerialization,com.adyen.CheckoutTest#TestBacsDirectDebitDetailsSerialization
adyen-java-api-library,https://github.com/Adyen/adyen-java-api-library,6fb5cd049b57a22d2ec4465d204c15f1c90dd325,.,nondex,com.adyen.CheckoutTest#TestBillDeskOnlineDetailsSerialization,com.adyen.CheckoutTest#TestBillDeskOnlineDetailsSerialization
adyen-java-api-library,https://github.com/Adyen/adyen-java-api-library,6fb5cd049b57a22d2ec4465d204c15f1c90dd325,.,nondex,com.adyen.CheckoutTest#TestBilldeskWalletDetailsSerialization,com.adyen.CheckoutTest#TestBilldeskWalletDetailsSerialization
adyen-java-api-library,https://github.com/Adyen/adyen-java-api-library,6fb5cd049b57a22d2ec4465d204c15f1c90dd325,.,nondex,com.adyen.CheckoutTest#TestBlikDetailsSerialization,com.adyen.CheckoutTest#TestBlikDetailsSerialization
adyen-java-api-library,https://github.com/Adyen/adyen-java-api-library,6fb5cd049b57a22d2ec4465d204c15f1c90dd325,.,nondex,com.adyen.CheckoutTest#TestDateSerializers,com.adyen.CheckoutTest#TestDateSerializers
adyen-java-api-library,https://github.com/Adyen/adyen-java-api-library,6fb5cd049b57a22d2ec4465d204c15f1c90dd325,.,nondex,com.adyen.CheckoutTest#TestDokuDetailsSerialization,com.adyen.CheckoutTest#TestDokuDetailsSerialization
adyen-java-api-library,https://github.com/Adyen/adyen-java-api-library,6fb5cd049b57a22d2ec4465d204c15f1c90dd325,.,nondex,com.adyen.CheckoutTest#TestDotpayDetailsSerialization,com.adyen.CheckoutTest#TestDotpayDetailsSerialization
adyen-java-api-library,https://github.com/Adyen/adyen-java-api-library,6fb5cd049b57a22d2ec4465d204c15f1c90dd325,.,nondex,com.adyen.CheckoutTest#TestDragonpayDetailsSerialization,com.adyen.CheckoutTest#TestDragonpayDetailsSerialization
adyen-java-api-library,https://github.com/Adyen/adyen-java-api-library,6fb5cd049b57a22d2ec4465d204c15f1c90dd325,.,nondex,com.adyen.CheckoutTest#TestEcontextVoucherDetailsSerialization,com.adyen.CheckoutTest#TestEcontextVoucherDetailsSerialization
adyen-java-api-library,https://github.com/Adyen/adyen-java-api-library,6fb5cd049b57a22d2ec4465d204c15f1c90dd325,.,nondex,com.adyen.CheckoutTest#TestEncryptedPaymentMethodDetails,com.adyen.CheckoutTest#TestEncryptedPaymentMethodDetails
adyen-java-api-library,https://github.com/Adyen/adyen-java-api-library,6fb5cd049b57a22d2ec4465d204c15f1c90dd325,.,nondex,com.adyen.CheckoutTest#TestEntercashDetailsSerialization,com.adyen.CheckoutTest#TestEntercashDetailsSerialization
adyen-java-api-library,https://github.com/Adyen/adyen-java-api-library,6fb5cd049b57a22d2ec4465d204c15f1c90dd325,.,nondex,com.adyen.CheckoutTest#TestGenericIssuerPaymentMethodDetails,com.adyen.CheckoutTest#TestGenericIssuerPaymentMethodDetails
adyen-java-api-library,https://github.com/Adyen/adyen-java-api-library,6fb5cd049b57a22d2ec4465d204c15f1c90dd325,.,nondex,com.adyen.CheckoutTest#TestGiropayDetailsSerialization,com.adyen.CheckoutTest#TestGiropayDetailsSerialization
adyen-java-api-library,https://github.com/Adyen/adyen-java-api-library,6fb5cd049b57a22d2ec4465d204c15f1c90dd325,.,nondex,com.adyen.CheckoutTest#TestGooglePayDetailsSerialization,com.adyen.CheckoutTest#TestGooglePayDetailsSerialization
adyen-java-api-library,https://github.com/Adyen/adyen-java-api-library,6fb5cd049b57a22d2ec4465d204c15f1c90dd325,.,nondex,com.adyen.CheckoutTest#TestIdealDetailsSerialization,com.adyen.CheckoutTest#TestIdealDetailsSerialization
adyen-java-api-library,https://github.com/Adyen/adyen-java-api-library,6fb5cd049b57a22d2ec4465d204c15f1c90dd325,.,nondex,com.adyen.CheckoutTest#TestKlarnaDetailsSerialization,com.adyen.CheckoutTest#TestKlarnaDetailsSerialization
adyen-java-api-library,https://github.com/Adyen/adyen-java-api-library,6fb5cd049b57a22d2ec4465d204c15f1c90dd325,.,nondex,com.adyen.CheckoutTest#TestLianLianPayDetailsSerialization,com.adyen.CheckoutTest#TestLianLianPayDetailsSerialization
adyen-java-api-library,https://github.com/Adyen/adyen-java-api-library,6fb5cd049b57a22d2ec4465d204c15f1c90dd325,.,nondex,com.adyen.CheckoutTest#TestMasterPassDetailsSerialization,com.adyen.CheckoutTest#TestMasterPassDetailsSerialization
adyen-java-api-library,https://github.com/Adyen/adyen-java-api-library,6fb5cd049b57a22d2ec4465d204c15f1c90dd325,.,nondex,com.adyen.CheckoutTest#TestMbwayDetailsSerialization,com.adyen.CheckoutTest#TestMbwayDetailsSerialization
adyen-java-api-library,https://github.com/Adyen/adyen-java-api-library,6fb5cd049b57a22d2ec4465d204c15f1c90dd325,.,nondex,com.adyen.CheckoutTest#TestMobilePayDetailsSerialization,com.adyen.CheckoutTest#TestMobilePayDetailsSerialization
adyen-java-api-library,https://github.com/Adyen/adyen-java-api-library,6fb5cd049b57a22d2ec4465d204c15f1c90dd325,.,nondex,com.adyen.CheckoutTest#TestMolPayDetailsSerialization,com.adyen.CheckoutTest#TestMolPayDetailsSerialization
adyen-java-api-library,https://github.com/Adyen/adyen-java-api-library,6fb5cd049b57a22d2ec4465d204c15f1c90dd325,.,nondex,com.adyen.CheckoutTest#TestPayPalDetails,com.adyen.CheckoutTest#TestPayPalDetails
adyen-java-api-library,https://github.com/Adyen/adyen-java-api-library,6fb5cd049b57a22d2ec4465d204c15f1c90dd325,.,nondex,com.adyen.CheckoutTest#TestPayUUpiDetailsSerialization,com.adyen.CheckoutTest#TestPayUUpiDetailsSerialization
adyen-java-api-library,https://github.com/Adyen/adyen-java-api-library,6fb5cd049b57a22d2ec4465d204c15f1c90dd325,.,nondex,com.adyen.CheckoutTest#TestPaymentMethodDetails,com.adyen.CheckoutTest#TestPaymentMethodDetails
adyen-java-api-library,https://github.com/Adyen/adyen-java-api-library,6fb5cd049b57a22d2ec4465d204c15f1c90dd325,.,nondex,com.adyen.CheckoutTest#TestQiwiWalletDetailsSerialization,com.adyen.CheckoutTest#TestQiwiWalletDetailsSerialization
adyen-java-api-library,https://github.com/Adyen/adyen-java-api-library,6fb5cd049b57a22d2ec4465d204c15f1c90dd325,.,nondex,com.adyen.CheckoutTest#TestRecurringPaymentMethodDetails,com.adyen.CheckoutTest#TestRecurringPaymentMethodDetails
adyen-java-api-library,https://github.com/Adyen/adyen-java-api-library,6fb5cd049b57a22d2ec4465d204c15f1c90dd325,.,nondex,com.adyen.CheckoutTest#TestSamsungPayDetailsSerialization,com.adyen.CheckoutTest#TestSamsungPayDetailsSerialization
adyen-java-api-library,https://github.com/Adyen/adyen-java-api-library,6fb5cd049b57a22d2ec4465d204c15f1c90dd325,.,nondex,com.adyen.CheckoutTest#TestSepaDirectDebitDetailsSerialization,com.adyen.CheckoutTest#TestSepaDirectDebitDetailsSerialization
adyen-java-api-library,https://github.com/Adyen/adyen-java-api-library,6fb5cd049b57a22d2ec4465d204c15f1c90dd325,.,nondex,com.adyen.CheckoutTest#TestSepaPaymentMethodDetails,com.adyen.CheckoutTest#TestSepaPaymentMethodDetails
adyen-java-api-library,https://github.com/Adyen/adyen-java-api-library,6fb5cd049b57a22d2ec4465d204c15f1c90dd325,.,nondex,com.adyen.CheckoutTest#TestShopperNotificationReferencePaymentMethodDetails,com.adyen.CheckoutTest#TestShopperNotificationReferencePaymentMethodDetails
adyen-java-api-library,https://github.com/Adyen/adyen-java-api-library,6fb5cd049b57a22d2ec4465d204c15f1c90dd325,.,nondex,com.adyen.CheckoutTest#TestVippsDetailsSerialization,com.adyen.CheckoutTest#TestVippsDetailsSerialization
adyen-java-api-library,https://github.com/Adyen/adyen-java-api-library,6fb5cd049b57a22d2ec4465d204c15f1c90dd325,.,nondex,com.adyen.CheckoutTest#TestVisaCheckoutDetailsSerialization,com.adyen.CheckoutTest#TestVisaCheckoutDetailsSerialization
adyen-java-api-library,https://github.com/Adyen/adyen-java-api-library,6fb5cd049b57a22d2ec4465d204c15f1c90dd325,.,nondex,com.adyen.CheckoutTest#TestWeChatPayDetailsSerialization,com.adyen.CheckoutTest#TestWeChatPayDetailsSerialization
adyen-java-api-library,https://github.com/Adyen/adyen-java-api-library,6fb5cd049b57a22d2ec4465d204c15f1c90dd325,.,nondex,com.adyen.CheckoutTest#TestWeChatPayMiniProgramDetailsSerialization,com.adyen.CheckoutTest#TestWeChatPayMiniProgramDetailsSerialization
adyen-java-api-library,https://github.com/Adyen/adyen-java-api-library,6fb5cd049b57a22d2ec4465d204c15f1c90dd325,.,nondex,com.adyen.NotificationTest#testGsonAndJacksonSerializeNotificationRequest,com.adyen.NotificationTest#testGsonAndJacksonSerializeNotificationRequest
adyen-java-api-library,https://github.com/Adyen/adyen-java-api-library,6fb5cd049b57a22d2ec4465d204c15f1c90dd325,.,nondex,com.adyen.PaymentRequestBuilderTest#Test3DSecureRequest,com.adyen.PaymentRequestBuilderTest#Test3DSecureRequest
adyen-java-api-library,https://github.com/Adyen/adyen-java-api-library,6fb5cd049b57a22d2ec4465d204c15f1c90dd325,.,nondex,com.adyen.PaymentRequestBuilderTest#TestCCPaymentRequest,com.adyen.PaymentRequestBuilderTest#TestCCPaymentRequest
adyen-java-api-library,https://github.com/Adyen/adyen-java-api-library,6fb5cd049b57a22d2ec4465d204c15f1c90dd325,.,nondex,com.adyen.PaymentRequestBuilderTest#TestCSEPaymentRequest,com.adyen.PaymentRequestBuilderTest#TestCSEPaymentRequest
adyen-java-api-library,https://github.com/Adyen/adyen-java-api-library,6fb5cd049b57a22d2ec4465d204c15f1c90dd325,.,nondex,com.adyen.serializer.SaleToAcquirerDataSerializerTest#testSerialize,com.adyen.serializer.SaleToAcquirerDataSerializerTest#testSerialize
adyen-java-api-library,https://github.com/Adyen/adyen-java-api-library,6fb5cd049b57a22d2ec4465d204c15f1c90dd325,.,nondex,com.adyen.service.CheckoutTest#testPaymentsRequestWithXidAndCavv,com.adyen.service.CheckoutTest#testPaymentsRequestWithXidAndCavv
altus-sdk-java,https://github.com/cloudera/altus-sdk-java,914688f557923a8d9fae44b4da318e3e66c96d74,.,idflakies,com.cloudera.altus.authentication.credentials.DefaultCredentialsProviderChainTest#testNoCredentials(),com.cloudera.altus.authentication.credentials.DefaultCredentialsProviderChainTest#testNoCredentials()
altus-sdk-java,https://github.com/cloudera/altus-sdk-java,914688f557923a8d9fae44b4da318e3e66c96d74,.,idflakies,com.cloudera.altus.authentication.credentials.DefaultCredentialsProviderChainTest#testValidProfileCredentials(java.nio.file.Path),com.cloudera.altus.authentication.credentials.DefaultCredentialsProviderChainTest#testValidProfileCredentials(java.nio.file.Path)
amazon-hub-counter-sdk-java,https://github.com/amzn/amazon-hub-counter-sdk-java,c8d1be1f81539a3aebd31290441c8a9f602ca3d9,.,nondex,com.amazon.hub.counter.AmazonHubCounterFeedAPITest#postFeedSerializationTest,com.amazon.hub.counter.AmazonHubCounterFeedAPITest#postFeedSerializationTest
amazon-instant-access-sdk-java,https://github.com/amzn/amazon-instant-access-sdk-java,3aae2253569751eaa4c419300cf9915f03a42bf1,.,nondex,com.amazon.dtasdk.v2.serialization.messages.InstantAccessRequestTest#testSerialize,com.amazon.dtasdk.v2.serialization.messages.InstantAccessRequestTest#testSerialize
amazon-instant-access-sdk-java,https://github.com/amzn/amazon-instant-access-sdk-java,3aae2253569751eaa4c419300cf9915f03a42bf1,.,nondex,com.amazon.dtasdk.v3.messages.InstantAccessRequestTest#testSerialize,com.amazon.dtasdk.v3.messages.InstantAccessRequestTest#testSerialize
amazon-pay-api-sdk-java,https://github.com/amzn/amazon-pay-api-sdk-java,4093fc0ddca8e410764919f587a2e984246d5dc1,.,nondex,com.amazon.pay.api.GenerateButtonSignatureTest#testButtonSignatureWithJSONObject,com.amazon.pay.api.GenerateButtonSignatureTest#testButtonSignatureWithJSONObject
avro,https://github.com/apache/avro,bfbd2d115aec576545b0673e876a652806b41986,lang/java/avro,nondex,org.apache.avro.reflect.TestNonStringMapKeys#testNonStringMapKeys,org.apache.avro.reflect.TestNonStringMapKeys#testNonStringMapKeys
avro,https://github.com/apache/avro,bfbd2d115aec576545b0673e876a652806b41986,lang/java/avro,nondex,org.apache.avro.reflect.TestReflect#testAnnotationMultiAvroMeta,org.apache.avro.reflect.TestReflect#testAnnotationMultiAvroMeta
avro,https://github.com/apache/avro,bfbd2d115aec576545b0673e876a652806b41986,lang/java/avro,nondex,org.apache.avro.reflect.TestReflect#testAvroDoc,org.apache.avro.reflect.TestReflect#testAvroDoc
avro,https://github.com/apache/avro,bfbd2d115aec576545b0673e876a652806b41986,lang/java/avro,nondex,org.apache.avro.reflect.TestReflect#testMultipleFieldAliases,org.apache.avro.reflect.TestReflect#testMultipleFieldAliases
avro,https://github.com/apache/avro,bfbd2d115aec576545b0673e876a652806b41986,lang/java/avro,nondex,org.apache.avro.reflect.TestReflect#testRecord,org.apache.avro.reflect.TestReflect#testRecord
captivate-prime-aem-components,https://github.com/adobe/captivate-prime-aem-components,87a88b3e9fcd67f22577a5b549e25f8224b4a0c8,core,nondex,com.adobe.prime.core.sightly.models.EmbeddableWidgetModelTest#testWidgetConfigs,com.adobe.prime.core.sightly.models.EmbeddableWidgetModelTest#testWidgetConfigs
classgraph,https://github.com/classgraph/classgraph,d3b5aebd2d9bfc8b98539f7ce157775cc5af6e95,.,nondex,io.github.classgraph.json.JSONSerializationTest#testJSON,io.github.classgraph.json.JSONSerializationTest#testJSON
classgraph,https://github.com/classgraph/classgraph,d3b5aebd2d9bfc8b98539f7ce157775cc5af6e95,.,nondex,io.github.classgraph.json.JSONSerializationTest#testSerializeThenDeserializeScanResult,io.github.classgraph.json.JSONSerializationTest#testSerializeThenDeserializeScanResult
cloud-security-services-integration-library,https://github.com/SAP/cloud-security-services-integration-library,eca48f5eb11386fedce23eabd60220c1b3933487,spring-security,nondex,com.sap.cloud.security.spring.token.authentication.AuthenticationTokenTest#equals,com.sap.cloud.security.spring.token.authentication.AuthenticationTokenTest#equals
commons-collections,https://github.com/apache/commons-collections,14ff6fae576085767045bff074c35f2b0220b317,.,nondex,org.apache.commons.collections4.CollectionUtilsTest#get,org.apache.commons.collections4.CollectionUtilsTest#get
commons-collections,https://github.com/apache/commons-collections,14ff6fae576085767045bff074c35f2b0220b317,.,nondex,org.apache.commons.collections4.CollectionUtilsTest#getFromMap,org.apache.commons.collections4.CollectionUtilsTest#getFromMap
commons-collections,https://github.com/apache/commons-collections,14ff6fae576085767045bff074c35f2b0220b317,.,nondex,org.apache.commons.collections4.bag.CollectionBagTest#testCollectionToArray2,org.apache.commons.collections4.bag.CollectionBagTest#testCollectionToArray2
commons-collections,https://github.com/apache/commons-collections,14ff6fae576085767045bff074c35f2b0220b317,.,nondex,org.apache.commons.collections4.bag.HashBagTest#testCollectionToArray2,org.apache.commons.collections4.bag.HashBagTest#testCollectionToArray2
commons-collections,https://github.com/apache/commons-collections,14ff6fae576085767045bff074c35f2b0220b317,.,nondex,org.apache.commons.collections4.bag.PredicatedBagTest#testCollectionToArray2,org.apache.commons.collections4.bag.PredicatedBagTest#testCollectionToArray2
commons-collections,https://github.com/apache/commons-collections,14ff6fae576085767045bff074c35f2b0220b317,.,nondex,org.apache.commons.collections4.bag.SynchronizedBagTest#testCollectionToArray2,org.apache.commons.collections4.bag.SynchronizedBagTest#testCollectionToArray2
commons-collections,https://github.com/apache/commons-collections,14ff6fae576085767045bff074c35f2b0220b317,.,nondex,org.apache.commons.collections4.bag.TransformedBagTest#testCollectionToArray2,org.apache.commons.collections4.bag.TransformedBagTest#testCollectionToArray2
commons-collections,https://github.com/apache/commons-collections,14ff6fae576085767045bff074c35f2b0220b317,.,nondex,org.apache.commons.collections4.bag.UnmodifiableBagTest#testCollectionToArray2,org.apache.commons.collections4.bag.UnmodifiableBagTest#testCollectionToArray2
commons-collections,https://github.com/apache/commons-collections,14ff6fae576085767045bff074c35f2b0220b317,.,nondex,org.apache.commons.collections4.bidimap.DualHashBidiMapTest#testBidiKeySetValuesOrder,org.apache.commons.collections4.bidimap.DualHashBidiMapTest#testBidiKeySetValuesOrder
commons-collections,https://github.com/apache/commons-collections,14ff6fae576085767045bff074c35f2b0220b317,.,nondex,org.apache.commons.collections4.bidimap.DualHashBidiMapTest#testCollectionToArray2,org.apache.commons.collections4.bidimap.DualHashBidiMapTest#testCollectionToArray2
commons-collections,https://github.com/apache/commons-collections,14ff6fae576085767045bff074c35f2b0220b317,.,nondex,org.apache.commons.collections4.bidimap.UnmodifiableBidiMapTest#testBidiKeySetValuesOrder,org.apache.commons.collections4.bidimap.UnmodifiableBidiMapTest#testBidiKeySetValuesOrder
commons-collections,https://github.com/apache/commons-collections,14ff6fae576085767045bff074c35f2b0220b317,.,nondex,org.apache.commons.collections4.bidimap.UnmodifiableBidiMapTest#testCollectionToArray2,org.apache.commons.collections4.bidimap.UnmodifiableBidiMapTest#testCollectionToArray2
commons-collections,https://github.com/apache/commons-collections,14ff6fae576085767045bff074c35f2b0220b317,.,nondex,org.apache.commons.collections4.map.Flat3MapTest#testEntrySet,org.apache.commons.collections4.map.Flat3MapTest#testEntrySet
commons-collections,https://github.com/apache/commons-collections,14ff6fae576085767045bff074c35f2b0220b317,.,nondex,org.apache.commons.collections4.map.PassiveExpiringMapTest#testCollectionToArray2,org.apache.commons.collections4.map.PassiveExpiringMapTest#testCollectionToArray2
commons-collections,https://github.com/apache/commons-collections,14ff6fae576085767045bff074c35f2b0220b317,.,nondex,org.apache.commons.collections4.multimap.ArrayListValuedHashMapTest#testCollectionToArray2,org.apache.commons.collections4.multimap.ArrayListValuedHashMapTest#testCollectionToArray2
commons-collections,https://github.com/apache/commons-collections,14ff6fae576085767045bff074c35f2b0220b317,.,nondex,org.apache.commons.collections4.multimap.ArrayListValuedHashMapTest#testMultiValuedMapIterator,org.apache.commons.collections4.multimap.ArrayListValuedHashMapTest#testMultiValuedMapIterator
commons-collections,https://github.com/apache/commons-collections,14ff6fae576085767045bff074c35f2b0220b317,.,nondex,org.apache.commons.collections4.multimap.ArrayListValuedHashMapTest#testToString,org.apache.commons.collections4.multimap.ArrayListValuedHashMapTest#testToString
commons-collections,https://github.com/apache/commons-collections,14ff6fae576085767045bff074c35f2b0220b317,.,nondex,org.apache.commons.collections4.multimap.HashSetValuedHashMapTest#testCollectionToArray2,org.apache.commons.collections4.multimap.HashSetValuedHashMapTest#testCollectionToArray2
commons-collections,https://github.com/apache/commons-collections,14ff6fae576085767045bff074c35f2b0220b317,.,nondex,org.apache.commons.collections4.multimap.HashSetValuedHashMapTest#testToString,org.apache.commons.collections4.multimap.HashSetValuedHashMapTest#testToString
commons-collections,https://github.com/apache/commons-collections,14ff6fae576085767045bff074c35f2b0220b317,.,nondex,org.apache.commons.collections4.multimap.TransformedMultiValuedMapTest#testCollectionToArray2,org.apache.commons.collections4.multimap.TransformedMultiValuedMapTest#testCollectionToArray2
commons-collections,https://github.com/apache/commons-collections,14ff6fae576085767045bff074c35f2b0220b317,.,nondex,org.apache.commons.collections4.multimap.TransformedMultiValuedMapTest#testMultiValuedMapIterator,org.apache.commons.collections4.multimap.TransformedMultiValuedMapTest#testMultiValuedMapIterator
commons-collections,https://github.com/apache/commons-collections,14ff6fae576085767045bff074c35f2b0220b317,.,nondex,org.apache.commons.collections4.multimap.UnmodifiableMultiValuedMapTest#testCollectionToArray2,org.apache.commons.collections4.multimap.UnmodifiableMultiValuedMapTest#testCollectionToArray2
commons-collections,https://github.com/apache/commons-collections,14ff6fae576085767045bff074c35f2b0220b317,.,nondex,org.apache.commons.collections4.multiset.HashMultiSetTest#testCollectionToArray2,org.apache.commons.collections4.multiset.HashMultiSetTest#testCollectionToArray2
commons-collections,https://github.com/apache/commons-collections,14ff6fae576085767045bff074c35f2b0220b317,.,nondex,org.apache.commons.collections4.multiset.PredicatedMultiSetTest#testCollectionToArray2,org.apache.commons.collections4.multiset.PredicatedMultiSetTest#testCollectionToArray2
commons-collections,https://github.com/apache/commons-collections,14ff6fae576085767045bff074c35f2b0220b317,.,nondex,org.apache.commons.collections4.multiset.SynchronizedMultiSetTest#testCollectionToArray2,org.apache.commons.collections4.multiset.SynchronizedMultiSetTest#testCollectionToArray2
commons-collections,https://github.com/apache/commons-collections,14ff6fae576085767045bff074c35f2b0220b317,.,nondex,org.apache.commons.collections4.multiset.UnmodifiableMultiSetTest#testCollectionToArray2,org.apache.commons.collections4.multiset.UnmodifiableMultiSetTest#testCollectionToArray2
commons-collections,https://github.com/apache/commons-collections,14ff6fae576085767045bff074c35f2b0220b317,.,nondex,org.apache.commons.collections4.set.CompositeSetTest#testCollectionToArray2,org.apache.commons.collections4.set.CompositeSetTest#testCollectionToArray2
commons-collections,https://github.com/apache/commons-collections,14ff6fae576085767045bff074c35f2b0220b317,.,nondex,org.apache.commons.collections4.set.PredicatedSetTest#testCollectionToArray2,org.apache.commons.collections4.set.PredicatedSetTest#testCollectionToArray2
commons-collections,https://github.com/apache/commons-collections,14ff6fae576085767045bff074c35f2b0220b317,.,nondex,org.apache.commons.collections4.set.TransformedSetTest#testCollectionToArray2,org.apache.commons.collections4.set.TransformedSetTest#testCollectionToArray2
commons-collections,https://github.com/apache/commons-collections,14ff6fae576085767045bff074c35f2b0220b317,.,nondex,org.apache.commons.collections4.set.UnmodifiableSetTest#testCollectionToArray2,org.apache.commons.collections4.set.UnmodifiableSetTest#testCollectionToArray2
commons-jxpath,https://github.com/apache/commons-jxpath,75897943adb7f868df47ced0915b273af1af0272,.,nondex,org.apache.commons.jxpath.ri.compiler.ExtensionFunctionTest#testExpressionContext,org.apache.commons.jxpath.ri.compiler.ExtensionFunctionTest#testExpressionContext
commons-jxpath,https://github.com/apache/commons-jxpath,75897943adb7f868df47ced0915b273af1af0272,.,nondex,org.apache.commons.jxpath.ri.model.beans.BeanModelTest#testAxisDescendant,org.apache.commons.jxpath.ri.model.beans.BeanModelTest#testAxisDescendant
commons-jxpath,https://github.com/apache/commons-jxpath,75897943adb7f868df47ced0915b273af1af0272,.,nondex,org.apache.commons.jxpath.ri.model.beans.BeanModelTest#testAxisDescendantOrSelf,org.apache.commons.jxpath.ri.model.beans.BeanModelTest#testAxisDescendantOrSelf
commons-jxpath,https://github.com/apache/commons-jxpath,75897943adb7f868df47ced0915b273af1af0272,.,nondex,org.apache.commons.jxpath.ri.model.beans.BeanModelTest#testAxisFollowing,org.apache.commons.jxpath.ri.model.beans.BeanModelTest#testAxisFollowing
commons-jxpath,https://github.com/apache/commons-jxpath,75897943adb7f868df47ced0915b273af1af0272,.,nondex,org.apache.commons.jxpath.ri.model.beans.BeanModelTest#testAxisFollowingSibling,org.apache.commons.jxpath.ri.model.beans.BeanModelTest#testAxisFollowingSibling
commons-jxpath,https://github.com/apache/commons-jxpath,75897943adb7f868df47ced0915b273af1af0272,.,nondex,org.apache.commons.jxpath.ri.model.beans.BeanModelTest#testAxisParent,org.apache.commons.jxpath.ri.model.beans.BeanModelTest#testAxisParent
commons-jxpath,https://github.com/apache/commons-jxpath,75897943adb7f868df47ced0915b273af1af0272,.,nondex,org.apache.commons.jxpath.ri.model.beans.BeanModelTest#testAxisPrecedingSibling,org.apache.commons.jxpath.ri.model.beans.BeanModelTest#testAxisPrecedingSibling
commons-jxpath,https://github.com/apache/commons-jxpath,75897943adb7f868df47ced0915b273af1af0272,.,nondex,org.apache.commons.jxpath.ri.model.beans.BeanModelTest#testBooleanPredicate,org.apache.commons.jxpath.ri.model.beans.BeanModelTest#testBooleanPredicate
commons-jxpath,https://github.com/apache/commons-jxpath,75897943adb7f868df47ced0915b273af1af0272,.,nondex,org.apache.commons.jxpath.ri.model.dynabeans.DynaBeanModelTest#testAxisDescendant,org.apache.commons.jxpath.ri.model.dynabeans.DynaBeanModelTest#testAxisDescendant
commons-jxpath,https://github.com/apache/commons-jxpath,75897943adb7f868df47ced0915b273af1af0272,.,nondex,org.apache.commons.jxpath.ri.model.dynabeans.DynaBeanModelTest#testAxisDescendantOrSelf,org.apache.commons.jxpath.ri.model.dynabeans.DynaBeanModelTest#testAxisDescendantOrSelf
commons-jxpath,https://github.com/apache/commons-jxpath,75897943adb7f868df47ced0915b273af1af0272,.,nondex,org.apache.commons.jxpath.ri.model.dynabeans.DynaBeanModelTest#testAxisFollowing,org.apache.commons.jxpath.ri.model.dynabeans.DynaBeanModelTest#testAxisFollowing
commons-jxpath,https://github.com/apache/commons-jxpath,75897943adb7f868df47ced0915b273af1af0272,.,nondex,org.apache.commons.jxpath.ri.model.dynabeans.DynaBeanModelTest#testAxisFollowingSibling,org.apache.commons.jxpath.ri.model.dynabeans.DynaBeanModelTest#testAxisFollowingSibling
commons-jxpath,https://github.com/apache/commons-jxpath,75897943adb7f868df47ced0915b273af1af0272,.,nondex,org.apache.commons.jxpath.ri.model.dynabeans.DynaBeanModelTest#testAxisParent,org.apache.commons.jxpath.ri.model.dynabeans.DynaBeanModelTest#testAxisParent
commons-jxpath,https://github.com/apache/commons-jxpath,75897943adb7f868df47ced0915b273af1af0272,.,nondex,org.apache.commons.jxpath.ri.model.dynabeans.DynaBeanModelTest#testAxisPrecedingSibling,org.apache.commons.jxpath.ri.model.dynabeans.DynaBeanModelTest#testAxisPrecedingSibling
commons-jxpath,https://github.com/apache/commons-jxpath,75897943adb7f868df47ced0915b273af1af0272,.,nondex,org.apache.commons.jxpath.ri.model.dynabeans.DynaBeanModelTest#testBooleanPredicate,org.apache.commons.jxpath.ri.model.dynabeans.DynaBeanModelTest#testBooleanPredicate
commons-lang,https://github.com/apache/commons-lang,7c32e527651a8a235d1b78b2f5d3f53d5e9bb6cb,.,nondex,org.apache.commons.lang3.builder.HashCodeBuilderAndEqualsBuilderTest#testFixture,org.apache.commons.lang3.builder.HashCodeBuilderAndEqualsBuilderTest#testFixture
commons-lang,https://github.com/apache/commons-lang,7c32e527651a8a235d1b78b2f5d3f53d5e9bb6cb,.,nondex,org.apache.commons.lang3.builder.HashCodeBuilderAndEqualsBuilderTest#testFixtureWithTransients,org.apache.commons.lang3.builder.HashCodeBuilderAndEqualsBuilderTest#testFixtureWithTransients
commons-lang,https://github.com/apache/commons-lang,7c32e527651a8a235d1b78b2f5d3f53d5e9bb6cb,.,nondex,org.apache.commons.lang3.builder.HashCodeBuilderTest#testReflectionHashCodeExcludeFields,org.apache.commons.lang3.builder.HashCodeBuilderTest#testReflectionHashCodeExcludeFields
commons-lang,https://github.com/apache/commons-lang,7c32e527651a8a235d1b78b2f5d3f53d5e9bb6cb,.,nondex,org.apache.commons.lang3.builder.HashCodeBuilderTest#testReflectionHierarchyHashCode,org.apache.commons.lang3.builder.HashCodeBuilderTest#testReflectionHierarchyHashCode
commons-lang,https://github.com/apache/commons-lang,7c32e527651a8a235d1b78b2f5d3f53d5e9bb6cb,.,nondex,org.apache.commons.lang3.builder.MultilineRecursiveToStringStyleTest#boolArray,org.apache.commons.lang3.builder.MultilineRecursiveToStringStyleTest#boolArray
commons-lang,https://github.com/apache/commons-lang,7c32e527651a8a235d1b78b2f5d3f53d5e9bb6cb,.,nondex,org.apache.commons.lang3.builder.MultilineRecursiveToStringStyleTest#charArray,org.apache.commons.lang3.builder.MultilineRecursiveToStringStyleTest#charArray
commons-lang,https://github.com/apache/commons-lang,7c32e527651a8a235d1b78b2f5d3f53d5e9bb6cb,.,nondex,org.apache.commons.lang3.builder.MultilineRecursiveToStringStyleTest#doubleArray,org.apache.commons.lang3.builder.MultilineRecursiveToStringStyleTest#doubleArray
commons-lang,https://github.com/apache/commons-lang,7c32e527651a8a235d1b78b2f5d3f53d5e9bb6cb,.,nondex,org.apache.commons.lang3.builder.MultilineRecursiveToStringStyleTest#intArray,org.apache.commons.lang3.builder.MultilineRecursiveToStringStyleTest#intArray
commons-lang,https://github.com/apache/commons-lang,7c32e527651a8a235d1b78b2f5d3f53d5e9bb6cb,.,nondex,org.apache.commons.lang3.builder.MultilineRecursiveToStringStyleTest#longArray,org.apache.commons.lang3.builder.MultilineRecursiveToStringStyleTest#longArray
commons-lang,https://github.com/apache/commons-lang,7c32e527651a8a235d1b78b2f5d3f53d5e9bb6cb,.,nondex,org.apache.commons.lang3.builder.MultilineRecursiveToStringStyleTest#nestedAndArray,org.apache.commons.lang3.builder.MultilineRecursiveToStringStyleTest#nestedAndArray
commons-lang,https://github.com/apache/commons-lang,7c32e527651a8a235d1b78b2f5d3f53d5e9bb6cb,.,nondex,org.apache.commons.lang3.builder.MultilineRecursiveToStringStyleTest#nestedElements,org.apache.commons.lang3.builder.MultilineRecursiveToStringStyleTest#nestedElements
commons-lang,https://github.com/apache/commons-lang,7c32e527651a8a235d1b78b2f5d3f53d5e9bb6cb,.,nondex,org.apache.commons.lang3.builder.MultilineRecursiveToStringStyleTest#noArray,org.apache.commons.lang3.builder.MultilineRecursiveToStringStyleTest#noArray
commons-lang,https://github.com/apache/commons-lang,7c32e527651a8a235d1b78b2f5d3f53d5e9bb6cb,.,nondex,org.apache.commons.lang3.builder.MultilineRecursiveToStringStyleTest#simpleObject,org.apache.commons.lang3.builder.MultilineRecursiveToStringStyleTest#simpleObject
commons-lang,https://github.com/apache/commons-lang,7c32e527651a8a235d1b78b2f5d3f53d5e9bb6cb,.,nondex,org.apache.commons.lang3.builder.MultilineRecursiveToStringStyleTest#stringArray,org.apache.commons.lang3.builder.MultilineRecursiveToStringStyleTest#stringArray
commons-lang,https://github.com/apache/commons-lang,7c32e527651a8a235d1b78b2f5d3f53d5e9bb6cb,.,nondex,org.apache.commons.lang3.builder.RecursiveToStringStyleTest#testPerson,org.apache.commons.lang3.builder.RecursiveToStringStyleTest#testPerson
commons-lang,https://github.com/apache/commons-lang,7c32e527651a8a235d1b78b2f5d3f53d5e9bb6cb,.,nondex,org.apache.commons.lang3.builder.ReflectionToStringBuilderSummaryTest#testSummary,org.apache.commons.lang3.builder.ReflectionToStringBuilderSummaryTest#testSummary
commons-lang,https://github.com/apache/commons-lang,7c32e527651a8a235d1b78b2f5d3f53d5e9bb6cb,.,nondex,org.apache.commons.lang3.builder.ToStringBuilderTest#testInheritedReflectionStatics,org.apache.commons.lang3.builder.ToStringBuilderTest#testInheritedReflectionStatics
commons-lang,https://github.com/apache/commons-lang,7c32e527651a8a235d1b78b2f5d3f53d5e9bb6cb,.,nondex,org.apache.commons.lang3.builder.ToStringBuilderTest#testReflectionHierarchy,org.apache.commons.lang3.builder.ToStringBuilderTest#testReflectionHierarchy
commons-lang,https://github.com/apache/commons-lang,7c32e527651a8a235d1b78b2f5d3f53d5e9bb6cb,.,nondex,org.apache.commons.lang3.builder.ToStringBuilderTest#testReflectionStatics,org.apache.commons.lang3.builder.ToStringBuilderTest#testReflectionStatics
commons-lang,https://github.com/apache/commons-lang,7c32e527651a8a235d1b78b2f5d3f53d5e9bb6cb,.,nondex,org.apache.commons.lang3.builder.ToStringBuilderTest#testSelfInstanceTwoVarsReflectionObjectCycle,org.apache.commons.lang3.builder.ToStringBuilderTest#testSelfInstanceTwoVarsReflectionObjectCycle
commons-lang,https://github.com/apache/commons-lang,7c32e527651a8a235d1b78b2f5d3f53d5e9bb6cb,.,nondex,org.apache.commons.lang3.builder.ToStringBuilderTest#testSimpleReflectionStatics,org.apache.commons.lang3.builder.ToStringBuilderTest#testSimpleReflectionStatics
commons-lang,https://github.com/apache/commons-lang,7c32e527651a8a235d1b78b2f5d3f53d5e9bb6cb,.,nondex,org.apache.commons.lang3.reflect.FieldUtilsTest#testGetAllFields,org.apache.commons.lang3.reflect.FieldUtilsTest#testGetAllFields
commons-lang,https://github.com/apache/commons-lang,7c32e527651a8a235d1b78b2f5d3f53d5e9bb6cb,.,nondex,org.apache.commons.lang3.reflect.FieldUtilsTest#testGetAllFieldsList,org.apache.commons.lang3.reflect.FieldUtilsTest#testGetAllFieldsList
commons-lang,https://github.com/apache/commons-lang,7c32e527651a8a235d1b78b2f5d3f53d5e9bb6cb,.,nondex,org.apache.commons.lang3.reflect.FieldUtilsTest#testGetFieldsWithAnnotation,org.apache.commons.lang3.reflect.FieldUtilsTest#testGetFieldsWithAnnotation
datadog-kafka-connect-logs,https://github.com/DataDog/datadog-kafka-connect-logs,e453f0c9efb50f2d7aaf2186ff024b15bca9742b,.,nondex,com.datadoghq.connect.logs.sink.DatadogLogsApiWriterTest#writer_readingMultipleTopics_shouldBatchSeparate,com.datadoghq.connect.logs.sink.DatadogLogsApiWriterTest#writer_readingMultipleTopics_shouldBatchSeparate
depgraph-maven-plugin,https://github.com/ferstl/depgraph-maven-plugin,f93bf3b39986dd7eafff30f5858439a9879e1618,.,nondex,GraphIntegrationTest#graphInJson,GraphIntegrationTest#graphInJson
depgraph-maven-plugin,https://github.com/ferstl/depgraph-maven-plugin,f93bf3b39986dd7eafff30f5858439a9879e1618,.,nondex,com.github.ferstl.depgraph.dependency.json.JsonDependencyEdgeRendererTest#renderWithConflictShowingVersion,com.github.ferstl.depgraph.dependency.json.JsonDependencyEdgeRendererTest#renderWithConflictShowingVersion
depgraph-maven-plugin,https://github.com/ferstl/depgraph-maven-plugin,f93bf3b39986dd7eafff30f5858439a9879e1618,.,nondex,com.github.ferstl.depgraph.dependency.json.JsonDependencyNodeNameRendererTest#omitScope,com.github.ferstl.depgraph.dependency.json.JsonDependencyNodeNameRendererTest#omitScope
depgraph-maven-plugin,https://github.com/ferstl/depgraph-maven-plugin,f93bf3b39986dd7eafff30f5858439a9879e1618,.,nondex,com.github.ferstl.depgraph.dependency.json.JsonDependencyNodeNameRendererTest#renderAll,com.github.ferstl.depgraph.dependency.json.JsonDependencyNodeNameRendererTest#renderAll
depgraph-maven-plugin,https://github.com/ferstl/depgraph-maven-plugin,f93bf3b39986dd7eafff30f5858439a9879e1618,.,nondex,com.github.ferstl.depgraph.dependency.json.JsonDependencyNodeNameRendererTest#renderArtifactId,com.github.ferstl.depgraph.dependency.json.JsonDependencyNodeNameRendererTest#renderArtifactId
depgraph-maven-plugin,https://github.com/ferstl/depgraph-maven-plugin,f93bf3b39986dd7eafff30f5858439a9879e1618,.,nondex,com.github.ferstl.depgraph.dependency.json.JsonDependencyNodeNameRendererTest#renderArtifactIdVersion,com.github.ferstl.depgraph.dependency.json.JsonDependencyNodeNameRendererTest#renderArtifactIdVersion
depgraph-maven-plugin,https://github.com/ferstl/depgraph-maven-plugin,f93bf3b39986dd7eafff30f5858439a9879e1618,.,nondex,com.github.ferstl.depgraph.dependency.json.JsonDependencyNodeNameRendererTest#renderArtifactIdVersionOptional,com.github.ferstl.depgraph.dependency.json.JsonDependencyNodeNameRendererTest#renderArtifactIdVersionOptional
depgraph-maven-plugin,https://github.com/ferstl/depgraph-maven-plugin,f93bf3b39986dd7eafff30f5858439a9879e1618,.,nondex,com.github.ferstl.depgraph.dependency.json.JsonDependencyNodeNameRendererTest#renderClassifiers,com.github.ferstl.depgraph.dependency.json.JsonDependencyNodeNameRendererTest#renderClassifiers
depgraph-maven-plugin,https://github.com/ferstl/depgraph-maven-plugin,f93bf3b39986dd7eafff30f5858439a9879e1618,.,nondex,com.github.ferstl.depgraph.dependency.json.JsonDependencyNodeNameRendererTest#renderEmptyClassifier,com.github.ferstl.depgraph.dependency.json.JsonDependencyNodeNameRendererTest#renderEmptyClassifier
depgraph-maven-plugin,https://github.com/ferstl/depgraph-maven-plugin,f93bf3b39986dd7eafff30f5858439a9879e1618,.,nondex,com.github.ferstl.depgraph.dependency.json.JsonDependencyNodeNameRendererTest#renderGroupIdArtifactId,com.github.ferstl.depgraph.dependency.json.JsonDependencyNodeNameRendererTest#renderGroupIdArtifactId
depgraph-maven-plugin,https://github.com/ferstl/depgraph-maven-plugin,f93bf3b39986dd7eafff30f5858439a9879e1618,.,nondex,com.github.ferstl.depgraph.dependency.json.JsonDependencyNodeNameRendererTest#renderGroupIdArtifactIdOptional,com.github.ferstl.depgraph.dependency.json.JsonDependencyNodeNameRendererTest#renderGroupIdArtifactIdOptional
depgraph-maven-plugin,https://github.com/ferstl/depgraph-maven-plugin,f93bf3b39986dd7eafff30f5858439a9879e1618,.,nondex,com.github.ferstl.depgraph.dependency.json.JsonDependencyNodeNameRendererTest#renderGroupIdArtifactIdVersion,com.github.ferstl.depgraph.dependency.json.JsonDependencyNodeNameRendererTest#renderGroupIdArtifactIdVersion
depgraph-maven-plugin,https://github.com/ferstl/depgraph-maven-plugin,f93bf3b39986dd7eafff30f5858439a9879e1618,.,nondex,com.github.ferstl.depgraph.dependency.json.JsonDependencyNodeNameRendererTest#renderGroupIdArtifactIdVersionOptional,com.github.ferstl.depgraph.dependency.json.JsonDependencyNodeNameRendererTest#renderGroupIdArtifactIdVersionOptional
depgraph-maven-plugin,https://github.com/ferstl/depgraph-maven-plugin,f93bf3b39986dd7eafff30f5858439a9879e1618,.,nondex,com.github.ferstl.depgraph.dependency.json.JsonDependencyNodeNameRendererTest#renderGroupIdVersion,com.github.ferstl.depgraph.dependency.json.JsonDependencyNodeNameRendererTest#renderGroupIdVersion
depgraph-maven-plugin,https://github.com/ferstl/depgraph-maven-plugin,f93bf3b39986dd7eafff30f5858439a9879e1618,.,nondex,com.github.ferstl.depgraph.dependency.json.JsonDependencyNodeNameRendererTest#renderGroupIdVersionOptional,com.github.ferstl.depgraph.dependency.json.JsonDependencyNodeNameRendererTest#renderGroupIdVersionOptional
depgraph-maven-plugin,https://github.com/ferstl/depgraph-maven-plugin,f93bf3b39986dd7eafff30f5858439a9879e1618,.,nondex,com.github.ferstl.depgraph.dependency.json.JsonDependencyNodeNameRendererTest#renderJarTypeOnly,com.github.ferstl.depgraph.dependency.json.JsonDependencyNodeNameRendererTest#renderJarTypeOnly
depgraph-maven-plugin,https://github.com/ferstl/depgraph-maven-plugin,f93bf3b39986dd7eafff30f5858439a9879e1618,.,nondex,com.github.ferstl.depgraph.dependency.json.JsonDependencyNodeNameRendererTest#renderOptional,com.github.ferstl.depgraph.dependency.json.JsonDependencyNodeNameRendererTest#renderOptional
depgraph-maven-plugin,https://github.com/ferstl/depgraph-maven-plugin,f93bf3b39986dd7eafff30f5858439a9879e1618,.,nondex,com.github.ferstl.depgraph.dependency.json.JsonDependencyNodeNameRendererTest#renderTypes,com.github.ferstl.depgraph.dependency.json.JsonDependencyNodeNameRendererTest#renderTypes
depgraph-maven-plugin,https://github.com/ferstl/depgraph-maven-plugin,f93bf3b39986dd7eafff30f5858439a9879e1618,.,nondex,com.github.ferstl.depgraph.dependency.json.JsonDependencyNodeNameRendererTest#renderVersion,com.github.ferstl.depgraph.dependency.json.JsonDependencyNodeNameRendererTest#renderVersion
depgraph-maven-plugin,https://github.com/ferstl/depgraph-maven-plugin,f93bf3b39986dd7eafff30f5858439a9879e1618,.,nondex,com.github.ferstl.depgraph.graph.json.JsonGraphFormatterTest#format,com.github.ferstl.depgraph.graph.json.JsonGraphFormatterTest#format
dubbo,https://github.com/apache/dubbo,3720471e56717b7e3494a7352aa437ef95507fe1,dubbo-common,nondex,org.apache.dubbo.common.URLTest#testHashcode,org.apache.dubbo.common.URLTest#testHashcode
dubbo,https://github.com/apache/dubbo,3720471e56717b7e3494a7352aa437ef95507fe1,dubbo-common,nondex,org.apache.dubbo.common.bytecode.WrapperTest#testWrapImplClass,org.apache.dubbo.common.bytecode.WrapperTest#testWrapImplClass
dubbo,https://github.com/apache/dubbo,3720471e56717b7e3494a7352aa437ef95507fe1,dubbo-common,nondex,org.apache.dubbo.common.utils.JsonUtilsTest#consistentTest,org.apache.dubbo.common.utils.JsonUtilsTest#consistentTest
dubbo,https://github.com/apache/dubbo,3720471e56717b7e3494a7352aa437ef95507fe1,dubbo-common,nondex,org.apache.dubbo.config.context.ConfigManagerTest#testGetConfigByIdOrName,org.apache.dubbo.config.context.ConfigManagerTest#testGetConfigByIdOrName
dubbo,https://github.com/apache/dubbo,3720471e56717b7e3494a7352aa437ef95507fe1,dubbo-common,nondex,org.apache.dubbo.metadata.definition.ServiceDefinitionBuilderTest#testBuilderComplexObject,org.apache.dubbo.metadata.definition.ServiceDefinitionBuilderTest#testBuilderComplexObject
edn-java,https://github.com/bpsm/edn-java,4cf29ffe2d063269cb09c9bf4f6fd5c1a3cb4e1b,.,nondex,us.bpsm.edn.printer.PrinterTest#testPrettyPrinting,us.bpsm.edn.printer.PrinterTest#testPrettyPrinting
emobility-smart-charging,https://github.com/SAP/emobility-smart-charging,53c97ae60625a3e89a130213551840e455b74ae6,.,nondex,com.sap.charging.model.FuseTreeTest#testToJSON,com.sap.charging.model.FuseTreeTest#testToJSON
esper,https://github.com/espertechinc/esper,590fa9c9eb854f1420b9d337b802aca19f963cc0,examples/rfidassetzone,nondex,com.espertech.esper.example.rfidassetzone.TestLRMovingSimMain#testSim,com.espertech.esper.example.rfidassetzone.TestLRMovingSimMain#testSim
feign-vertx,https://github.com/OpenFeign/feign-vertx,5c64572a72581178e9e7f382a5b45d7503af7ea9,.,nondex,feign.vertx.VertxHttpClientTest$WhenMakePostRequest#testWillMakeOrder,feign.vertx.VertxHttpClientTest$WhenMakePostRequest#testWillMakeOrder
flink,https://github.com/apache/flink,23c9b5ac50d04d28a34a87c78eb2d3331c06b74b,flink-libraries/flink-cep,nondex,org.apache.flink.cep.nfa.NFATest#testNFASerialization,org.apache.flink.cep.nfa.NFATest#testNFASerialization
flink,https://github.com/apache/flink,23c9b5ac50d04d28a34a87c78eb2d3331c06b74b,flink-libraries/flink-cep,nondex,org.apache.flink.cep.nfa.NFATest#testSimpleNFA,org.apache.flink.cep.nfa.NFATest#testSimpleNFA
flink,https://github.com/apache/flink,23c9b5ac50d04d28a34a87c78eb2d3331c06b74b,flink-libraries/flink-cep,nondex,org.apache.flink.cep.operator.CEPMigrationTest#testRestoreAfterBranchingPattern,org.apache.flink.cep.operator.CEPMigrationTest#testRestoreAfterBranchingPattern
flink,https://github.com/apache/flink,23c9b5ac50d04d28a34a87c78eb2d3331c06b74b,flink-libraries/flink-cep,nondex,org.apache.flink.cep.operator.CEPMigrationTest#testRestoreStartingNewPatternAfterMigration,org.apache.flink.cep.operator.CEPMigrationTest#testRestoreStartingNewPatternAfterMigration
flink,https://github.com/apache/flink,23c9b5ac50d04d28a34a87c78eb2d3331c06b74b,flink-libraries/flink-cep,nondex,org.apache.flink.cep.operator.CEPOperatorTest#testCEPOperatorCleanupEventTime,org.apache.flink.cep.operator.CEPOperatorTest#testCEPOperatorCleanupEventTime
flink,https://github.com/apache/flink,23c9b5ac50d04d28a34a87c78eb2d3331c06b74b,flink-libraries/flink-cep,nondex,org.apache.flink.cep.operator.CEPOperatorTest#testCEPOperatorCleanupProcessingTime,org.apache.flink.cep.operator.CEPOperatorTest#testCEPOperatorCleanupProcessingTime
flink,https://github.com/apache/flink,23c9b5ac50d04d28a34a87c78eb2d3331c06b74b,flink-libraries/flink-cep,nondex,org.apache.flink.cep.operator.CEPOperatorTest#testCEPOperatorComparatorEventTime,org.apache.flink.cep.operator.CEPOperatorTest#testCEPOperatorComparatorEventTime
flink,https://github.com/apache/flink,23c9b5ac50d04d28a34a87c78eb2d3331c06b74b,flink-libraries/flink-cep,nondex,org.apache.flink.cep.operator.CEPOperatorTest#testCEPOperatorComparatorProcessTime,org.apache.flink.cep.operator.CEPOperatorTest#testCEPOperatorComparatorProcessTime
gora,https://github.com/apache/gora,6c6b06c916b969352a6757ba7025cc78055fa87a,gora-ignite,nondex,org.apache.gora.ignite.mapreduce.IgniteStoreMapReduceTest#testCountQuery,org.apache.gora.ignite.mapreduce.IgniteStoreMapReduceTest#testCountQuery
gora,https://github.com/apache/gora,6c6b06c916b969352a6757ba7025cc78055fa87a,gora-ignite,nondex,org.apache.gora.ignite.store.TestIgniteStore#igniteStoreMetadataAnalyzerTest,org.apache.gora.ignite.store.TestIgniteStore#igniteStoreMetadataAnalyzerTest
gora,https://github.com/apache/gora,6c6b06c916b969352a6757ba7025cc78055fa87a,gora-ignite,nondex,org.apache.gora.ignite.store.TestIgniteStore#testAutoCreateSchema,org.apache.gora.ignite.store.TestIgniteStore#testAutoCreateSchema
gora,https://github.com/apache/gora,6c6b06c916b969352a6757ba7025cc78055fa87a,gora-ignite,nondex,org.apache.gora.ignite.store.TestIgniteStore#testBenchmarkExists,org.apache.gora.ignite.store.TestIgniteStore#testBenchmarkExists
gora,https://github.com/apache/gora,6c6b06c916b969352a6757ba7025cc78055fa87a,gora-ignite,nondex,org.apache.gora.ignite.store.TestIgniteStore#testDelete,org.apache.gora.ignite.store.TestIgniteStore#testDelete
gora,https://github.com/apache/gora,6c6b06c916b969352a6757ba7025cc78055fa87a,gora-ignite,nondex,org.apache.gora.ignite.store.TestIgniteStore#testDeleteByQuery,org.apache.gora.ignite.store.TestIgniteStore#testDeleteByQuery
gora,https://github.com/apache/gora,6c6b06c916b969352a6757ba7025cc78055fa87a,gora-ignite,nondex,org.apache.gora.ignite.store.TestIgniteStore#testDeleteByQueryFields,org.apache.gora.ignite.store.TestIgniteStore#testDeleteByQueryFields
gora,https://github.com/apache/gora,6c6b06c916b969352a6757ba7025cc78055fa87a,gora-ignite,nondex,org.apache.gora.ignite.store.TestIgniteStore#testExists,org.apache.gora.ignite.store.TestIgniteStore#testExists
gora,https://github.com/apache/gora,6c6b06c916b969352a6757ba7025cc78055fa87a,gora-ignite,nondex,org.apache.gora.ignite.store.TestIgniteStore#testGet,org.apache.gora.ignite.store.TestIgniteStore#testGet
gora,https://github.com/apache/gora,6c6b06c916b969352a6757ba7025cc78055fa87a,gora-ignite,nondex,org.apache.gora.ignite.store.TestIgniteStore#testGet3UnionField,org.apache.gora.ignite.store.TestIgniteStore#testGet3UnionField
gora,https://github.com/apache/gora,6c6b06c916b969352a6757ba7025cc78055fa87a,gora-ignite,nondex,org.apache.gora.ignite.store.TestIgniteStore#testGetDoubleRecursive,org.apache.gora.ignite.store.TestIgniteStore#testGetDoubleRecursive
gora,https://github.com/apache/gora,6c6b06c916b969352a6757ba7025cc78055fa87a,gora-ignite,nondex,org.apache.gora.ignite.store.TestIgniteStore#testGetNested,org.apache.gora.ignite.store.TestIgniteStore#testGetNested
gora,https://github.com/apache/gora,6c6b06c916b969352a6757ba7025cc78055fa87a,gora-ignite,nondex,org.apache.gora.ignite.store.TestIgniteStore#testGetPartitions,org.apache.gora.ignite.store.TestIgniteStore#testGetPartitions
gora,https://github.com/apache/gora,6c6b06c916b969352a6757ba7025cc78055fa87a,gora-ignite,nondex,org.apache.gora.ignite.store.TestIgniteStore#testGetRecursive,org.apache.gora.ignite.store.TestIgniteStore#testGetRecursive
gora,https://github.com/apache/gora,6c6b06c916b969352a6757ba7025cc78055fa87a,gora-ignite,nondex,org.apache.gora.ignite.store.TestIgniteStore#testGetWebPage,org.apache.gora.ignite.store.TestIgniteStore#testGetWebPage
gora,https://github.com/apache/gora,6c6b06c916b969352a6757ba7025cc78055fa87a,gora-ignite,nondex,org.apache.gora.ignite.store.TestIgniteStore#testGetWebPageDefaultFields,org.apache.gora.ignite.store.TestIgniteStore#testGetWebPageDefaultFields
gora,https://github.com/apache/gora,6c6b06c916b969352a6757ba7025cc78055fa87a,gora-ignite,nondex,org.apache.gora.ignite.store.TestIgniteStore#testGetWithFields,org.apache.gora.ignite.store.TestIgniteStore#testGetWithFields
gora,https://github.com/apache/gora,6c6b06c916b969352a6757ba7025cc78055fa87a,gora-ignite,nondex,org.apache.gora.ignite.store.TestIgniteStore#testObjectFieldValue,org.apache.gora.ignite.store.TestIgniteStore#testObjectFieldValue
gora,https://github.com/apache/gora,6c6b06c916b969352a6757ba7025cc78055fa87a,gora-ignite,nondex,org.apache.gora.ignite.store.TestIgniteStore#testPutArray,org.apache.gora.ignite.store.TestIgniteStore#testPutArray
gora,https://github.com/apache/gora,6c6b06c916b969352a6757ba7025cc78055fa87a,gora-ignite,nondex,org.apache.gora.ignite.store.TestIgniteStore#testPutBytes,org.apache.gora.ignite.store.TestIgniteStore#testPutBytes
gora,https://github.com/apache/gora,6c6b06c916b969352a6757ba7025cc78055fa87a,gora-ignite,nondex,org.apache.gora.ignite.store.TestIgniteStore#testPutMap,org.apache.gora.ignite.store.TestIgniteStore#testPutMap
gora,https://github.com/apache/gora,6c6b06c916b969352a6757ba7025cc78055fa87a,gora-ignite,nondex,org.apache.gora.ignite.store.TestIgniteStore#testPutMixedMaps,org.apache.gora.ignite.store.TestIgniteStore#testPutMixedMaps
gora,https://github.com/apache/gora,6c6b06c916b969352a6757ba7025cc78055fa87a,gora-ignite,nondex,org.apache.gora.ignite.store.TestIgniteStore#testPutNested,org.apache.gora.ignite.store.TestIgniteStore#testPutNested
gora,https://github.com/apache/gora,6c6b06c916b969352a6757ba7025cc78055fa87a,gora-ignite,nondex,org.apache.gora.ignite.store.TestIgniteStore#testQuery,org.apache.gora.ignite.store.TestIgniteStore#testQuery
gora,https://github.com/apache/gora,6c6b06c916b969352a6757ba7025cc78055fa87a,gora-ignite,nondex,org.apache.gora.ignite.store.TestIgniteStore#testQueryEndKey,org.apache.gora.ignite.store.TestIgniteStore#testQueryEndKey
gora,https://github.com/apache/gora,6c6b06c916b969352a6757ba7025cc78055fa87a,gora-ignite,nondex,org.apache.gora.ignite.store.TestIgniteStore#testQueryKeyRange,org.apache.gora.ignite.store.TestIgniteStore#testQueryKeyRange
gora,https://github.com/apache/gora,6c6b06c916b969352a6757ba7025cc78055fa87a,gora-ignite,nondex,org.apache.gora.ignite.store.TestIgniteStore#testQueryStartKey,org.apache.gora.ignite.store.TestIgniteStore#testQueryStartKey
gora,https://github.com/apache/gora,6c6b06c916b969352a6757ba7025cc78055fa87a,gora-ignite,nondex,org.apache.gora.ignite.store.TestIgniteStore#testQueryWebPageSingleKey,org.apache.gora.ignite.store.TestIgniteStore#testQueryWebPageSingleKey
gora,https://github.com/apache/gora,6c6b06c916b969352a6757ba7025cc78055fa87a,gora-ignite,nondex,org.apache.gora.ignite.store.TestIgniteStore#testQueryWebPageSingleKeyDefaultFields,org.apache.gora.ignite.store.TestIgniteStore#testQueryWebPageSingleKeyDefaultFields
gora,https://github.com/apache/gora,6c6b06c916b969352a6757ba7025cc78055fa87a,gora-ignite,nondex,org.apache.gora.ignite.store.TestIgniteStore#testUpdate,org.apache.gora.ignite.store.TestIgniteStore#testUpdate
groupmeal-java-sdk,https://github.com/Meituan-Dianping/groupmeal-java-sdk,39547d3c2568eba11cab02c18827a68478d7cb47,.,nondex,JsonTest#payCallBackParam,JsonTest#payCallBackParam
gson,https://github.com/google/gson,e685705b2bf3ae174958612a185bd231c0e0c5d9,gson,nondex,com.google.gson.MixedStreamTest#testWriteMixedStreamed,com.google.gson.MixedStreamTest#testWriteMixedStreamed
gson,https://github.com/google/gson,e685705b2bf3ae174958612a185bd231c0e0c5d9,gson,nondex,com.google.gson.ObjectTypeAdapterTest#testSerialize,com.google.gson.ObjectTypeAdapterTest#testSerialize
gson,https://github.com/google/gson,e685705b2bf3ae174958612a185bd231c0e0c5d9,gson,nondex,com.google.gson.functional.CollectionTest#testCollectionOfBagOfPrimitivesSerialization,com.google.gson.functional.CollectionTest#testCollectionOfBagOfPrimitivesSerialization
gson,https://github.com/google/gson,e685705b2bf3ae174958612a185bd231c0e0c5d9,gson,nondex,com.google.gson.functional.CollectionTest#testObjectCollectionSerialization,com.google.gson.functional.CollectionTest#testObjectCollectionSerialization
gson,https://github.com/google/gson,e685705b2bf3ae174958612a185bd231c0e0c5d9,gson,nondex,com.google.gson.functional.CollectionTest#testPriorityQueue,com.google.gson.functional.CollectionTest#testPriorityQueue
gson,https://github.com/google/gson,e685705b2bf3ae174958612a185bd231c0e0c5d9,gson,nondex,com.google.gson.functional.CollectionTest#testWildcardCollectionField,com.google.gson.functional.CollectionTest#testWildcardCollectionField
gson,https://github.com/google/gson,e685705b2bf3ae174958612a185bd231c0e0c5d9,gson,nondex,com.google.gson.functional.CustomTypeAdaptersTest#testCustomNestedSerializers,com.google.gson.functional.CustomTypeAdaptersTest#testCustomNestedSerializers
gson,https://github.com/google/gson,e685705b2bf3ae174958612a185bd231c0e0c5d9,gson,nondex,com.google.gson.functional.EnumTest#testClassWithEnumFieldSerialization,com.google.gson.functional.EnumTest#testClassWithEnumFieldSerialization
gson,https://github.com/google/gson,e685705b2bf3ae174958612a185bd231c0e0c5d9,gson,nondex,com.google.gson.functional.ExposeFieldsTest#testExposeAnnotationSerialization,com.google.gson.functional.ExposeFieldsTest#testExposeAnnotationSerialization
gson,https://github.com/google/gson,e685705b2bf3ae174958612a185bd231c0e0c5d9,gson,nondex,com.google.gson.functional.FieldNamingTest#testIdentity,com.google.gson.functional.FieldNamingTest#testIdentity
gson,https://github.com/google/gson,e685705b2bf3ae174958612a185bd231c0e0c5d9,gson,nondex,com.google.gson.functional.FieldNamingTest#testLowerCaseWithDashes,com.google.gson.functional.FieldNamingTest#testLowerCaseWithDashes
gson,https://github.com/google/gson,e685705b2bf3ae174958612a185bd231c0e0c5d9,gson,nondex,com.google.gson.functional.FieldNamingTest#testLowerCaseWithUnderscores,com.google.gson.functional.FieldNamingTest#testLowerCaseWithUnderscores
gson,https://github.com/google/gson,e685705b2bf3ae174958612a185bd231c0e0c5d9,gson,nondex,com.google.gson.functional.FieldNamingTest#testUpperCamelCase,com.google.gson.functional.FieldNamingTest#testUpperCamelCase
gson,https://github.com/google/gson,e685705b2bf3ae174958612a185bd231c0e0c5d9,gson,nondex,com.google.gson.functional.FieldNamingTest#testUpperCamelCaseWithSpaces,com.google.gson.functional.FieldNamingTest#testUpperCamelCaseWithSpaces
gson,https://github.com/google/gson,e685705b2bf3ae174958612a185bd231c0e0c5d9,gson,nondex,com.google.gson.functional.FieldNamingTest#testUpperCaseWithUnderscores,com.google.gson.functional.FieldNamingTest#testUpperCaseWithUnderscores
gson,https://github.com/google/gson,e685705b2bf3ae174958612a185bd231c0e0c5d9,gson,nondex,com.google.gson.functional.InheritanceTest#testSubClassSerialization,com.google.gson.functional.InheritanceTest#testSubClassSerialization
gson,https://github.com/google/gson,e685705b2bf3ae174958612a185bd231c0e0c5d9,gson,nondex,com.google.gson.functional.InheritanceTest#testSubInterfacesOfCollectionSerialization,com.google.gson.functional.InheritanceTest#testSubInterfacesOfCollectionSerialization
gson,https://github.com/google/gson,e685705b2bf3ae174958612a185bd231c0e0c5d9,gson,nondex,com.google.gson.functional.JsonAdapterAnnotationOnFieldsTest#testExcludeDeserializePrecedence,com.google.gson.functional.JsonAdapterAnnotationOnFieldsTest#testExcludeDeserializePrecedence
gson,https://github.com/google/gson,e685705b2bf3ae174958612a185bd231c0e0c5d9,gson,nondex,com.google.gson.functional.JsonAdapterSerializerDeserializerTest#testJsonAdapterNullSafe,com.google.gson.functional.JsonAdapterSerializerDeserializerTest#testJsonAdapterNullSafe
gson,https://github.com/google/gson,e685705b2bf3ae174958612a185bd231c0e0c5d9,gson,nondex,com.google.gson.functional.JsonAdapterSerializerDeserializerTest#testJsonSerializerDeserializerBasedJsonAdapterOnFields,com.google.gson.functional.JsonAdapterSerializerDeserializerTest#testJsonSerializerDeserializerBasedJsonAdapterOnFields
gson,https://github.com/google/gson,e685705b2bf3ae174958612a185bd231c0e0c5d9,gson,nondex,com.google.gson.functional.MapAsArrayTypeAdapterTest#testMapWithTypeVariableSerialization,com.google.gson.functional.MapAsArrayTypeAdapterTest#testMapWithTypeVariableSerialization
gson,https://github.com/google/gson,e685705b2bf3ae174958612a185bd231c0e0c5d9,gson,nondex,com.google.gson.functional.MapAsArrayTypeAdapterTest#testMultipleEnableComplexKeyRegistrationHasNoEffect,com.google.gson.functional.MapAsArrayTypeAdapterTest#testMultipleEnableComplexKeyRegistrationHasNoEffect
gson,https://github.com/google/gson,e685705b2bf3ae174958612a185bd231c0e0c5d9,gson,nondex,com.google.gson.functional.MapAsArrayTypeAdapterTest#testSerializeComplexMapWithTypeAdapter,com.google.gson.functional.MapAsArrayTypeAdapterTest#testSerializeComplexMapWithTypeAdapter
gson,https://github.com/google/gson,e685705b2bf3ae174958612a185bd231c0e0c5d9,gson,nondex,com.google.gson.functional.MapTest#testInterfaceTypeMap,com.google.gson.functional.MapTest#testInterfaceTypeMap
gson,https://github.com/google/gson,e685705b2bf3ae174958612a185bd231c0e0c5d9,gson,nondex,com.google.gson.functional.MapTest#testInterfaceTypeMapWithSerializer,com.google.gson.functional.MapTest#testInterfaceTypeMapWithSerializer
gson,https://github.com/google/gson,e685705b2bf3ae174958612a185bd231c0e0c5d9,gson,nondex,com.google.gson.functional.NamingPolicyTest#testGsonDuplicateNameDueToBadNamingPolicy,com.google.gson.functional.NamingPolicyTest#testGsonDuplicateNameDueToBadNamingPolicy
gson,https://github.com/google/gson,e685705b2bf3ae174958612a185bd231c0e0c5d9,gson,nondex,com.google.gson.functional.ObjectTest#testArrayOfArraysSerialization,com.google.gson.functional.ObjectTest#testArrayOfArraysSerialization
gson,https://github.com/google/gson,e685705b2bf3ae174958612a185bd231c0e0c5d9,gson,nondex,com.google.gson.functional.ObjectTest#testArrayOfObjectsSerialization,com.google.gson.functional.ObjectTest#testArrayOfObjectsSerialization
gson,https://github.com/google/gson,e685705b2bf3ae174958612a185bd231c0e0c5d9,gson,nondex,com.google.gson.functional.ObjectTest#testBagOfPrimitiveWrappersSerialization,com.google.gson.functional.ObjectTest#testBagOfPrimitiveWrappersSerialization
gson,https://github.com/google/gson,e685705b2bf3ae174958612a185bd231c0e0c5d9,gson,nondex,com.google.gson.functional.ObjectTest#testBagOfPrimitivesSerialization,com.google.gson.functional.ObjectTest#testBagOfPrimitivesSerialization
gson,https://github.com/google/gson,e685705b2bf3ae174958612a185bd231c0e0c5d9,gson,nondex,com.google.gson.functional.ObjectTest#testNestedSerialization,com.google.gson.functional.ObjectTest#testNestedSerialization
gson,https://github.com/google/gson,e685705b2bf3ae174958612a185bd231c0e0c5d9,gson,nondex,com.google.gson.functional.ObjectTest#testNullFieldsSerialization,com.google.gson.functional.ObjectTest#testNullFieldsSerialization
gson,https://github.com/google/gson,e685705b2bf3ae174958612a185bd231c0e0c5d9,gson,nondex,com.google.gson.functional.ObjectTest#testSingletonLists,com.google.gson.functional.ObjectTest#testSingletonLists
gson,https://github.com/google/gson,e685705b2bf3ae174958612a185bd231c0e0c5d9,gson,nondex,com.google.gson.functional.ParameterizedTypesTest#testTypesWithMultipleParametersSerialization,com.google.gson.functional.ParameterizedTypesTest#testTypesWithMultipleParametersSerialization
gson,https://github.com/google/gson,e685705b2bf3ae174958612a185bd231c0e0c5d9,gson,nondex,com.google.gson.functional.ParameterizedTypesTest#testVariableTypeFieldsAndGenericArraysDeserialization,com.google.gson.functional.ParameterizedTypesTest#testVariableTypeFieldsAndGenericArraysDeserialization
gson,https://github.com/google/gson,e685705b2bf3ae174958612a185bd231c0e0c5d9,gson,nondex,com.google.gson.functional.ParameterizedTypesTest#testVariableTypeFieldsAndGenericArraysSerialization,com.google.gson.functional.ParameterizedTypesTest#testVariableTypeFieldsAndGenericArraysSerialization
gson,https://github.com/google/gson,e685705b2bf3ae174958612a185bd231c0e0c5d9,gson,nondex,com.google.gson.functional.ReadersWritersTest#testWriterForSerialization,com.google.gson.functional.ReadersWritersTest#testWriterForSerialization
gson,https://github.com/google/gson,e685705b2bf3ae174958612a185bd231c0e0c5d9,gson,nondex,com.google.gson.functional.ReflectionAccessFilterTest#testBlockInaccessibleJavaExtendingJdkClass,com.google.gson.functional.ReflectionAccessFilterTest#testBlockInaccessibleJavaExtendingJdkClass
gson,https://github.com/google/gson,e685705b2bf3ae174958612a185bd231c0e0c5d9,gson,nondex,com.google.gson.functional.SerializedNameTest#testFirstNameIsChosenForSerialization,com.google.gson.functional.SerializedNameTest#testFirstNameIsChosenForSerialization
gson,https://github.com/google/gson,e685705b2bf3ae174958612a185bd231c0e0c5d9,gson,nondex,com.google.gson.functional.StreamingTypeAdaptersTest#testNullSafe,com.google.gson.functional.StreamingTypeAdaptersTest#testNullSafe
gson,https://github.com/google/gson,e685705b2bf3ae174958612a185bd231c0e0c5d9,gson,nondex,com.google.gson.functional.StreamingTypeAdaptersTest#testSerialize,com.google.gson.functional.StreamingTypeAdaptersTest#testSerialize
gson,https://github.com/google/gson,e685705b2bf3ae174958612a185bd231c0e0c5d9,gson,nondex,com.google.gson.functional.StreamingTypeAdaptersTest#testSerializeNullField,com.google.gson.functional.StreamingTypeAdaptersTest#testSerializeNullField
gson,https://github.com/google/gson,e685705b2bf3ae174958612a185bd231c0e0c5d9,gson,nondex,com.google.gson.functional.StreamingTypeAdaptersTest#testSerializeNullObject,com.google.gson.functional.StreamingTypeAdaptersTest#testSerializeNullObject
gson,https://github.com/google/gson,e685705b2bf3ae174958612a185bd231c0e0c5d9,gson,nondex,com.google.gson.functional.StreamingTypeAdaptersTest#testSerializeRecursive,com.google.gson.functional.StreamingTypeAdaptersTest#testSerializeRecursive
gson,https://github.com/google/gson,e685705b2bf3ae174958612a185bd231c0e0c5d9,gson,nondex,com.google.gson.functional.StreamingTypeAdaptersTest#testSerializeWithCustomTypeAdapter,com.google.gson.functional.StreamingTypeAdaptersTest#testSerializeWithCustomTypeAdapter
gson,https://github.com/google/gson,e685705b2bf3ae174958612a185bd231c0e0c5d9,gson,nondex,com.google.gson.functional.TypeVariableTest#testTypeVariablesViaTypeParameter,com.google.gson.functional.TypeVariableTest#testTypeVariablesViaTypeParameter
gson,https://github.com/google/gson,e685705b2bf3ae174958612a185bd231c0e0c5d9,gson,nondex,com.google.gson.functional.VersioningTest#testVersionedClassesSerialization,com.google.gson.functional.VersioningTest#testVersionedClassesSerialization
gson,https://github.com/google/gson,e685705b2bf3ae174958612a185bd231c0e0c5d9,gson,nondex,com.google.gson.functional.VersioningTest#testVersionedGsonWithUnversionedClassesSerialization,com.google.gson.functional.VersioningTest#testVersionedGsonWithUnversionedClassesSerialization
hop,https://github.com/apache/hop,be70e6fa1d4bf180c2766edc4c21d10fc215118b,core,idflakies,org.apache.hop.core.extension.ExtensionPointIntegrationTest.test,org.apache.hop.core.extension.ExtensionPointIntegrationTest#test
hop,https://github.com/apache/hop,be70e6fa1d4bf180c2766edc4c21d10fc215118b,core,nondex,org.apache.hop.core.row.value.ValueMetaAvroRecordTest#testStoreLoadMetaInJson,org.apache.hop.core.row.value.ValueMetaAvroRecordTest#testStoreLoadMetaInJson
hop,https://github.com/apache/hop,be70e6fa1d4bf180c2766edc4c21d10fc215118b,core,nondex,org.apache.hop.core.svg.HopSvgGraphics2DTest#testNewDocumentSimpleXml,org.apache.hop.core.svg.HopSvgGraphics2DTest#testNewDocumentSimpleXml
hop,https://github.com/apache/hop,be70e6fa1d4bf180c2766edc4c21d10fc215118b,core,nondex,org.apache.hop.core.svg.HopSvgGraphics2DTest#testNewDocumentXml,org.apache.hop.core.svg.HopSvgGraphics2DTest#testNewDocumentXml
ignite-3,https://github.com/apache/ignite-3,a1aa7fd4e2398c72827777ec5417d67915ff4da3,modules/core,nondex,org.apache.ignite.internal.tostring.IgniteToStringBuilderSelfTest#testHierarchy,org.apache.ignite.internal.tostring.IgniteToStringBuilderSelfTest#testHierarchy
ignite-3,https://github.com/apache/ignite-3,a1aa7fd4e2398c72827777ec5417d67915ff4da3,modules/core,nondex,org.apache.ignite.internal.tostring.IgniteToStringBuilderSelfTest#testToString,org.apache.ignite.internal.tostring.IgniteToStringBuilderSelfTest#testToString
ignite-3,https://github.com/apache/ignite-3,a1aa7fd4e2398c72827777ec5417d67915ff4da3,modules/core,nondex,org.apache.ignite.internal.tostring.IgniteToStringBuilderSelfTest#testToStringCheckConcurrentModificationExceptionFromMap,org.apache.ignite.internal.tostring.IgniteToStringBuilderSelfTest#testToStringCheckConcurrentModificationExceptionFromMap
ignite-3,https://github.com/apache/ignite-3,a1aa7fd4e2398c72827777ec5417d67915ff4da3,modules/core,nondex,org.apache.ignite.internal.tostring.IgniteToStringBuilderSelfTest#testToStringSizeLimits,org.apache.ignite.internal.tostring.IgniteToStringBuilderSelfTest#testToStringSizeLimits
ignite-3,https://github.com/apache/ignite-3,a1aa7fd4e2398c72827777ec5417d67915ff4da3,modules/core,nondex,org.apache.ignite.internal.tostring.IgniteToStringBuilderSelfTest#testToStringWithAdditions,org.apache.ignite.internal.tostring.IgniteToStringBuilderSelfTest#testToStringWithAdditions
incubator-kie-drools,https://github.com/apache/incubator-kie-drools,8440dc2d4b95412a05a3c7b9501993e1ace9b496,drools-alphanetwork-compiler,nondex,org.drools.ancompiler.AlphaNetworkCompilerTest#testAlphaConstraintWithModification,org.drools.ancompiler.AlphaNetworkCompilerTest#testAlphaConstraintWithModification
incubator-kie-drools,https://github.com/apache/incubator-kie-drools,8440dc2d4b95412a05a3c7b9501993e1ace9b496,drools-alphanetwork-compiler,nondex,org.drools.ancompiler.AlphaNetworkCompilerTest#testHashedInteger,org.drools.ancompiler.AlphaNetworkCompilerTest#testHashedInteger
incubator-kie-drools,https://github.com/apache/incubator-kie-drools,8440dc2d4b95412a05a3c7b9501993e1ace9b496,drools-alphanetwork-compiler,nondex,org.drools.ancompiler.AlphaNetworkCompilerTest#testNodeHashingWith2LevelConditionsCheckFirstCondition,org.drools.ancompiler.AlphaNetworkCompilerTest#testNodeHashingWith2LevelConditionsCheckFirstCondition
incubator-kie-drools,https://github.com/apache/incubator-kie-drools,8440dc2d4b95412a05a3c7b9501993e1ace9b496,drools-alphanetwork-compiler,nondex,org.drools.ancompiler.AlphaNetworkCompilerTest#testNodeHashingWith2LevelConditionsCheckFirstConditionWithLong,org.drools.ancompiler.AlphaNetworkCompilerTest#testNodeHashingWith2LevelConditionsCheckFirstConditionWithLong
incubator-kie-drools,https://github.com/apache/incubator-kie-drools,8440dc2d4b95412a05a3c7b9501993e1ace9b496,drools-alphanetwork-compiler,nondex,org.drools.ancompiler.AlphaNetworkCompilerTest#testNodeHashingWithMultipleConditions,org.drools.ancompiler.AlphaNetworkCompilerTest#testNodeHashingWithMultipleConditions
incubator-kie-drools,https://github.com/apache/incubator-kie-drools,8440dc2d4b95412a05a3c7b9501993e1ace9b496,drools-alphanetwork-compiler,nondex,org.drools.ancompiler.AlphaNetworkCompilerTest#testNonHashedAlphaNode,org.drools.ancompiler.AlphaNetworkCompilerTest#testNonHashedAlphaNode
incubator-kie-drools,https://github.com/apache/incubator-kie-drools,8440dc2d4b95412a05a3c7b9501993e1ace9b496,drools-alphanetwork-compiler,nondex,org.drools.ancompiler.LargeAlphaNetworkTest#testLargeCompiledAlphaNetwork,org.drools.ancompiler.LargeAlphaNetworkTest#testLargeCompiledAlphaNetwork
incubator-kie-drools,https://github.com/apache/incubator-kie-drools,8440dc2d4b95412a05a3c7b9501993e1ace9b496,drools-alphanetwork-compiler,nondex,org.drools.ancompiler.MultipleIndexableConstraintsTest#testMultipleIndexedConstraintTest,org.drools.ancompiler.MultipleIndexableConstraintsTest#testMultipleIndexedConstraintTest
incubator-shenyu,https://github.com/apache/incubator-shenyu,3777209fc76800175df3962213ca1febe57edca6,shenyu-common,nondex,org.apache.shenyu.common.utils.GsonUtilsTest#testToJson,org.apache.shenyu.common.utils.GsonUtilsTest#testToJson
incubator-shenyu,https://github.com/apache/incubator-shenyu,3777209fc76800175df3962213ca1febe57edca6,shenyu-common,nondex,org.apache.shenyu.common.utils.JsonUtilsTest#toJson,org.apache.shenyu.common.utils.JsonUtilsTest#toJson
innodb-java-reader,https://github.com/alibaba/innodb-java-reader,24a95d8005d480d460c3004fad89cfa295b9cbb4,innodb-java-reader,nondex,com.alibaba.innodb.java.reader.sk.SimpleSkTableReaderTest#testQueryAllIteratorMysql56,com.alibaba.innodb.java.reader.sk.SimpleSkTableReaderTest#testQueryAllIteratorMysql56
innodb-java-reader,https://github.com/alibaba/innodb-java-reader,24a95d8005d480d460c3004fad89cfa295b9cbb4,innodb-java-reader,nondex,com.alibaba.innodb.java.reader.sk.SimpleSkTableReaderTest#testQueryAllIteratorMysql57,com.alibaba.innodb.java.reader.sk.SimpleSkTableReaderTest#testQueryAllIteratorMysql57
innodb-java-reader,https://github.com/alibaba/innodb-java-reader,24a95d8005d480d460c3004fad89cfa295b9cbb4,innodb-java-reader,nondex,com.alibaba.innodb.java.reader.sk.SimpleSkTableReaderTest#testQueryAllIteratorMysql80,com.alibaba.innodb.java.reader.sk.SimpleSkTableReaderTest#testQueryAllIteratorMysql80
innodb-java-reader,https://github.com/alibaba/innodb-java-reader,24a95d8005d480d460c3004fad89cfa295b9cbb4,innodb-java-reader,nondex,com.alibaba.innodb.java.reader.sk.SimpleSkTableReaderTest#testQueryBySkAddress56,com.alibaba.innodb.java.reader.sk.SimpleSkTableReaderTest#testQueryBySkAddress56
innodb-java-reader,https://github.com/alibaba/innodb-java-reader,24a95d8005d480d460c3004fad89cfa295b9cbb4,innodb-java-reader,nondex,com.alibaba.innodb.java.reader.sk.SimpleSkTableReaderTest#testQueryBySkAddress57,com.alibaba.innodb.java.reader.sk.SimpleSkTableReaderTest#testQueryBySkAddress57
innodb-java-reader,https://github.com/alibaba/innodb-java-reader,24a95d8005d480d460c3004fad89cfa295b9cbb4,innodb-java-reader,nondex,com.alibaba.innodb.java.reader.sk.SimpleSkTableReaderTest#testQueryBySkAddress80,com.alibaba.innodb.java.reader.sk.SimpleSkTableReaderTest#testQueryBySkAddress80
innodb-java-reader,https://github.com/alibaba/innodb-java-reader,24a95d8005d480d460c3004fad89cfa295b9cbb4,innodb-java-reader,nondex,com.alibaba.innodb.java.reader.sk.SimpleSkTableReaderTest#testQueryBySkAddressProjectionMysql56,com.alibaba.innodb.java.reader.sk.SimpleSkTableReaderTest#testQueryBySkAddressProjectionMysql56
innodb-java-reader,https://github.com/alibaba/innodb-java-reader,24a95d8005d480d460c3004fad89cfa295b9cbb4,innodb-java-reader,nondex,com.alibaba.innodb.java.reader.sk.SimpleSkTableReaderTest#testQueryBySkAddressProjectionMysql57,com.alibaba.innodb.java.reader.sk.SimpleSkTableReaderTest#testQueryBySkAddressProjectionMysql57
innodb-java-reader,https://github.com/alibaba/innodb-java-reader,24a95d8005d480d460c3004fad89cfa295b9cbb4,innodb-java-reader,nondex,com.alibaba.innodb.java.reader.sk.SimpleSkTableReaderTest#testQueryBySkAddressProjectionMysql80,com.alibaba.innodb.java.reader.sk.SimpleSkTableReaderTest#testQueryBySkAddressProjectionMysql80
innodb-java-reader,https://github.com/alibaba/innodb-java-reader,24a95d8005d480d460c3004fad89cfa295b9cbb4,innodb-java-reader,nondex,com.alibaba.innodb.java.reader.sk.SimpleSkTableReaderTest#testQueryBySkAgeDescMysql56,com.alibaba.innodb.java.reader.sk.SimpleSkTableReaderTest#testQueryBySkAgeDescMysql56
innodb-java-reader,https://github.com/alibaba/innodb-java-reader,24a95d8005d480d460c3004fad89cfa295b9cbb4,innodb-java-reader,nondex,com.alibaba.innodb.java.reader.sk.SimpleSkTableReaderTest#testQueryBySkAgeDescMysql57,com.alibaba.innodb.java.reader.sk.SimpleSkTableReaderTest#testQueryBySkAgeDescMysql57
innodb-java-reader,https://github.com/alibaba/innodb-java-reader,24a95d8005d480d460c3004fad89cfa295b9cbb4,innodb-java-reader,nondex,com.alibaba.innodb.java.reader.sk.SimpleSkTableReaderTest#testQueryBySkAgeDescMysql80,com.alibaba.innodb.java.reader.sk.SimpleSkTableReaderTest#testQueryBySkAgeDescMysql80
innodb-java-reader,https://github.com/alibaba/innodb-java-reader,24a95d8005d480d460c3004fad89cfa295b9cbb4,innodb-java-reader,nondex,com.alibaba.innodb.java.reader.sk.SimpleSkTableReaderTest#testQueryBySkAgeMysql56,com.alibaba.innodb.java.reader.sk.SimpleSkTableReaderTest#testQueryBySkAgeMysql56
innodb-java-reader,https://github.com/alibaba/innodb-java-reader,24a95d8005d480d460c3004fad89cfa295b9cbb4,innodb-java-reader,nondex,com.alibaba.innodb.java.reader.sk.SimpleSkTableReaderTest#testQueryBySkAgeMysql57,com.alibaba.innodb.java.reader.sk.SimpleSkTableReaderTest#testQueryBySkAgeMysql57
innodb-java-reader,https://github.com/alibaba/innodb-java-reader,24a95d8005d480d460c3004fad89cfa295b9cbb4,innodb-java-reader,nondex,com.alibaba.innodb.java.reader.sk.SimpleSkTableReaderTest#testQueryBySkAgeMysql80,com.alibaba.innodb.java.reader.sk.SimpleSkTableReaderTest#testQueryBySkAgeMysql80
innodb-java-reader,https://github.com/alibaba/innodb-java-reader,24a95d8005d480d460c3004fad89cfa295b9cbb4,innodb-java-reader,nondex,com.alibaba.innodb.java.reader.sk.SimpleSkTableReaderTest#testQueryBySkAgeProjectionDescMysql56,com.alibaba.innodb.java.reader.sk.SimpleSkTableReaderTest#testQueryBySkAgeProjectionDescMysql56
innodb-java-reader,https://github.com/alibaba/innodb-java-reader,24a95d8005d480d460c3004fad89cfa295b9cbb4,innodb-java-reader,nondex,com.alibaba.innodb.java.reader.sk.SimpleSkTableReaderTest#testQueryBySkAgeProjectionDescMysql57,com.alibaba.innodb.java.reader.sk.SimpleSkTableReaderTest#testQueryBySkAgeProjectionDescMysql57
innodb-java-reader,https://github.com/alibaba/innodb-java-reader,24a95d8005d480d460c3004fad89cfa295b9cbb4,innodb-java-reader,nondex,com.alibaba.innodb.java.reader.sk.SimpleSkTableReaderTest#testQueryBySkAgeProjectionDescMysql80,com.alibaba.innodb.java.reader.sk.SimpleSkTableReaderTest#testQueryBySkAgeProjectionDescMysql80
innodb-java-reader,https://github.com/alibaba/innodb-java-reader,24a95d8005d480d460c3004fad89cfa295b9cbb4,innodb-java-reader,nondex,com.alibaba.innodb.java.reader.sk.SimpleSkTableReaderTest#testQueryBySkAgeProjectionMysql56,com.alibaba.innodb.java.reader.sk.SimpleSkTableReaderTest#testQueryBySkAgeProjectionMysql56
innodb-java-reader,https://github.com/alibaba/innodb-java-reader,24a95d8005d480d460c3004fad89cfa295b9cbb4,innodb-java-reader,nondex,com.alibaba.innodb.java.reader.sk.SimpleSkTableReaderTest#testQueryBySkAgeProjectionMysql57,com.alibaba.innodb.java.reader.sk.SimpleSkTableReaderTest#testQueryBySkAgeProjectionMysql57
innodb-java-reader,https://github.com/alibaba/innodb-java-reader,24a95d8005d480d460c3004fad89cfa295b9cbb4,innodb-java-reader,nondex,com.alibaba.innodb.java.reader.sk.SimpleSkTableReaderTest#testQueryBySkAgeProjectionMysql80,com.alibaba.innodb.java.reader.sk.SimpleSkTableReaderTest#testQueryBySkAgeProjectionMysql80
innodb-java-reader,https://github.com/alibaba/innodb-java-reader,24a95d8005d480d460c3004fad89cfa295b9cbb4,innodb-java-reader,nondex,com.alibaba.innodb.java.reader.sk.SimpleSkTableReaderTest#testQueryBySkAgeSalaryMysql56,com.alibaba.innodb.java.reader.sk.SimpleSkTableReaderTest#testQueryBySkAgeSalaryMysql56
innodb-java-reader,https://github.com/alibaba/innodb-java-reader,24a95d8005d480d460c3004fad89cfa295b9cbb4,innodb-java-reader,nondex,com.alibaba.innodb.java.reader.sk.SimpleSkTableReaderTest#testQueryBySkAgeSalaryMysql57,com.alibaba.innodb.java.reader.sk.SimpleSkTableReaderTest#testQueryBySkAgeSalaryMysql57
innodb-java-reader,https://github.com/alibaba/innodb-java-reader,24a95d8005d480d460c3004fad89cfa295b9cbb4,innodb-java-reader,nondex,com.alibaba.innodb.java.reader.sk.SimpleSkTableReaderTest#testQueryBySkAgeSalaryMysql80,com.alibaba.innodb.java.reader.sk.SimpleSkTableReaderTest#testQueryBySkAgeSalaryMysql80
innodb-java-reader,https://github.com/alibaba/innodb-java-reader,24a95d8005d480d460c3004fad89cfa295b9cbb4,innodb-java-reader,nondex,com.alibaba.innodb.java.reader.sk.SimpleSkTableReaderTest#testQueryBySkCityMysql56,com.alibaba.innodb.java.reader.sk.SimpleSkTableReaderTest#testQueryBySkCityMysql56
innodb-java-reader,https://github.com/alibaba/innodb-java-reader,24a95d8005d480d460c3004fad89cfa295b9cbb4,innodb-java-reader,nondex,com.alibaba.innodb.java.reader.sk.SimpleSkTableReaderTest#testQueryBySkCityMysql57,com.alibaba.innodb.java.reader.sk.SimpleSkTableReaderTest#testQueryBySkCityMysql57
innodb-java-reader,https://github.com/alibaba/innodb-java-reader,24a95d8005d480d460c3004fad89cfa295b9cbb4,innodb-java-reader,nondex,com.alibaba.innodb.java.reader.sk.SimpleSkTableReaderTest#testQueryBySkCityMysql80,com.alibaba.innodb.java.reader.sk.SimpleSkTableReaderTest#testQueryBySkCityMysql80
innodb-java-reader,https://github.com/alibaba/innodb-java-reader,24a95d8005d480d460c3004fad89cfa295b9cbb4,innodb-java-reader,nondex,com.alibaba.innodb.java.reader.sk.SimpleSkTableReaderTest#testQueryBySkDeptnoLevelNameMysql56,com.alibaba.innodb.java.reader.sk.SimpleSkTableReaderTest#testQueryBySkDeptnoLevelNameMysql56
innodb-java-reader,https://github.com/alibaba/innodb-java-reader,24a95d8005d480d460c3004fad89cfa295b9cbb4,innodb-java-reader,nondex,com.alibaba.innodb.java.reader.sk.SimpleSkTableReaderTest#testQueryBySkDeptnoLevelNameMysql57,com.alibaba.innodb.java.reader.sk.SimpleSkTableReaderTest#testQueryBySkDeptnoLevelNameMysql57
innodb-java-reader,https://github.com/alibaba/innodb-java-reader,24a95d8005d480d460c3004fad89cfa295b9cbb4,innodb-java-reader,nondex,com.alibaba.innodb.java.reader.sk.SimpleSkTableReaderTest#testQueryBySkDeptnoLevelNameMysql80,com.alibaba.innodb.java.reader.sk.SimpleSkTableReaderTest#testQueryBySkDeptnoLevelNameMysql80
innodb-java-reader,https://github.com/alibaba/innodb-java-reader,24a95d8005d480d460c3004fad89cfa295b9cbb4,innodb-java-reader,nondex,com.alibaba.innodb.java.reader.sk.SimpleSkTableReaderTest#testQueryBySkEmailProjectionMysql56,com.alibaba.innodb.java.reader.sk.SimpleSkTableReaderTest#testQueryBySkEmailProjectionMysql56
innodb-java-reader,https://github.com/alibaba/innodb-java-reader,24a95d8005d480d460c3004fad89cfa295b9cbb4,innodb-java-reader,nondex,com.alibaba.innodb.java.reader.sk.SimpleSkTableReaderTest#testQueryBySkEmailProjectionMysql57,com.alibaba.innodb.java.reader.sk.SimpleSkTableReaderTest#testQueryBySkEmailProjectionMysql57
innodb-java-reader,https://github.com/alibaba/innodb-java-reader,24a95d8005d480d460c3004fad89cfa295b9cbb4,innodb-java-reader,nondex,com.alibaba.innodb.java.reader.sk.SimpleSkTableReaderTest#testQueryBySkEmailProjectionMysql80,com.alibaba.innodb.java.reader.sk.SimpleSkTableReaderTest#testQueryBySkEmailProjectionMysql80
innodb-java-reader,https://github.com/alibaba/innodb-java-reader,24a95d8005d480d460c3004fad89cfa295b9cbb4,innodb-java-reader,nondex,com.alibaba.innodb.java.reader.sk.SimpleSkTableReaderTest#testQueryBySkJoinDateMysql56,com.alibaba.innodb.java.reader.sk.SimpleSkTableReaderTest#testQueryBySkJoinDateMysql56
innodb-java-reader,https://github.com/alibaba/innodb-java-reader,24a95d8005d480d460c3004fad89cfa295b9cbb4,innodb-java-reader,nondex,com.alibaba.innodb.java.reader.sk.SimpleSkTableReaderTest#testQueryBySkJoinDateMysql57,com.alibaba.innodb.java.reader.sk.SimpleSkTableReaderTest#testQueryBySkJoinDateMysql57
innodb-java-reader,https://github.com/alibaba/innodb-java-reader,24a95d8005d480d460c3004fad89cfa295b9cbb4,innodb-java-reader,nondex,com.alibaba.innodb.java.reader.sk.SimpleSkTableReaderTest#testQueryBySkJoinDateMysql80,com.alibaba.innodb.java.reader.sk.SimpleSkTableReaderTest#testQueryBySkJoinDateMysql80
innodb-java-reader,https://github.com/alibaba/innodb-java-reader,24a95d8005d480d460c3004fad89cfa295b9cbb4,innodb-java-reader,nondex,com.alibaba.innodb.java.reader.sk.SimpleSkTableReaderTest#testQueryBySkLevel56,com.alibaba.innodb.java.reader.sk.SimpleSkTableReaderTest#testQueryBySkLevel56
innodb-java-reader,https://github.com/alibaba/innodb-java-reader,24a95d8005d480d460c3004fad89cfa295b9cbb4,innodb-java-reader,nondex,com.alibaba.innodb.java.reader.sk.SimpleSkTableReaderTest#testQueryBySkLevel57,com.alibaba.innodb.java.reader.sk.SimpleSkTableReaderTest#testQueryBySkLevel57
innodb-java-reader,https://github.com/alibaba/innodb-java-reader,24a95d8005d480d460c3004fad89cfa295b9cbb4,innodb-java-reader,nondex,com.alibaba.innodb.java.reader.sk.SimpleSkTableReaderTest#testQueryBySkLevel80,com.alibaba.innodb.java.reader.sk.SimpleSkTableReaderTest#testQueryBySkLevel80
innodb-java-reader,https://github.com/alibaba/innodb-java-reader,24a95d8005d480d460c3004fad89cfa295b9cbb4,innodb-java-reader,nondex,com.alibaba.innodb.java.reader.sk.SimpleSkTableReaderTest#testQueryBySkNameMysql56,com.alibaba.innodb.java.reader.sk.SimpleSkTableReaderTest#testQueryBySkNameMysql56
innodb-java-reader,https://github.com/alibaba/innodb-java-reader,24a95d8005d480d460c3004fad89cfa295b9cbb4,innodb-java-reader,nondex,com.alibaba.innodb.java.reader.sk.SimpleSkTableReaderTest#testQueryBySkNameMysql57,com.alibaba.innodb.java.reader.sk.SimpleSkTableReaderTest#testQueryBySkNameMysql57
innodb-java-reader,https://github.com/alibaba/innodb-java-reader,24a95d8005d480d460c3004fad89cfa295b9cbb4,innodb-java-reader,nondex,com.alibaba.innodb.java.reader.sk.SimpleSkTableReaderTest#testQueryBySkNameMysql80,com.alibaba.innodb.java.reader.sk.SimpleSkTableReaderTest#testQueryBySkNameMysql80
innodb-java-reader,https://github.com/alibaba/innodb-java-reader,24a95d8005d480d460c3004fad89cfa295b9cbb4,innodb-java-reader,nondex,com.alibaba.innodb.java.reader.sk.SimpleSkTableReaderTest#testQueryBySkPutOrdinal56,com.alibaba.innodb.java.reader.sk.SimpleSkTableReaderTest#testQueryBySkPutOrdinal56
innodb-java-reader,https://github.com/alibaba/innodb-java-reader,24a95d8005d480d460c3004fad89cfa295b9cbb4,innodb-java-reader,nondex,com.alibaba.innodb.java.reader.sk.SimpleSkTableReaderTest#testQueryBySkPutOrdinal57,com.alibaba.innodb.java.reader.sk.SimpleSkTableReaderTest#testQueryBySkPutOrdinal57
innodb-java-reader,https://github.com/alibaba/innodb-java-reader,24a95d8005d480d460c3004fad89cfa295b9cbb4,innodb-java-reader,nondex,com.alibaba.innodb.java.reader.sk.SimpleSkTableReaderTest#testQueryBySkPutOrdinal80,com.alibaba.innodb.java.reader.sk.SimpleSkTableReaderTest#testQueryBySkPutOrdinal80
iotdb,https://github.com/apache/iotdb,25a98ee165131047cda93dc92203db2ab9aecbc8,tsfile,nondex,org.apache.iotdb.tsfile.read.ReadInPartitionTest#test1,org.apache.iotdb.tsfile.read.ReadInPartitionTest#test1
iotdb,https://github.com/apache/iotdb,25a98ee165131047cda93dc92203db2ab9aecbc8,tsfile,nondex,org.apache.iotdb.tsfile.read.ReadInPartitionTest#test3,org.apache.iotdb.tsfile.read.ReadInPartitionTest#test3
iotdb,https://github.com/apache/iotdb,25a98ee165131047cda93dc92203db2ab9aecbc8,tsfile,nondex,org.apache.iotdb.tsfile.read.controller.IMetadataQuerierByFileImplTest#testConvert1,org.apache.iotdb.tsfile.read.controller.IMetadataQuerierByFileImplTest#testConvert1
iotdb,https://github.com/apache/iotdb,25a98ee165131047cda93dc92203db2ab9aecbc8,tsfile,nondex,org.apache.iotdb.tsfile.read.controller.IMetadataQuerierByFileImplTest#testConvert2,org.apache.iotdb.tsfile.read.controller.IMetadataQuerierByFileImplTest#testConvert2
iotdb,https://github.com/apache/iotdb,25a98ee165131047cda93dc92203db2ab9aecbc8,tsfile,nondex,org.apache.iotdb.tsfile.write.schema.converter.SchemaBuilderTest#testJsonConverter2,org.apache.iotdb.tsfile.write.schema.converter.SchemaBuilderTest#testJsonConverter2
iotdb,https://github.com/apache/iotdb,25a98ee165131047cda93dc92203db2ab9aecbc8,tsfile,nondex,org.apache.iotdb.tsfile.write.schema.converter.SchemaBuilderTest#testJsonConverter3,org.apache.iotdb.tsfile.write.schema.converter.SchemaBuilderTest#testJsonConverter3
jackson-annotations,https://github.com/FasterXML/jackson-annotations,381d6abcefd0e5fd19529f244173313b7f91954f,.,nondex,com.fasterxml.jackson.annotation.JsonIncludePropertiesTest#testFromAnnotation,com.fasterxml.jackson.annotation.JsonIncludePropertiesTest#testFromAnnotation
java-classmate,https://github.com/FasterXML/java-classmate,912adde71f67719c7b1ed7df3c7ba28e8ba97876,.,nondex,com.fasterxml.classmate.members.GhostTypeParameterInFieldTest#testGhostTypeParameterWithClass,com.fasterxml.classmate.members.GhostTypeParameterInFieldTest#testGhostTypeParameterWithClass
java-classmate,https://github.com/FasterXML/java-classmate,912adde71f67719c7b1ed7df3c7ba28e8ba97876,.,nondex,com.fasterxml.classmate.members.GhostTypeParameterInFieldTest#testGhostTypeParameterWithInterface,com.fasterxml.classmate.members.GhostTypeParameterInFieldTest#testGhostTypeParameterWithInterface
java-sdk-core,https://github.com/IBM/java-sdk-core,1bfa41c6ca27265866abb91d66ea99223668296a,.,nondex,com.ibm.cloud.sdk.core.test.model.DynamicModelSerializationTest#testAddlPropsNull,com.ibm.cloud.sdk.core.test.model.DynamicModelSerializationTest#testAddlPropsNull
java-sdk-core,https://github.com/IBM/java-sdk-core,1bfa41c6ca27265866abb91d66ea99223668296a,.,nondex,com.ibm.cloud.sdk.core.test.model.DynamicModelSerializationTest#testAlternatePropertyNames,com.ibm.cloud.sdk.core.test.model.DynamicModelSerializationTest#testAlternatePropertyNames
java-sdk-core,https://github.com/IBM/java-sdk-core,1bfa41c6ca27265866abb91d66ea99223668296a,.,nondex,com.ibm.cloud.sdk.core.test.model.DynamicModelSerializationTest#testDynamicModelMethods,com.ibm.cloud.sdk.core.test.model.DynamicModelSerializationTest#testDynamicModelMethods
java-sdk-core,https://github.com/IBM/java-sdk-core,1bfa41c6ca27265866abb91d66ea99223668296a,.,nondex,com.ibm.cloud.sdk.core.test.model.DynamicModelSerializationTest#testModelAPFoo,com.ibm.cloud.sdk.core.test.model.DynamicModelSerializationTest#testModelAPFoo
java-sdk-core,https://github.com/IBM/java-sdk-core,1bfa41c6ca27265866abb91d66ea99223668296a,.,nondex,com.ibm.cloud.sdk.core.test.model.DynamicModelSerializationTest#testModelAPFooNullTypeToken,com.ibm.cloud.sdk.core.test.model.DynamicModelSerializationTest#testModelAPFooNullTypeToken
java-sdk-core,https://github.com/IBM/java-sdk-core,1bfa41c6ca27265866abb91d66ea99223668296a,.,nondex,com.ibm.cloud.sdk.core.test.model.DynamicModelSerializationTest#testModelAPInteger,com.ibm.cloud.sdk.core.test.model.DynamicModelSerializationTest#testModelAPInteger
java-sdk-core,https://github.com/IBM/java-sdk-core,1bfa41c6ca27265866abb91d66ea99223668296a,.,nondex,com.ibm.cloud.sdk.core.test.model.DynamicModelSerializationTest#testModelAPObject,com.ibm.cloud.sdk.core.test.model.DynamicModelSerializationTest#testModelAPObject
java-sdk-core,https://github.com/IBM/java-sdk-core,1bfa41c6ca27265866abb91d66ea99223668296a,.,nondex,com.ibm.cloud.sdk.core.test.model.DynamicModelSerializationTest#testModelAPProtectedCtor,com.ibm.cloud.sdk.core.test.model.DynamicModelSerializationTest#testModelAPProtectedCtor
java-sdk-core,https://github.com/IBM/java-sdk-core,1bfa41c6ca27265866abb91d66ea99223668296a,.,nondex,com.ibm.cloud.sdk.core.test.model.DynamicModelSerializationTest#testModelAPString,com.ibm.cloud.sdk.core.test.model.DynamicModelSerializationTest#testModelAPString
java-sdk-core,https://github.com/IBM/java-sdk-core,1bfa41c6ca27265866abb91d66ea99223668296a,.,nondex,com.ibm.cloud.sdk.core.test.model.DynamicModelSerializationTest#testNullValues,com.ibm.cloud.sdk.core.test.model.DynamicModelSerializationTest#testNullValues
java-sdk-core,https://github.com/IBM/java-sdk-core,1bfa41c6ca27265866abb91d66ea99223668296a,.,nondex,com.ibm.cloud.sdk.core.test.service.RequestBuilderTest#testBodyContent1,com.ibm.cloud.sdk.core.test.service.RequestBuilderTest#testBodyContent1
java-sdk-core,https://github.com/IBM/java-sdk-core,1bfa41c6ca27265866abb91d66ea99223668296a,.,nondex,com.ibm.cloud.sdk.core.test.service.RequestBuilderTest#testBodyContent3,com.ibm.cloud.sdk.core.test.service.RequestBuilderTest#testBodyContent3
java-sdk-core,https://github.com/IBM/java-sdk-core,1bfa41c6ca27265866abb91d66ea99223668296a,.,nondex,com.ibm.cloud.sdk.core.test.service.RequestBuilderTest#testBodyContentList,com.ibm.cloud.sdk.core.test.service.RequestBuilderTest#testBodyContentList
java-sdk-core,https://github.com/IBM/java-sdk-core,1bfa41c6ca27265866abb91d66ea99223668296a,.,nondex,com.ibm.cloud.sdk.core.util.RequestUtilsTest#testOmitWithNulls,com.ibm.cloud.sdk.core.util.RequestUtilsTest#testOmitWithNulls
java-sdk-core,https://github.com/IBM/java-sdk-core,1bfa41c6ca27265866abb91d66ea99223668296a,.,nondex,com.ibm.cloud.sdk.core.util.RequestUtilsTest#testPickWithNulls,com.ibm.cloud.sdk.core.util.RequestUtilsTest#testPickWithNulls
java-util,https://github.com/jdereg/java-util,245458a912e04bf85116b10f240e7b4be217cd4f,.,nondex,com.cedarsoftware.util.TestGraphComparator#testNewArrayElement,com.cedarsoftware.util.TestGraphComparator#testNewArrayElement
jbpm,https://github.com/kiegroup/jbpm,f7e80e82b7670c09485ce83869a287ef51dcb59c,jbpm-case-mgmt/jbpm-case-mgmt-impl,nondex,org.jbpm.casemgmt.impl.AdHocConditionsTest#testEnrichmentFlowNotValidDirectlyApproved,org.jbpm.casemgmt.impl.AdHocConditionsTest#testEnrichmentFlowNotValidDirectlyApproved
jbpm,https://github.com/kiegroup/jbpm,f7e80e82b7670c09485ce83869a287ef51dcb59c,jbpm-case-mgmt/jbpm-case-mgmt-impl,nondex,org.jbpm.casemgmt.impl.AdHocConditionsTest#testEnrichmentFlowNotValidDirectlyRejected,org.jbpm.casemgmt.impl.AdHocConditionsTest#testEnrichmentFlowNotValidDirectlyRejected
jbpm,https://github.com/kiegroup/jbpm,f7e80e82b7670c09485ce83869a287ef51dcb59c,jbpm-case-mgmt/jbpm-case-mgmt-impl,nondex,org.jbpm.casemgmt.impl.AdHocConditionsTest#testEnrichmentFlowNotValidManuallyApproved,org.jbpm.casemgmt.impl.AdHocConditionsTest#testEnrichmentFlowNotValidManuallyApproved
jbpm,https://github.com/kiegroup/jbpm,f7e80e82b7670c09485ce83869a287ef51dcb59c,jbpm-case-mgmt/jbpm-case-mgmt-impl,nondex,org.jbpm.casemgmt.impl.AdHocConditionsTest#testEnrichmentFlowNotValidManuallyRejected,org.jbpm.casemgmt.impl.AdHocConditionsTest#testEnrichmentFlowNotValidManuallyRejected
jbpm,https://github.com/kiegroup/jbpm,f7e80e82b7670c09485ce83869a287ef51dcb59c,jbpm-case-mgmt/jbpm-case-mgmt-impl,nondex,org.jbpm.casemgmt.impl.AdvanceCaseRuntimeDataServiceImplTest#queryCaseByVariablesAndTask,org.jbpm.casemgmt.impl.AdvanceCaseRuntimeDataServiceImplTest#queryCaseByVariablesAndTask
jbpm,https://github.com/kiegroup/jbpm,f7e80e82b7670c09485ce83869a287ef51dcb59c,jbpm-case-mgmt/jbpm-case-mgmt-impl,nondex,org.jbpm.casemgmt.impl.AdvanceCaseRuntimeDataServiceImplTest#testQueryCaseByVariablesAndTaskByPotOwnersDefaultALL,org.jbpm.casemgmt.impl.AdvanceCaseRuntimeDataServiceImplTest#testQueryCaseByVariablesAndTaskByPotOwnersDefaultALL
jbpm,https://github.com/kiegroup/jbpm,f7e80e82b7670c09485ce83869a287ef51dcb59c,jbpm-case-mgmt/jbpm-case-mgmt-impl,nondex,org.jbpm.casemgmt.impl.AdvanceCaseRuntimeDataServiceImplTest#testQueryCaseByVariablesAndTaskByPotOwnersDefaultANY,org.jbpm.casemgmt.impl.AdvanceCaseRuntimeDataServiceImplTest#testQueryCaseByVariablesAndTaskByPotOwnersDefaultANY
jbpm,https://github.com/kiegroup/jbpm,f7e80e82b7670c09485ce83869a287ef51dcb59c,jbpm-case-mgmt/jbpm-case-mgmt-impl,nondex,org.jbpm.casemgmt.impl.AdvanceCaseRuntimeDataServiceImplTest#testQueryUserTasksByVariablesByPotOwnersANY,org.jbpm.casemgmt.impl.AdvanceCaseRuntimeDataServiceImplTest#testQueryUserTasksByVariablesByPotOwnersANY
jbpm,https://github.com/kiegroup/jbpm,f7e80e82b7670c09485ce83869a287ef51dcb59c,jbpm-case-mgmt/jbpm-case-mgmt-impl,nondex,org.jbpm.casemgmt.impl.AdvanceCaseRuntimeDataServiceImplTest#testQueryUserTasksByVariablesByPotOwnersDefaultALL,org.jbpm.casemgmt.impl.AdvanceCaseRuntimeDataServiceImplTest#testQueryUserTasksByVariablesByPotOwnersDefaultALL
jbpm,https://github.com/kiegroup/jbpm,f7e80e82b7670c09485ce83869a287ef51dcb59c,jbpm-case-mgmt/jbpm-case-mgmt-impl,nondex,org.jbpm.casemgmt.impl.AdvanceCaseRuntimeDataServiceImplTest#testSearchByVariable,org.jbpm.casemgmt.impl.AdvanceCaseRuntimeDataServiceImplTest#testSearchByVariable
jbpm,https://github.com/kiegroup/jbpm,f7e80e82b7670c09485ce83869a287ef51dcb59c,jbpm-case-mgmt/jbpm-case-mgmt-impl,nondex,org.jbpm.casemgmt.impl.AdvanceCaseRuntimeDataServiceImplTest#testSearchUserByVariable,org.jbpm.casemgmt.impl.AdvanceCaseRuntimeDataServiceImplTest#testSearchUserByVariable
jbpm,https://github.com/kiegroup/jbpm,f7e80e82b7670c09485ce83869a287ef51dcb59c,jbpm-case-mgmt/jbpm-case-mgmt-impl,nondex,org.jbpm.casemgmt.impl.CMMNCaseTest#testAchieveMilestoneAfterReopen,org.jbpm.casemgmt.impl.CMMNCaseTest#testAchieveMilestoneAfterReopen
jbpm,https://github.com/kiegroup/jbpm,f7e80e82b7670c09485ce83869a287ef51dcb59c,jbpm-case-mgmt/jbpm-case-mgmt-impl,nondex,org.jbpm.casemgmt.impl.CMMNCaseTest#testAchieveMilestoneBeforeReopen,org.jbpm.casemgmt.impl.CMMNCaseTest#testAchieveMilestoneBeforeReopen
jbpm,https://github.com/kiegroup/jbpm,f7e80e82b7670c09485ce83869a287ef51dcb59c,jbpm-case-mgmt/jbpm-case-mgmt-impl,nondex,org.jbpm.casemgmt.impl.CMMNCaseTest#testStartDMNDecisionTaskCase,org.jbpm.casemgmt.impl.CMMNCaseTest#testStartDMNDecisionTaskCase
jbpm,https://github.com/kiegroup/jbpm,f7e80e82b7670c09485ce83869a287ef51dcb59c,jbpm-case-mgmt/jbpm-case-mgmt-impl,nondex,org.jbpm.casemgmt.impl.CMMNCaseTest#testStartDMNDecisionTaskCaseApprovalRequired,org.jbpm.casemgmt.impl.CMMNCaseTest#testStartDMNDecisionTaskCaseApprovalRequired
jbpm,https://github.com/kiegroup/jbpm,f7e80e82b7670c09485ce83869a287ef51dcb59c,jbpm-case-mgmt/jbpm-case-mgmt-impl,nondex,org.jbpm.casemgmt.impl.CMMNCaseTest#testStartDMNDecisionTaskCaseNoApprovalRequired,org.jbpm.casemgmt.impl.CMMNCaseTest#testStartDMNDecisionTaskCaseNoApprovalRequired
jbpm,https://github.com/kiegroup/jbpm,f7e80e82b7670c09485ce83869a287ef51dcb59c,jbpm-case-mgmt/jbpm-case-mgmt-impl,nondex,org.jbpm.casemgmt.impl.CMMNCaseTest#testStartDataMappingHumanTaskCase,org.jbpm.casemgmt.impl.CMMNCaseTest#testStartDataMappingHumanTaskCase
jbpm,https://github.com/kiegroup/jbpm,f7e80e82b7670c09485ce83869a287ef51dcb59c,jbpm-case-mgmt/jbpm-case-mgmt-impl,nondex,org.jbpm.casemgmt.impl.CMMNCaseTest#testStartHumanTaskByCompletingAnotherOneCase,org.jbpm.casemgmt.impl.CMMNCaseTest#testStartHumanTaskByCompletingAnotherOneCase
jbpm,https://github.com/kiegroup/jbpm,f7e80e82b7670c09485ce83869a287ef51dcb59c,jbpm-case-mgmt/jbpm-case-mgmt-impl,nondex,org.jbpm.casemgmt.impl.CMMNCaseTest#testStartHumanTaskRuleSentryCase,org.jbpm.casemgmt.impl.CMMNCaseTest#testStartHumanTaskRuleSentryCase
jbpm,https://github.com/kiegroup/jbpm,f7e80e82b7670c09485ce83869a287ef51dcb59c,jbpm-case-mgmt/jbpm-case-mgmt-impl,nondex,org.jbpm.casemgmt.impl.CMMNCaseTest#testStartMilestoneAndHumanTaskCase,org.jbpm.casemgmt.impl.CMMNCaseTest#testStartMilestoneAndHumanTaskCase
jbpm,https://github.com/kiegroup/jbpm,f7e80e82b7670c09485ce83869a287ef51dcb59c,jbpm-case-mgmt/jbpm-case-mgmt-impl,nondex,org.jbpm.casemgmt.impl.CMMNCaseTest#testStartStageAndHumanTaskCase,org.jbpm.casemgmt.impl.CMMNCaseTest#testStartStageAndHumanTaskCase
jbpm,https://github.com/kiegroup/jbpm,f7e80e82b7670c09485ce83869a287ef51dcb59c,jbpm-case-mgmt/jbpm-case-mgmt-impl,nondex,org.jbpm.casemgmt.impl.CMMNOrderITHardwareCaseTest#testStartOrderITHardwareCase,org.jbpm.casemgmt.impl.CMMNOrderITHardwareCaseTest#testStartOrderITHardwareCase
jbpm,https://github.com/kiegroup/jbpm,f7e80e82b7670c09485ce83869a287ef51dcb59c,jbpm-case-mgmt/jbpm-case-mgmt-impl,nondex,org.jbpm.casemgmt.impl.CMMNOrderITHardwareCaseTest#testStartOrderITHardwareCaseManagerRejected,org.jbpm.casemgmt.impl.CMMNOrderITHardwareCaseTest#testStartOrderITHardwareCaseManagerRejected
jbpm,https://github.com/kiegroup/jbpm,f7e80e82b7670c09485ce83869a287ef51dcb59c,jbpm-case-mgmt/jbpm-case-mgmt-impl,nondex,org.jbpm.casemgmt.impl.CarInsuranceClaimCaseTest#testCarInsuranceClaimCase,org.jbpm.casemgmt.impl.CarInsuranceClaimCaseTest#testCarInsuranceClaimCase
jbpm,https://github.com/kiegroup/jbpm,f7e80e82b7670c09485ce83869a287ef51dcb59c,jbpm-case-mgmt/jbpm-case-mgmt-impl,nondex,org.jbpm.casemgmt.impl.CarInsuranceClaimCaseTest#testCarInsuranceClaimCaseCloseCaseFromAsyncCommand,org.jbpm.casemgmt.impl.CarInsuranceClaimCaseTest#testCarInsuranceClaimCaseCloseCaseFromAsyncCommand
jbpm,https://github.com/kiegroup/jbpm,f7e80e82b7670c09485ce83869a287ef51dcb59c,jbpm-case-mgmt/jbpm-case-mgmt-impl,nondex,org.jbpm.casemgmt.impl.CarInsuranceClaimCaseTest#testCarInsuranceClaimCaseCloseCaseFromRules,org.jbpm.casemgmt.impl.CarInsuranceClaimCaseTest#testCarInsuranceClaimCaseCloseCaseFromRules
jbpm,https://github.com/kiegroup/jbpm,f7e80e82b7670c09485ce83869a287ef51dcb59c,jbpm-case-mgmt/jbpm-case-mgmt-impl,nondex,org.jbpm.casemgmt.impl.CarInsuranceClaimCaseTest#testCarInsuranceClaimCaseCloseCaseFromRulesViaBusinessTask,org.jbpm.casemgmt.impl.CarInsuranceClaimCaseTest#testCarInsuranceClaimCaseCloseCaseFromRulesViaBusinessTask
jbpm,https://github.com/kiegroup/jbpm,f7e80e82b7670c09485ce83869a287ef51dcb59c,jbpm-case-mgmt/jbpm-case-mgmt-impl,nondex,org.jbpm.casemgmt.impl.CarInsuranceClaimCaseTest#testCarInsuranceClaimCaseCloseCaseFromRulesViaProcess,org.jbpm.casemgmt.impl.CarInsuranceClaimCaseTest#testCarInsuranceClaimCaseCloseCaseFromRulesViaProcess
jbpm,https://github.com/kiegroup/jbpm,f7e80e82b7670c09485ce83869a287ef51dcb59c,jbpm-case-mgmt/jbpm-case-mgmt-impl,nondex,org.jbpm.casemgmt.impl.CarInsuranceClaimCaseTest#testCarInsuranceClaimCaseWithAssessorInvolved,org.jbpm.casemgmt.impl.CarInsuranceClaimCaseTest#testCarInsuranceClaimCaseWithAssessorInvolved
jbpm,https://github.com/kiegroup/jbpm,f7e80e82b7670c09485ce83869a287ef51dcb59c,jbpm-case-mgmt/jbpm-case-mgmt-impl,nondex,org.jbpm.casemgmt.impl.CarInsuranceClaimCaseTest#testCarInsuranceClaimCaseWithContactByInsured,org.jbpm.casemgmt.impl.CarInsuranceClaimCaseTest#testCarInsuranceClaimCaseWithContactByInsured
jbpm,https://github.com/kiegroup/jbpm,f7e80e82b7670c09485ce83869a287ef51dcb59c,jbpm-case-mgmt/jbpm-case-mgmt-impl,nondex,org.jbpm.casemgmt.impl.CarInsuranceClaimCaseTest#testCarInsuranceClaimCaseWithExtraTaskFromRules,org.jbpm.casemgmt.impl.CarInsuranceClaimCaseTest#testCarInsuranceClaimCaseWithExtraTaskFromRules
jbpm,https://github.com/kiegroup/jbpm,f7e80e82b7670c09485ce83869a287ef51dcb59c,jbpm-case-mgmt/jbpm-case-mgmt-impl,nondex,org.jbpm.casemgmt.impl.CarInsuranceClaimCaseTest#testCarInsuranceClaimCaseWithNegotiations,org.jbpm.casemgmt.impl.CarInsuranceClaimCaseTest#testCarInsuranceClaimCaseWithNegotiations
jbpm,https://github.com/kiegroup/jbpm,f7e80e82b7670c09485ce83869a287ef51dcb59c,jbpm-case-mgmt/jbpm-case-mgmt-impl,nondex,org.jbpm.casemgmt.impl.CarInsuranceClaimCaseTest#testCarInsuranceClaimCaseWithPoliceReport,org.jbpm.casemgmt.impl.CarInsuranceClaimCaseTest#testCarInsuranceClaimCaseWithPoliceReport
jbpm,https://github.com/kiegroup/jbpm,f7e80e82b7670c09485ce83869a287ef51dcb59c,jbpm-case-mgmt/jbpm-case-mgmt-impl,nondex,org.jbpm.casemgmt.impl.CaseAssignmentServiceImplTest#testProperRoleAssigned,org.jbpm.casemgmt.impl.CaseAssignmentServiceImplTest#testProperRoleAssigned
jbpm,https://github.com/kiegroup/jbpm,f7e80e82b7670c09485ce83869a287ef51dcb59c,jbpm-case-mgmt/jbpm-case-mgmt-impl,nondex,org.jbpm.casemgmt.impl.CaseAssignmentServiceImplTest#testProperRoleAssignedAutoStart,org.jbpm.casemgmt.impl.CaseAssignmentServiceImplTest#testProperRoleAssignedAutoStart
jbpm,https://github.com/kiegroup/jbpm,f7e80e82b7670c09485ce83869a287ef51dcb59c,jbpm-case-mgmt/jbpm-case-mgmt-impl,nondex,org.jbpm.casemgmt.impl.CaseAssignmentServiceImplTest#testRoleAssignedMissingGroupAutoStart,org.jbpm.casemgmt.impl.CaseAssignmentServiceImplTest#testRoleAssignedMissingGroupAutoStart
jbpm,https://github.com/kiegroup/jbpm,f7e80e82b7670c09485ce83869a287ef51dcb59c,jbpm-case-mgmt/jbpm-case-mgmt-impl,nondex,org.jbpm.casemgmt.impl.CaseAssignmentServiceImplTest#testRoleAssignedMissingRole,org.jbpm.casemgmt.impl.CaseAssignmentServiceImplTest#testRoleAssignedMissingRole
jbpm,https://github.com/kiegroup/jbpm,f7e80e82b7670c09485ce83869a287ef51dcb59c,jbpm-case-mgmt/jbpm-case-mgmt-impl,nondex,org.jbpm.casemgmt.impl.CaseAssignmentServiceImplTest#testRoleAssignedMissingUser,org.jbpm.casemgmt.impl.CaseAssignmentServiceImplTest#testRoleAssignedMissingUser
jbpm,https://github.com/kiegroup/jbpm,f7e80e82b7670c09485ce83869a287ef51dcb59c,jbpm-case-mgmt/jbpm-case-mgmt-impl,nondex,org.jbpm.casemgmt.impl.CaseAssignmentServiceImplTest#testRoleAssignedMissingUserAutoStart,org.jbpm.casemgmt.impl.CaseAssignmentServiceImplTest#testRoleAssignedMissingUserAutoStart
jbpm,https://github.com/kiegroup/jbpm,f7e80e82b7670c09485ce83869a287ef51dcb59c,jbpm-case-mgmt/jbpm-case-mgmt-impl,nondex,org.jbpm.casemgmt.impl.CaseCommentNotificationTest#testCommentsNotificationWithTemplate,org.jbpm.casemgmt.impl.CaseCommentNotificationTest#testCommentsNotificationWithTemplate
jbpm,https://github.com/kiegroup/jbpm,f7e80e82b7670c09485ce83869a287ef51dcb59c,jbpm-case-mgmt/jbpm-case-mgmt-impl,nondex,org.jbpm.casemgmt.impl.CaseCommentNotificationTest#testCommentsNotificationWithoutTemplate,org.jbpm.casemgmt.impl.CaseCommentNotificationTest#testCommentsNotificationWithoutTemplate
jbpm,https://github.com/kiegroup/jbpm,f7e80e82b7670c09485ce83869a287ef51dcb59c,jbpm-case-mgmt/jbpm-case-mgmt-impl,nondex,org.jbpm.casemgmt.impl.CaseDynamicNodesTest#testAddDynamicSubprocessToCaseByProcessInstanceId,org.jbpm.casemgmt.impl.CaseDynamicNodesTest#testAddDynamicSubprocessToCaseByProcessInstanceId
jbpm,https://github.com/kiegroup/jbpm,f7e80e82b7670c09485ce83869a287ef51dcb59c,jbpm-case-mgmt/jbpm-case-mgmt-impl,nondex,org.jbpm.casemgmt.impl.CaseDynamicNodesTest#testAddDynamicSubprocessToNotActiveStage,org.jbpm.casemgmt.impl.CaseDynamicNodesTest#testAddDynamicSubprocessToNotActiveStage
jbpm,https://github.com/kiegroup/jbpm,f7e80e82b7670c09485ce83869a287ef51dcb59c,jbpm-case-mgmt/jbpm-case-mgmt-impl,nondex,org.jbpm.casemgmt.impl.CaseDynamicNodesTest#testAddDynamicSubprocessToNotExistingCase,org.jbpm.casemgmt.impl.CaseDynamicNodesTest#testAddDynamicSubprocessToNotExistingCase
jbpm,https://github.com/kiegroup/jbpm,f7e80e82b7670c09485ce83869a287ef51dcb59c,jbpm-case-mgmt/jbpm-case-mgmt-impl,nondex,org.jbpm.casemgmt.impl.CaseDynamicNodesTest#testAddDynamicSubprocessToNotExistingCaseByProcessInstanceId,org.jbpm.casemgmt.impl.CaseDynamicNodesTest#testAddDynamicSubprocessToNotExistingCaseByProcessInstanceId
jbpm,https://github.com/kiegroup/jbpm,f7e80e82b7670c09485ce83869a287ef51dcb59c,jbpm-case-mgmt/jbpm-case-mgmt-impl,nondex,org.jbpm.casemgmt.impl.CaseDynamicNodesTest#testAddDynamicSubprocessToNotExistingStage,org.jbpm.casemgmt.impl.CaseDynamicNodesTest#testAddDynamicSubprocessToNotExistingStage
jbpm,https://github.com/kiegroup/jbpm,f7e80e82b7670c09485ce83869a287ef51dcb59c,jbpm-case-mgmt/jbpm-case-mgmt-impl,nondex,org.jbpm.casemgmt.impl.CaseDynamicNodesTest#testAddDynamicSubprocessToNotExistingStageByProcessInstanceId,org.jbpm.casemgmt.impl.CaseDynamicNodesTest#testAddDynamicSubprocessToNotExistingStageByProcessInstanceId
jbpm,https://github.com/kiegroup/jbpm,f7e80e82b7670c09485ce83869a287ef51dcb59c,jbpm-case-mgmt/jbpm-case-mgmt-impl,nondex,org.jbpm.casemgmt.impl.CaseDynamicNodesTest#testAddDynamicSubprocessToStageByProcessInstanceId,org.jbpm.casemgmt.impl.CaseDynamicNodesTest#testAddDynamicSubprocessToStageByProcessInstanceId
jbpm,https://github.com/kiegroup/jbpm,f7e80e82b7670c09485ce83869a287ef51dcb59c,jbpm-case-mgmt/jbpm-case-mgmt-impl,nondex,org.jbpm.casemgmt.impl.CaseDynamicNodesTest#testAddDynamicSubprocessToStageNotExistingCase,org.jbpm.casemgmt.impl.CaseDynamicNodesTest#testAddDynamicSubprocessToStageNotExistingCase
jbpm,https://github.com/kiegroup/jbpm,f7e80e82b7670c09485ce83869a287ef51dcb59c,jbpm-case-mgmt/jbpm-case-mgmt-impl,nondex,org.jbpm.casemgmt.impl.CaseDynamicNodesTest#testAddDynamicSubprocessToStageNotExistingCaseByProcessInstanceId,org.jbpm.casemgmt.impl.CaseDynamicNodesTest#testAddDynamicSubprocessToStageNotExistingCaseByProcessInstanceId
jbpm,https://github.com/kiegroup/jbpm,f7e80e82b7670c09485ce83869a287ef51dcb59c,jbpm-case-mgmt/jbpm-case-mgmt-impl,nondex,org.jbpm.casemgmt.impl.CaseDynamicNodesTest#testAddDynamicSubprocessToStageWithNotExistingProcessId,org.jbpm.casemgmt.impl.CaseDynamicNodesTest#testAddDynamicSubprocessToStageWithNotExistingProcessId
jbpm,https://github.com/kiegroup/jbpm,f7e80e82b7670c09485ce83869a287ef51dcb59c,jbpm-case-mgmt/jbpm-case-mgmt-impl,nondex,org.jbpm.casemgmt.impl.CaseDynamicNodesTest#testAddDynamicSubprocessWithNotExistingProcessId,org.jbpm.casemgmt.impl.CaseDynamicNodesTest#testAddDynamicSubprocessWithNotExistingProcessId
jbpm,https://github.com/kiegroup/jbpm,f7e80e82b7670c09485ce83869a287ef51dcb59c,jbpm-case-mgmt/jbpm-case-mgmt-impl,nondex,org.jbpm.casemgmt.impl.CaseDynamicNodesTest#testAddDynamicTaskToNotActiveStage,org.jbpm.casemgmt.impl.CaseDynamicNodesTest#testAddDynamicTaskToNotActiveStage
jbpm,https://github.com/kiegroup/jbpm,f7e80e82b7670c09485ce83869a287ef51dcb59c,jbpm-case-mgmt/jbpm-case-mgmt-impl,nondex,org.jbpm.casemgmt.impl.CaseDynamicNodesTest#testAddDynamicTaskToNotExistingCase,org.jbpm.casemgmt.impl.CaseDynamicNodesTest#testAddDynamicTaskToNotExistingCase
jbpm,https://github.com/kiegroup/jbpm,f7e80e82b7670c09485ce83869a287ef51dcb59c,jbpm-case-mgmt/jbpm-case-mgmt-impl,nondex,org.jbpm.casemgmt.impl.CaseDynamicNodesTest#testAddDynamicTaskToNotExistingCaseByProcessInstanceId,org.jbpm.casemgmt.impl.CaseDynamicNodesTest#testAddDynamicTaskToNotExistingCaseByProcessInstanceId
jbpm,https://github.com/kiegroup/jbpm,f7e80e82b7670c09485ce83869a287ef51dcb59c,jbpm-case-mgmt/jbpm-case-mgmt-impl,nondex,org.jbpm.casemgmt.impl.CaseDynamicNodesTest#testAddDynamicTaskToNotExistingStage,org.jbpm.casemgmt.impl.CaseDynamicNodesTest#testAddDynamicTaskToNotExistingStage
jbpm,https://github.com/kiegroup/jbpm,f7e80e82b7670c09485ce83869a287ef51dcb59c,jbpm-case-mgmt/jbpm-case-mgmt-impl,nondex,org.jbpm.casemgmt.impl.CaseDynamicNodesTest#testAddDynamicTaskToNotExistingStageByProcessInstanceId,org.jbpm.casemgmt.impl.CaseDynamicNodesTest#testAddDynamicTaskToNotExistingStageByProcessInstanceId
jbpm,https://github.com/kiegroup/jbpm,f7e80e82b7670c09485ce83869a287ef51dcb59c,jbpm-case-mgmt/jbpm-case-mgmt-impl,nondex,org.jbpm.casemgmt.impl.CaseDynamicNodesTest#testAddDynamicTaskToStageNotExistingCase,org.jbpm.casemgmt.impl.CaseDynamicNodesTest#testAddDynamicTaskToStageNotExistingCase
jbpm,https://github.com/kiegroup/jbpm,f7e80e82b7670c09485ce83869a287ef51dcb59c,jbpm-case-mgmt/jbpm-case-mgmt-impl,nondex,org.jbpm.casemgmt.impl.CaseDynamicNodesTest#testAddDynamicTaskToStageNotExistingCaseByProcessInstanceId,org.jbpm.casemgmt.impl.CaseDynamicNodesTest#testAddDynamicTaskToStageNotExistingCaseByProcessInstanceId
jbpm,https://github.com/kiegroup/jbpm,f7e80e82b7670c09485ce83869a287ef51dcb59c,jbpm-case-mgmt/jbpm-case-mgmt-impl,nondex,org.jbpm.casemgmt.impl.CaseDynamicNodesTest#testAddDynamicUserTaskToEmptyStage,org.jbpm.casemgmt.impl.CaseDynamicNodesTest#testAddDynamicUserTaskToEmptyStage
jbpm,https://github.com/kiegroup/jbpm,f7e80e82b7670c09485ce83869a287ef51dcb59c,jbpm-case-mgmt/jbpm-case-mgmt-impl,nondex,org.jbpm.casemgmt.impl.CaseDynamicNodesTest#testAddMultipleDynamicSubprocessesToCase,org.jbpm.casemgmt.impl.CaseDynamicNodesTest#testAddMultipleDynamicSubprocessesToCase
jbpm,https://github.com/kiegroup/jbpm,f7e80e82b7670c09485ce83869a287ef51dcb59c,jbpm-case-mgmt/jbpm-case-mgmt-impl,nondex,org.jbpm.casemgmt.impl.CaseDynamicNodesTest#testAddMultipleDynamicSubprocessesToStage,org.jbpm.casemgmt.impl.CaseDynamicNodesTest#testAddMultipleDynamicSubprocessesToStage
jbpm,https://github.com/kiegroup/jbpm,f7e80e82b7670c09485ce83869a287ef51dcb59c,jbpm-case-mgmt/jbpm-case-mgmt-impl,nondex,org.jbpm.casemgmt.impl.CaseDynamicNodesTest#testAddMultipleDynamicTasksToStage,org.jbpm.casemgmt.impl.CaseDynamicNodesTest#testAddMultipleDynamicTasksToStage
jbpm,https://github.com/kiegroup/jbpm,f7e80e82b7670c09485ce83869a287ef51dcb59c,jbpm-case-mgmt/jbpm-case-mgmt-impl,nondex,org.jbpm.casemgmt.impl.CaseEventEmittingTest#testCaseCommentEventsEmitting,org.jbpm.casemgmt.impl.CaseEventEmittingTest#testCaseCommentEventsEmitting
jbpm,https://github.com/kiegroup/jbpm,f7e80e82b7670c09485ce83869a287ef51dcb59c,jbpm-case-mgmt/jbpm-case-mgmt-impl,nondex,org.jbpm.casemgmt.impl.CaseIdGeneratorTest#testErrorWhenNoVariableIsSupplied,org.jbpm.casemgmt.impl.CaseIdGeneratorTest#testErrorWhenNoVariableIsSupplied
jbpm,https://github.com/kiegroup/jbpm,f7e80e82b7670c09485ce83869a287ef51dcb59c,jbpm-case-mgmt/jbpm-case-mgmt-impl,nondex,org.jbpm.casemgmt.impl.CaseIdGeneratorTest#testStartEmptyCaseImplicitVariableWithExpression,org.jbpm.casemgmt.impl.CaseIdGeneratorTest#testStartEmptyCaseImplicitVariableWithExpression
jbpm,https://github.com/kiegroup/jbpm,f7e80e82b7670c09485ce83869a287ef51dcb59c,jbpm-case-mgmt/jbpm-case-mgmt-impl,nondex,org.jbpm.casemgmt.impl.CaseIdGeneratorTest#testStartEmptyCaseWithIdCaseExpression,org.jbpm.casemgmt.impl.CaseIdGeneratorTest#testStartEmptyCaseWithIdCaseExpression
jbpm,https://github.com/kiegroup/jbpm,f7e80e82b7670c09485ce83869a287ef51dcb59c,jbpm-case-mgmt/jbpm-case-mgmt-impl,nondex,org.jbpm.casemgmt.impl.CaseIdGeneratorTest#testStartEmptyCaseWithIdCaseExpressionWithOverridingMetadata,org.jbpm.casemgmt.impl.CaseIdGeneratorTest#testStartEmptyCaseWithIdCaseExpressionWithOverridingMetadata
jbpm,https://github.com/kiegroup/jbpm,f7e80e82b7670c09485ce83869a287ef51dcb59c,jbpm-case-mgmt/jbpm-case-mgmt-impl,nondex,org.jbpm.casemgmt.impl.CaseIdGeneratorTest#testStartEmptyCaseWithOverridingSequence,org.jbpm.casemgmt.impl.CaseIdGeneratorTest#testStartEmptyCaseWithOverridingSequence
jbpm,https://github.com/kiegroup/jbpm,f7e80e82b7670c09485ce83869a287ef51dcb59c,jbpm-case-mgmt/jbpm-case-mgmt-impl,nondex,org.jbpm.casemgmt.impl.CaseRuntimeDataServiceDefinitionImplTest#testGetCaseDefinitionById,org.jbpm.casemgmt.impl.CaseRuntimeDataServiceDefinitionImplTest#testGetCaseDefinitionById
jbpm,https://github.com/kiegroup/jbpm,f7e80e82b7670c09485ce83869a287ef51dcb59c,jbpm-case-mgmt/jbpm-case-mgmt-impl,nondex,org.jbpm.casemgmt.impl.CaseRuntimeDataServiceDefinitionImplTest#testGetCaseDefinitionByIdWithBoundaryEvent,org.jbpm.casemgmt.impl.CaseRuntimeDataServiceDefinitionImplTest#testGetCaseDefinitionByIdWithBoundaryEvent
jbpm,https://github.com/kiegroup/jbpm,f7e80e82b7670c09485ce83869a287ef51dcb59c,jbpm-case-mgmt/jbpm-case-mgmt-impl,nondex,org.jbpm.casemgmt.impl.CaseRuntimeDataServiceDefinitionImplTest#testGetCaseDefinitions,org.jbpm.casemgmt.impl.CaseRuntimeDataServiceDefinitionImplTest#testGetCaseDefinitions
jbpm,https://github.com/kiegroup/jbpm,f7e80e82b7670c09485ce83869a287ef51dcb59c,jbpm-case-mgmt/jbpm-case-mgmt-impl,nondex,org.jbpm.casemgmt.impl.CaseRuntimeDataServiceDefinitionImplTest#testGetCaseDefinitionsByDeploymentId,org.jbpm.casemgmt.impl.CaseRuntimeDataServiceDefinitionImplTest#testGetCaseDefinitionsByDeploymentId
jbpm,https://github.com/kiegroup/jbpm,f7e80e82b7670c09485ce83869a287ef51dcb59c,jbpm-case-mgmt/jbpm-case-mgmt-impl,nondex,org.jbpm.casemgmt.impl.CaseRuntimeDataServiceDefinitionImplTest#testGetCaseDefinitionsByDeploymentIdSorted,org.jbpm.casemgmt.impl.CaseRuntimeDataServiceDefinitionImplTest#testGetCaseDefinitionsByDeploymentIdSorted
jbpm,https://github.com/kiegroup/jbpm,f7e80e82b7670c09485ce83869a287ef51dcb59c,jbpm-case-mgmt/jbpm-case-mgmt-impl,nondex,org.jbpm.casemgmt.impl.CaseRuntimeDataServiceDefinitionImplTest#testGetCaseDefinitionsByFilter,org.jbpm.casemgmt.impl.CaseRuntimeDataServiceDefinitionImplTest#testGetCaseDefinitionsByFilter
jbpm,https://github.com/kiegroup/jbpm,f7e80e82b7670c09485ce83869a287ef51dcb59c,jbpm-case-mgmt/jbpm-case-mgmt-impl,nondex,org.jbpm.casemgmt.impl.CaseRuntimeDataServiceDefinitionImplTest#testGetCaseDefinitionsByFilterSorted,org.jbpm.casemgmt.impl.CaseRuntimeDataServiceDefinitionImplTest#testGetCaseDefinitionsByFilterSorted
jbpm,https://github.com/kiegroup/jbpm,f7e80e82b7670c09485ce83869a287ef51dcb59c,jbpm-case-mgmt/jbpm-case-mgmt-impl,nondex,org.jbpm.casemgmt.impl.CaseRuntimeDataServiceDefinitionImplTest#testGetCaseDefinitionsSorted,org.jbpm.casemgmt.impl.CaseRuntimeDataServiceDefinitionImplTest#testGetCaseDefinitionsSorted
jbpm,https://github.com/kiegroup/jbpm,f7e80e82b7670c09485ce83869a287ef51dcb59c,jbpm-case-mgmt/jbpm-case-mgmt-impl,nondex,org.jbpm.casemgmt.impl.CaseRuntimeDataServiceImplTest#testAddSubprocessToEmptyCaseCheckCaseNodes,org.jbpm.casemgmt.impl.CaseRuntimeDataServiceImplTest#testAddSubprocessToEmptyCaseCheckCaseNodes
jbpm,https://github.com/kiegroup/jbpm,f7e80e82b7670c09485ce83869a287ef51dcb59c,jbpm-case-mgmt/jbpm-case-mgmt-impl,nondex,org.jbpm.casemgmt.impl.CaseRuntimeDataServiceImplTest#testCaseStatusCreation,org.jbpm.casemgmt.impl.CaseRuntimeDataServiceImplTest#testCaseStatusCreation
jbpm,https://github.com/kiegroup/jbpm,f7e80e82b7670c09485ce83869a287ef51dcb59c,jbpm-case-mgmt/jbpm-case-mgmt-impl,nondex,org.jbpm.casemgmt.impl.CaseRuntimeDataServiceImplTest#testGetProcessDefinitions,org.jbpm.casemgmt.impl.CaseRuntimeDataServiceImplTest#testGetProcessDefinitions
jbpm,https://github.com/kiegroup/jbpm,f7e80e82b7670c09485ce83869a287ef51dcb59c,jbpm-case-mgmt/jbpm-case-mgmt-impl,nondex,org.jbpm.casemgmt.impl.CaseRuntimeDataServiceImplTest#testGroupTasksInCaseAsBusinessAdmin,org.jbpm.casemgmt.impl.CaseRuntimeDataServiceImplTest#testGroupTasksInCaseAsBusinessAdmin
jbpm,https://github.com/kiegroup/jbpm,f7e80e82b7670c09485ce83869a287ef51dcb59c,jbpm-case-mgmt/jbpm-case-mgmt-impl,nondex,org.jbpm.casemgmt.impl.CaseRuntimeDataServiceImplTest#testGroupTasksInCaseAsPotentialOwners,org.jbpm.casemgmt.impl.CaseRuntimeDataServiceImplTest#testGroupTasksInCaseAsPotentialOwners
jbpm,https://github.com/kiegroup/jbpm,f7e80e82b7670c09485ce83869a287ef51dcb59c,jbpm-case-mgmt/jbpm-case-mgmt-impl,nondex,org.jbpm.casemgmt.impl.CaseRuntimeDataServiceImplTest#testGroupTasksInCaseAsStakeholder,org.jbpm.casemgmt.impl.CaseRuntimeDataServiceImplTest#testGroupTasksInCaseAsStakeholder
jbpm,https://github.com/kiegroup/jbpm,f7e80e82b7670c09485ce83869a287ef51dcb59c,jbpm-case-mgmt/jbpm-case-mgmt-impl,nondex,org.jbpm.casemgmt.impl.CaseRuntimeDataServiceImplTest#testResolveCaseStatuses,org.jbpm.casemgmt.impl.CaseRuntimeDataServiceImplTest#testResolveCaseStatuses
jbpm,https://github.com/kiegroup/jbpm,f7e80e82b7670c09485ce83869a287ef51dcb59c,jbpm-case-mgmt/jbpm-case-mgmt-impl,nondex,org.jbpm.casemgmt.impl.CaseRuntimeDataServiceImplTest#testStartEmptyCaseWithCaseFile,org.jbpm.casemgmt.impl.CaseRuntimeDataServiceImplTest#testStartEmptyCaseWithCaseFile
jbpm,https://github.com/kiegroup/jbpm,f7e80e82b7670c09485ce83869a287ef51dcb59c,jbpm-case-mgmt/jbpm-case-mgmt-impl,nondex,org.jbpm.casemgmt.impl.CaseRuntimeDataServiceImplTest#testTransitionBetweenStagesInCase,org.jbpm.casemgmt.impl.CaseRuntimeDataServiceImplTest#testTransitionBetweenStagesInCase
jbpm,https://github.com/kiegroup/jbpm,f7e80e82b7670c09485ce83869a287ef51dcb59c,jbpm-case-mgmt/jbpm-case-mgmt-impl,nondex,org.jbpm.casemgmt.impl.CaseRuntimeDataServiceImplTest#testTransitionBetweenStagesInCaseWithActiveElements,org.jbpm.casemgmt.impl.CaseRuntimeDataServiceImplTest#testTransitionBetweenStagesInCaseWithActiveElements
jbpm,https://github.com/kiegroup/jbpm,f7e80e82b7670c09485ce83869a287ef51dcb59c,jbpm-case-mgmt/jbpm-case-mgmt-impl,nondex,org.jbpm.casemgmt.impl.CaseRuntimeDataServiceImplTest#testTransitionBetweenStagesWithConditionsInCase,org.jbpm.casemgmt.impl.CaseRuntimeDataServiceImplTest#testTransitionBetweenStagesWithConditionsInCase
jbpm,https://github.com/kiegroup/jbpm,f7e80e82b7670c09485ce83869a287ef51dcb59c,jbpm-case-mgmt/jbpm-case-mgmt-impl,nondex,org.jbpm.casemgmt.impl.CaseRuntimeDataServiceImplTest#testUserTasksInCaseAsBusinessAdmin,org.jbpm.casemgmt.impl.CaseRuntimeDataServiceImplTest#testUserTasksInCaseAsBusinessAdmin
jbpm,https://github.com/kiegroup/jbpm,f7e80e82b7670c09485ce83869a287ef51dcb59c,jbpm-case-mgmt/jbpm-case-mgmt-impl,nondex,org.jbpm.casemgmt.impl.CaseRuntimeDataServiceImplTest#testUserTasksInCaseAsPotentialOwners,org.jbpm.casemgmt.impl.CaseRuntimeDataServiceImplTest#testUserTasksInCaseAsPotentialOwners
jbpm,https://github.com/kiegroup/jbpm,f7e80e82b7670c09485ce83869a287ef51dcb59c,jbpm-case-mgmt/jbpm-case-mgmt-impl,nondex,org.jbpm.casemgmt.impl.CaseRuntimeDataServiceImplTest#testUserTasksInCaseAsStakeholder,org.jbpm.casemgmt.impl.CaseRuntimeDataServiceImplTest#testUserTasksInCaseAsStakeholder
jbpm,https://github.com/kiegroup/jbpm,f7e80e82b7670c09485ce83869a287ef51dcb59c,jbpm-case-mgmt/jbpm-case-mgmt-impl,nondex,org.jbpm.casemgmt.impl.CaseRuntimeDataServiceImplTest#testUserTasksInCaseWithSubprocess,org.jbpm.casemgmt.impl.CaseRuntimeDataServiceImplTest#testUserTasksInCaseWithSubprocess
jbpm,https://github.com/kiegroup/jbpm,f7e80e82b7670c09485ce83869a287ef51dcb59c,jbpm-case-mgmt/jbpm-case-mgmt-impl,nondex,org.jbpm.casemgmt.impl.CaseSLAComplianceTest#testStartCaseWithSLAEscalation,org.jbpm.casemgmt.impl.CaseSLAComplianceTest#testStartCaseWithSLAEscalation
jbpm,https://github.com/kiegroup/jbpm,f7e80e82b7670c09485ce83869a287ef51dcb59c,jbpm-case-mgmt/jbpm-case-mgmt-impl,nondex,org.jbpm.casemgmt.impl.CaseSLAComplianceTest#testStartCaseWithSLAForGoldCustomerByRules,org.jbpm.casemgmt.impl.CaseSLAComplianceTest#testStartCaseWithSLAForGoldCustomerByRules
jbpm,https://github.com/kiegroup/jbpm,f7e80e82b7670c09485ce83869a287ef51dcb59c,jbpm-case-mgmt/jbpm-case-mgmt-impl,nondex,org.jbpm.casemgmt.impl.CaseSLAComplianceTest#testStartCaseWithSLAForNewCustomerByRules,org.jbpm.casemgmt.impl.CaseSLAComplianceTest#testStartCaseWithSLAForNewCustomerByRules
jbpm,https://github.com/kiegroup/jbpm,f7e80e82b7670c09485ce83869a287ef51dcb59c,jbpm-case-mgmt/jbpm-case-mgmt-impl,nondex,org.jbpm.casemgmt.impl.CaseSLAComplianceTest#testStartCaseWithSLAForSilverCustomerByRules,org.jbpm.casemgmt.impl.CaseSLAComplianceTest#testStartCaseWithSLAForSilverCustomerByRules
jbpm,https://github.com/kiegroup/jbpm,f7e80e82b7670c09485ce83869a287ef51dcb59c,jbpm-case-mgmt/jbpm-case-mgmt-impl,nondex,org.jbpm.casemgmt.impl.CaseSLAComplianceTest#testStartCaseWithSLANotification,org.jbpm.casemgmt.impl.CaseSLAComplianceTest#testStartCaseWithSLANotification
jbpm,https://github.com/kiegroup/jbpm,f7e80e82b7670c09485ce83869a287ef51dcb59c,jbpm-case-mgmt/jbpm-case-mgmt-impl,nondex,org.jbpm.casemgmt.impl.CaseSLAComplianceTest#testStartCaseWithSLASubprocess,org.jbpm.casemgmt.impl.CaseSLAComplianceTest#testStartCaseWithSLASubprocess
jbpm,https://github.com/kiegroup/jbpm,f7e80e82b7670c09485ce83869a287ef51dcb59c,jbpm-case-mgmt/jbpm-case-mgmt-impl,nondex,org.jbpm.casemgmt.impl.CaseServiceImplTest#testAddAndRemoveMultipleDataFromCaseFile,org.jbpm.casemgmt.impl.CaseServiceImplTest#testAddAndRemoveMultipleDataFromCaseFile
jbpm,https://github.com/kiegroup/jbpm,f7e80e82b7670c09485ce83869a287ef51dcb59c,jbpm-case-mgmt/jbpm-case-mgmt-impl,nondex,org.jbpm.casemgmt.impl.CaseServiceImplTest#testAddDataCaseWithViolatingRestrictedCaseFileItem,org.jbpm.casemgmt.impl.CaseServiceImplTest#testAddDataCaseWithViolatingRestrictedCaseFileItem
jbpm,https://github.com/kiegroup/jbpm,f7e80e82b7670c09485ce83869a287ef51dcb59c,jbpm-case-mgmt/jbpm-case-mgmt-impl,nondex,org.jbpm.casemgmt.impl.CaseServiceImplTest#testAddServiceTaskToEmptyCase,org.jbpm.casemgmt.impl.CaseServiceImplTest#testAddServiceTaskToEmptyCase
jbpm,https://github.com/kiegroup/jbpm,f7e80e82b7670c09485ce83869a287ef51dcb59c,jbpm-case-mgmt/jbpm-case-mgmt-impl,nondex,org.jbpm.casemgmt.impl.CaseServiceImplTest#testAddSubprocessToCaseWithStage,org.jbpm.casemgmt.impl.CaseServiceImplTest#testAddSubprocessToCaseWithStage
jbpm,https://github.com/kiegroup/jbpm,f7e80e82b7670c09485ce83869a287ef51dcb59c,jbpm-case-mgmt/jbpm-case-mgmt-impl,nondex,org.jbpm.casemgmt.impl.CaseServiceImplTest#testAddSubprocessToEmptyCase,org.jbpm.casemgmt.impl.CaseServiceImplTest#testAddSubprocessToEmptyCase
jbpm,https://github.com/kiegroup/jbpm,f7e80e82b7670c09485ce83869a287ef51dcb59c,jbpm-case-mgmt/jbpm-case-mgmt-impl,nondex,org.jbpm.casemgmt.impl.CaseServiceImplTest#testAddSubprocessToEmptyCaseAndClose,org.jbpm.casemgmt.impl.CaseServiceImplTest#testAddSubprocessToEmptyCaseAndClose
jbpm,https://github.com/kiegroup/jbpm,f7e80e82b7670c09485ce83869a287ef51dcb59c,jbpm-case-mgmt/jbpm-case-mgmt-impl,nondex,org.jbpm.casemgmt.impl.CaseServiceImplTest#testAddUserTaskToCaseWithStage,org.jbpm.casemgmt.impl.CaseServiceImplTest#testAddUserTaskToCaseWithStage
jbpm,https://github.com/kiegroup/jbpm,f7e80e82b7670c09485ce83869a287ef51dcb59c,jbpm-case-mgmt/jbpm-case-mgmt-impl,nondex,org.jbpm.casemgmt.impl.CaseServiceImplTest#testAddUserTaskToEmptyCase,org.jbpm.casemgmt.impl.CaseServiceImplTest#testAddUserTaskToEmptyCase
jbpm,https://github.com/kiegroup/jbpm,f7e80e82b7670c09485ce83869a287ef51dcb59c,jbpm-case-mgmt/jbpm-case-mgmt-impl,nondex,org.jbpm.casemgmt.impl.CaseServiceImplTest#testCaseAuthorization,org.jbpm.casemgmt.impl.CaseServiceImplTest#testCaseAuthorization
jbpm,https://github.com/kiegroup/jbpm,f7e80e82b7670c09485ce83869a287ef51dcb59c,jbpm-case-mgmt/jbpm-case-mgmt-impl,nondex,org.jbpm.casemgmt.impl.CaseServiceImplTest#testCaseAuthorizationImplicitOwner,org.jbpm.casemgmt.impl.CaseServiceImplTest#testCaseAuthorizationImplicitOwner
jbpm,https://github.com/kiegroup/jbpm,f7e80e82b7670c09485ce83869a287ef51dcb59c,jbpm-case-mgmt/jbpm-case-mgmt-impl,nondex,org.jbpm.casemgmt.impl.CaseServiceImplTest#testCaseOwnedBy,org.jbpm.casemgmt.impl.CaseServiceImplTest#testCaseOwnedBy
jbpm,https://github.com/kiegroup/jbpm,f7e80e82b7670c09485ce83869a287ef51dcb59c,jbpm-case-mgmt/jbpm-case-mgmt-impl,nondex,org.jbpm.casemgmt.impl.CaseServiceImplTest#testCaseReadOnlyCaseFileItemAddDataOnce,org.jbpm.casemgmt.impl.CaseServiceImplTest#testCaseReadOnlyCaseFileItemAddDataOnce
jbpm,https://github.com/kiegroup/jbpm,f7e80e82b7670c09485ce83869a287ef51dcb59c,jbpm-case-mgmt/jbpm-case-mgmt-impl,nondex,org.jbpm.casemgmt.impl.CaseServiceImplTest#testCaseReadOnlyCaseFileItemRemoveData,org.jbpm.casemgmt.impl.CaseServiceImplTest#testCaseReadOnlyCaseFileItemRemoveData
jbpm,https://github.com/kiegroup/jbpm,f7e80e82b7670c09485ce83869a287ef51dcb59c,jbpm-case-mgmt/jbpm-case-mgmt-impl,nondex,org.jbpm.casemgmt.impl.CaseServiceImplTest#testCaseReopenWithViolatingReadOnlyCaseFileItemReopen,org.jbpm.casemgmt.impl.CaseServiceImplTest#testCaseReopenWithViolatingReadOnlyCaseFileItemReopen
jbpm,https://github.com/kiegroup/jbpm,f7e80e82b7670c09485ce83869a287ef51dcb59c,jbpm-case-mgmt/jbpm-case-mgmt-impl,nondex,org.jbpm.casemgmt.impl.CaseServiceImplTest#testCaseReopenWithViolatingRestrictedCaseFileItem,org.jbpm.casemgmt.impl.CaseServiceImplTest#testCaseReopenWithViolatingRestrictedCaseFileItem
jbpm,https://github.com/kiegroup/jbpm,f7e80e82b7670c09485ce83869a287ef51dcb59c,jbpm-case-mgmt/jbpm-case-mgmt-impl,nondex,org.jbpm.casemgmt.impl.CaseServiceImplTest#testCaseRolesCardinality,org.jbpm.casemgmt.impl.CaseServiceImplTest#testCaseRolesCardinality
jbpm,https://github.com/kiegroup/jbpm,f7e80e82b7670c09485ce83869a287ef51dcb59c,jbpm-case-mgmt/jbpm-case-mgmt-impl,nondex,org.jbpm.casemgmt.impl.CaseServiceImplTest#testCaseRolesWithDynamicTask,org.jbpm.casemgmt.impl.CaseServiceImplTest#testCaseRolesWithDynamicTask
jbpm,https://github.com/kiegroup/jbpm,f7e80e82b7670c09485ce83869a287ef51dcb59c,jbpm-case-mgmt/jbpm-case-mgmt-impl,nondex,org.jbpm.casemgmt.impl.CaseServiceImplTest#testCaseRolesWithQueries,org.jbpm.casemgmt.impl.CaseServiceImplTest#testCaseRolesWithQueries
jbpm,https://github.com/kiegroup/jbpm,f7e80e82b7670c09485ce83869a287ef51dcb59c,jbpm-case-mgmt/jbpm-case-mgmt-impl,nondex,org.jbpm.casemgmt.impl.CaseServiceImplTest#testCaseViolatingReadOnlyCaseFileItemAddData,org.jbpm.casemgmt.impl.CaseServiceImplTest#testCaseViolatingReadOnlyCaseFileItemAddData
jbpm,https://github.com/kiegroup/jbpm,f7e80e82b7670c09485ce83869a287ef51dcb59c,jbpm-case-mgmt/jbpm-case-mgmt-impl,nondex,org.jbpm.casemgmt.impl.CaseServiceImplTest#testCaseWithBoundaryTimerFiredAtStage,org.jbpm.casemgmt.impl.CaseServiceImplTest#testCaseWithBoundaryTimerFiredAtStage
jbpm,https://github.com/kiegroup/jbpm,f7e80e82b7670c09485ce83869a287ef51dcb59c,jbpm-case-mgmt/jbpm-case-mgmt-impl,nondex,org.jbpm.casemgmt.impl.CaseServiceImplTest#testCaseWithBoundaryTimerFiredAtStageAndThenReopen,org.jbpm.casemgmt.impl.CaseServiceImplTest#testCaseWithBoundaryTimerFiredAtStageAndThenReopen
jbpm,https://github.com/kiegroup/jbpm,f7e80e82b7670c09485ce83869a287ef51dcb59c,jbpm-case-mgmt/jbpm-case-mgmt-impl,nondex,org.jbpm.casemgmt.impl.CaseServiceImplTest#testCaseWithComments,org.jbpm.casemgmt.impl.CaseServiceImplTest#testCaseWithComments
jbpm,https://github.com/kiegroup/jbpm,f7e80e82b7670c09485ce83869a287ef51dcb59c,jbpm-case-mgmt/jbpm-case-mgmt-impl,nondex,org.jbpm.casemgmt.impl.CaseServiceImplTest#testCaseWithCommentsPagination,org.jbpm.casemgmt.impl.CaseServiceImplTest#testCaseWithCommentsPagination
jbpm,https://github.com/kiegroup/jbpm,f7e80e82b7670c09485ce83869a287ef51dcb59c,jbpm-case-mgmt/jbpm-case-mgmt-impl,nondex,org.jbpm.casemgmt.impl.CaseServiceImplTest#testCaseWithCommentsWithRestrictions,org.jbpm.casemgmt.impl.CaseServiceImplTest#testCaseWithCommentsWithRestrictions
jbpm,https://github.com/kiegroup/jbpm,f7e80e82b7670c09485ce83869a287ef51dcb59c,jbpm-case-mgmt/jbpm-case-mgmt-impl,nondex,org.jbpm.casemgmt.impl.CaseServiceImplTest#testCaseWithDefinedDataRestrictions,org.jbpm.casemgmt.impl.CaseServiceImplTest#testCaseWithDefinedDataRestrictions
jbpm,https://github.com/kiegroup/jbpm,f7e80e82b7670c09485ce83869a287ef51dcb59c,jbpm-case-mgmt/jbpm-case-mgmt-impl,nondex,org.jbpm.casemgmt.impl.CaseServiceImplTest#testCaseWithDefinedDataRestrictionsSetViaUserTask,org.jbpm.casemgmt.impl.CaseServiceImplTest#testCaseWithDefinedDataRestrictionsSetViaUserTask
jbpm,https://github.com/kiegroup/jbpm,f7e80e82b7670c09485ce83869a287ef51dcb59c,jbpm-case-mgmt/jbpm-case-mgmt-impl,nondex,org.jbpm.casemgmt.impl.CaseServiceImplTest#testCaseWithHumanTaskAfterReopen,org.jbpm.casemgmt.impl.CaseServiceImplTest#testCaseWithHumanTaskAfterReopen
jbpm,https://github.com/kiegroup/jbpm,f7e80e82b7670c09485ce83869a287ef51dcb59c,jbpm-case-mgmt/jbpm-case-mgmt-impl,nondex,org.jbpm.casemgmt.impl.CaseServiceImplTest#testCaseWithIndexedFromVariableUpdates,org.jbpm.casemgmt.impl.CaseServiceImplTest#testCaseWithIndexedFromVariableUpdates
jbpm,https://github.com/kiegroup/jbpm,f7e80e82b7670c09485ce83869a287ef51dcb59c,jbpm-case-mgmt/jbpm-case-mgmt-impl,nondex,org.jbpm.casemgmt.impl.CaseServiceImplTest#testCaseWithIndexedFromVariableUpdatesResetVariable,org.jbpm.casemgmt.impl.CaseServiceImplTest#testCaseWithIndexedFromVariableUpdatesResetVariable
jbpm,https://github.com/kiegroup/jbpm,f7e80e82b7670c09485ce83869a287ef51dcb59c,jbpm-case-mgmt/jbpm-case-mgmt-impl,nondex,org.jbpm.casemgmt.impl.CaseServiceImplTest#testCaseWithMissingRequiredCaseFileItem,org.jbpm.casemgmt.impl.CaseServiceImplTest#testCaseWithMissingRequiredCaseFileItem
jbpm,https://github.com/kiegroup/jbpm,f7e80e82b7670c09485ce83869a287ef51dcb59c,jbpm-case-mgmt/jbpm-case-mgmt-impl,nondex,org.jbpm.casemgmt.impl.CaseServiceImplTest#testCaseWithMissingRequiredEmptyCaseFileItem,org.jbpm.casemgmt.impl.CaseServiceImplTest#testCaseWithMissingRequiredEmptyCaseFileItem
jbpm,https://github.com/kiegroup/jbpm,f7e80e82b7670c09485ce83869a287ef51dcb59c,jbpm-case-mgmt/jbpm-case-mgmt-impl,nondex,org.jbpm.casemgmt.impl.CaseServiceImplTest#testCaseWithRequiredCaseFileItem,org.jbpm.casemgmt.impl.CaseServiceImplTest#testCaseWithRequiredCaseFileItem
jbpm,https://github.com/kiegroup/jbpm,f7e80e82b7670c09485ce83869a287ef51dcb59c,jbpm-case-mgmt/jbpm-case-mgmt-impl,nondex,org.jbpm.casemgmt.impl.CaseServiceImplTest#testCaseWithRequiredRestrictedCaseFileItem,org.jbpm.casemgmt.impl.CaseServiceImplTest#testCaseWithRequiredRestrictedCaseFileItem
jbpm,https://github.com/kiegroup/jbpm,f7e80e82b7670c09485ce83869a287ef51dcb59c,jbpm-case-mgmt/jbpm-case-mgmt-impl,nondex,org.jbpm.casemgmt.impl.CaseServiceImplTest#testCaseWithRestrictedCaseFileItem,org.jbpm.casemgmt.impl.CaseServiceImplTest#testCaseWithRestrictedCaseFileItem
jbpm,https://github.com/kiegroup/jbpm,f7e80e82b7670c09485ce83869a287ef51dcb59c,jbpm-case-mgmt/jbpm-case-mgmt-impl,nondex,org.jbpm.casemgmt.impl.CaseServiceImplTest#testCaseWithStageAndBoundaryTimerFired,org.jbpm.casemgmt.impl.CaseServiceImplTest#testCaseWithStageAndBoundaryTimerFired
jbpm,https://github.com/kiegroup/jbpm,f7e80e82b7670c09485ce83869a287ef51dcb59c,jbpm-case-mgmt/jbpm-case-mgmt-impl,nondex,org.jbpm.casemgmt.impl.CaseServiceImplTest#testCaseWithStageAutoStartNodes,org.jbpm.casemgmt.impl.CaseServiceImplTest#testCaseWithStageAutoStartNodes
jbpm,https://github.com/kiegroup/jbpm,f7e80e82b7670c09485ce83869a287ef51dcb59c,jbpm-case-mgmt/jbpm-case-mgmt-impl,nondex,org.jbpm.casemgmt.impl.CaseServiceImplTest#testCaseWithViolatingRestrictedCaseFileItem,org.jbpm.casemgmt.impl.CaseServiceImplTest#testCaseWithViolatingRestrictedCaseFileItem
jbpm,https://github.com/kiegroup/jbpm,f7e80e82b7670c09485ce83869a287ef51dcb59c,jbpm-case-mgmt/jbpm-case-mgmt-impl,nondex,org.jbpm.casemgmt.impl.CaseServiceImplTest#testCreateCaseFileInstanceForNotExistingCase,org.jbpm.casemgmt.impl.CaseServiceImplTest#testCreateCaseFileInstanceForNotExistingCase
jbpm,https://github.com/kiegroup/jbpm,f7e80e82b7670c09485ce83869a287ef51dcb59c,jbpm-case-mgmt/jbpm-case-mgmt-impl,nondex,org.jbpm.casemgmt.impl.CaseServiceImplTest#testGetCaseFileInstanceForNotExistingCase,org.jbpm.casemgmt.impl.CaseServiceImplTest#testGetCaseFileInstanceForNotExistingCase
jbpm,https://github.com/kiegroup/jbpm,f7e80e82b7670c09485ce83869a287ef51dcb59c,jbpm-case-mgmt/jbpm-case-mgmt-impl,nondex,org.jbpm.casemgmt.impl.CaseServiceImplTest#testInclusiveGatewayWithDynamicActivity,org.jbpm.casemgmt.impl.CaseServiceImplTest#testInclusiveGatewayWithDynamicActivity
jbpm,https://github.com/kiegroup/jbpm,f7e80e82b7670c09485ce83869a287ef51dcb59c,jbpm-case-mgmt/jbpm-case-mgmt-impl,nondex,org.jbpm.casemgmt.impl.CaseServiceImplTest#testPerCaseCleanup,org.jbpm.casemgmt.impl.CaseServiceImplTest#testPerCaseCleanup
jbpm,https://github.com/kiegroup/jbpm,f7e80e82b7670c09485ce83869a287ef51dcb59c,jbpm-case-mgmt/jbpm-case-mgmt-impl,nondex,org.jbpm.casemgmt.impl.CaseServiceImplTest#testPerCaseEnsureCleanupInDisposeEngine,org.jbpm.casemgmt.impl.CaseServiceImplTest#testPerCaseEnsureCleanupInDisposeEngine
jbpm,https://github.com/kiegroup/jbpm,f7e80e82b7670c09485ce83869a287ef51dcb59c,jbpm-case-mgmt/jbpm-case-mgmt-impl,nondex,org.jbpm.casemgmt.impl.CaseServiceImplTest#testRemoveNotExistingCaseComment,org.jbpm.casemgmt.impl.CaseServiceImplTest#testRemoveNotExistingCaseComment
jbpm,https://github.com/kiegroup/jbpm,f7e80e82b7670c09485ce83869a287ef51dcb59c,jbpm-case-mgmt/jbpm-case-mgmt-impl,nondex,org.jbpm.casemgmt.impl.CaseServiceImplTest#testReopenAfterAddingDynamicSubprocess,org.jbpm.casemgmt.impl.CaseServiceImplTest#testReopenAfterAddingDynamicSubprocess
jbpm,https://github.com/kiegroup/jbpm,f7e80e82b7670c09485ce83869a287ef51dcb59c,jbpm-case-mgmt/jbpm-case-mgmt-impl,nondex,org.jbpm.casemgmt.impl.CaseServiceImplTest#testStartCaseForMultiInstanceStagesAddDynamicNodes,org.jbpm.casemgmt.impl.CaseServiceImplTest#testStartCaseForMultiInstanceStagesAddDynamicNodes
jbpm,https://github.com/kiegroup/jbpm,f7e80e82b7670c09485ce83869a287ef51dcb59c,jbpm-case-mgmt/jbpm-case-mgmt-impl,nondex,org.jbpm.casemgmt.impl.CaseServiceImplTest#testStartCaseForMultiInstanceStagesTriggerAdHocFragment,org.jbpm.casemgmt.impl.CaseServiceImplTest#testStartCaseForMultiInstanceStagesTriggerAdHocFragment
jbpm,https://github.com/kiegroup/jbpm,f7e80e82b7670c09485ce83869a287ef51dcb59c,jbpm-case-mgmt/jbpm-case-mgmt-impl,nondex,org.jbpm.casemgmt.impl.CaseServiceImplTest#testStartCaseWithConditionalEvent,org.jbpm.casemgmt.impl.CaseServiceImplTest#testStartCaseWithConditionalEvent
jbpm,https://github.com/kiegroup/jbpm,f7e80e82b7670c09485ce83869a287ef51dcb59c,jbpm-case-mgmt/jbpm-case-mgmt-impl,nondex,org.jbpm.casemgmt.impl.CaseServiceImplTest#testStartCaseWithConditionalEventCompleteCase,org.jbpm.casemgmt.impl.CaseServiceImplTest#testStartCaseWithConditionalEventCompleteCase
jbpm,https://github.com/kiegroup/jbpm,f7e80e82b7670c09485ce83869a287ef51dcb59c,jbpm-case-mgmt/jbpm-case-mgmt-impl,nondex,org.jbpm.casemgmt.impl.CaseServiceImplTest#testStartCaseWithStageAndAdHocFragments,org.jbpm.casemgmt.impl.CaseServiceImplTest#testStartCaseWithStageAndAdHocFragments
jbpm,https://github.com/kiegroup/jbpm,f7e80e82b7670c09485ce83869a287ef51dcb59c,jbpm-case-mgmt/jbpm-case-mgmt-impl,nondex,org.jbpm.casemgmt.impl.CaseServiceImplTest#testStartCaseWithoutStartNode,org.jbpm.casemgmt.impl.CaseServiceImplTest#testStartCaseWithoutStartNode
jbpm,https://github.com/kiegroup/jbpm,f7e80e82b7670c09485ce83869a287ef51dcb59c,jbpm-case-mgmt/jbpm-case-mgmt-impl,nondex,org.jbpm.casemgmt.impl.CaseServiceImplTest#testStartEmptyCase,org.jbpm.casemgmt.impl.CaseServiceImplTest#testStartEmptyCase
jbpm,https://github.com/kiegroup/jbpm,f7e80e82b7670c09485ce83869a287ef51dcb59c,jbpm-case-mgmt/jbpm-case-mgmt-impl,nondex,org.jbpm.casemgmt.impl.CaseServiceImplTest#testStartEmptyCaseAndClose,org.jbpm.casemgmt.impl.CaseServiceImplTest#testStartEmptyCaseAndClose
jbpm,https://github.com/kiegroup/jbpm,f7e80e82b7670c09485ce83869a287ef51dcb59c,jbpm-case-mgmt/jbpm-case-mgmt-impl,nondex,org.jbpm.casemgmt.impl.CaseServiceImplTest#testStartEmptyCaseAndDestroy,org.jbpm.casemgmt.impl.CaseServiceImplTest#testStartEmptyCaseAndDestroy
jbpm,https://github.com/kiegroup/jbpm,f7e80e82b7670c09485ce83869a287ef51dcb59c,jbpm-case-mgmt/jbpm-case-mgmt-impl,nondex,org.jbpm.casemgmt.impl.CaseServiceImplTest#testStartEmptyCaseChangeOwner,org.jbpm.casemgmt.impl.CaseServiceImplTest#testStartEmptyCaseChangeOwner
jbpm,https://github.com/kiegroup/jbpm,f7e80e82b7670c09485ce83869a287ef51dcb59c,jbpm-case-mgmt/jbpm-case-mgmt-impl,nondex,org.jbpm.casemgmt.impl.CaseServiceImplTest#testStartEmptyCaseUsingCaseFileOwner,org.jbpm.casemgmt.impl.CaseServiceImplTest#testStartEmptyCaseUsingCaseFileOwner
jbpm,https://github.com/kiegroup/jbpm,f7e80e82b7670c09485ce83869a287ef51dcb59c,jbpm-case-mgmt/jbpm-case-mgmt-impl,nondex,org.jbpm.casemgmt.impl.CaseServiceImplTest#testStartEmptyCaseUsingCaseFileOwnerAsLoggedInUser,org.jbpm.casemgmt.impl.CaseServiceImplTest#testStartEmptyCaseUsingCaseFileOwnerAsLoggedInUser
jbpm,https://github.com/kiegroup/jbpm,f7e80e82b7670c09485ce83869a287ef51dcb59c,jbpm-case-mgmt/jbpm-case-mgmt-impl,nondex,org.jbpm.casemgmt.impl.CaseServiceImplTest#testStartEmptyCaseUsingLoggedInOwner,org.jbpm.casemgmt.impl.CaseServiceImplTest#testStartEmptyCaseUsingLoggedInOwner
jbpm,https://github.com/kiegroup/jbpm,f7e80e82b7670c09485ce83869a287ef51dcb59c,jbpm-case-mgmt/jbpm-case-mgmt-impl,nondex,org.jbpm.casemgmt.impl.CaseServiceImplTest#testStartEmptyCaseViaProcessService,org.jbpm.casemgmt.impl.CaseServiceImplTest#testStartEmptyCaseViaProcessService
jbpm,https://github.com/kiegroup/jbpm,f7e80e82b7670c09485ce83869a287ef51dcb59c,jbpm-case-mgmt/jbpm-case-mgmt-impl,nondex,org.jbpm.casemgmt.impl.CaseServiceImplTest#testStartEmptyCaseViaProcessServiceWithoutCorrelationKey,org.jbpm.casemgmt.impl.CaseServiceImplTest#testStartEmptyCaseViaProcessServiceWithoutCorrelationKey
jbpm,https://github.com/kiegroup/jbpm,f7e80e82b7670c09485ce83869a287ef51dcb59c,jbpm-case-mgmt/jbpm-case-mgmt-impl,nondex,org.jbpm.casemgmt.impl.CaseServiceImplTest#testStartEmptyCaseViaProcessServiceWithoutCorrelationKeyWithMilestones,org.jbpm.casemgmt.impl.CaseServiceImplTest#testStartEmptyCaseViaProcessServiceWithoutCorrelationKeyWithMilestones
jbpm,https://github.com/kiegroup/jbpm,f7e80e82b7670c09485ce83869a287ef51dcb59c,jbpm-case-mgmt/jbpm-case-mgmt-impl,nondex,org.jbpm.casemgmt.impl.CaseServiceImplTest#testStartEmptyCaseWithCaseFile,org.jbpm.casemgmt.impl.CaseServiceImplTest#testStartEmptyCaseWithCaseFile
jbpm,https://github.com/kiegroup/jbpm,f7e80e82b7670c09485ce83869a287ef51dcb59c,jbpm-case-mgmt/jbpm-case-mgmt-impl,nondex,org.jbpm.casemgmt.impl.CaseServiceImplTest#testStartEmptyCaseWithCaseFileAndDocument,org.jbpm.casemgmt.impl.CaseServiceImplTest#testStartEmptyCaseWithCaseFileAndDocument
jbpm,https://github.com/kiegroup/jbpm,f7e80e82b7670c09485ce83869a287ef51dcb59c,jbpm-case-mgmt/jbpm-case-mgmt-impl,nondex,org.jbpm.casemgmt.impl.CaseServiceImplTest#testStartEmptyCaseWithCaseFileValueTooLong,org.jbpm.casemgmt.impl.CaseServiceImplTest#testStartEmptyCaseWithCaseFileValueTooLong
jbpm,https://github.com/kiegroup/jbpm,f7e80e82b7670c09485ce83869a287ef51dcb59c,jbpm-case-mgmt/jbpm-case-mgmt-impl,nondex,org.jbpm.casemgmt.impl.CaseServiceImplTest#testStartExpressionCaseWithCaseFile,org.jbpm.casemgmt.impl.CaseServiceImplTest#testStartExpressionCaseWithCaseFile
jbpm,https://github.com/kiegroup/jbpm,f7e80e82b7670c09485ce83869a287ef51dcb59c,jbpm-case-mgmt/jbpm-case-mgmt-impl,nondex,org.jbpm.casemgmt.impl.CaseServiceImplTest#testStartScriptRoleAssignmentCase,org.jbpm.casemgmt.impl.CaseServiceImplTest#testStartScriptRoleAssignmentCase
jbpm,https://github.com/kiegroup/jbpm,f7e80e82b7670c09485ce83869a287ef51dcb59c,jbpm-case-mgmt/jbpm-case-mgmt-impl,nondex,org.jbpm.casemgmt.impl.CaseServiceImplTest#testStartThenCancelRetrieveCaseFile,org.jbpm.casemgmt.impl.CaseServiceImplTest#testStartThenCancelRetrieveCaseFile
jbpm,https://github.com/kiegroup/jbpm,f7e80e82b7670c09485ce83869a287ef51dcb59c,jbpm-case-mgmt/jbpm-case-mgmt-impl,nondex,org.jbpm.casemgmt.impl.CaseServiceImplTest#testStartThenReopenActiveCase,org.jbpm.casemgmt.impl.CaseServiceImplTest#testStartThenReopenActiveCase
jbpm,https://github.com/kiegroup/jbpm,f7e80e82b7670c09485ce83869a287ef51dcb59c,jbpm-case-mgmt/jbpm-case-mgmt-impl,nondex,org.jbpm.casemgmt.impl.CaseServiceImplTest#testStartThenReopenDestroyedCase,org.jbpm.casemgmt.impl.CaseServiceImplTest#testStartThenReopenDestroyedCase
jbpm,https://github.com/kiegroup/jbpm,f7e80e82b7670c09485ce83869a287ef51dcb59c,jbpm-case-mgmt/jbpm-case-mgmt-impl,nondex,org.jbpm.casemgmt.impl.CaseServiceImplTest#testStartThenReopenEmptyCase,org.jbpm.casemgmt.impl.CaseServiceImplTest#testStartThenReopenEmptyCase
jbpm,https://github.com/kiegroup/jbpm,f7e80e82b7670c09485ce83869a287ef51dcb59c,jbpm-case-mgmt/jbpm-case-mgmt-impl,nondex,org.jbpm.casemgmt.impl.CaseServiceImplTest#testStartThenReopenEmptyCaseUpdateData,org.jbpm.casemgmt.impl.CaseServiceImplTest#testStartThenReopenEmptyCaseUpdateData
jbpm,https://github.com/kiegroup/jbpm,f7e80e82b7670c09485ce83869a287ef51dcb59c,jbpm-case-mgmt/jbpm-case-mgmt-impl,nondex,org.jbpm.casemgmt.impl.CaseServiceImplTest#testStartThenReopenEmptyCaseUpdateDescription,org.jbpm.casemgmt.impl.CaseServiceImplTest#testStartThenReopenEmptyCaseUpdateDescription
jbpm,https://github.com/kiegroup/jbpm,f7e80e82b7670c09485ce83869a287ef51dcb59c,jbpm-case-mgmt/jbpm-case-mgmt-impl,nondex,org.jbpm.casemgmt.impl.CaseServiceImplTest#testSystemUserCaseAuthorization,org.jbpm.casemgmt.impl.CaseServiceImplTest#testSystemUserCaseAuthorization
jbpm,https://github.com/kiegroup/jbpm,f7e80e82b7670c09485ce83869a287ef51dcb59c,jbpm-case-mgmt/jbpm-case-mgmt-impl,nondex,org.jbpm.casemgmt.impl.CaseServiceImplTest#testSystemUserCaseCommentsAuthorization,org.jbpm.casemgmt.impl.CaseServiceImplTest#testSystemUserCaseCommentsAuthorization
jbpm,https://github.com/kiegroup/jbpm,f7e80e82b7670c09485ce83869a287ef51dcb59c,jbpm-case-mgmt/jbpm-case-mgmt-impl,nondex,org.jbpm.casemgmt.impl.CaseServiceImplTest#testSystemUserCaseDataAuthorization,org.jbpm.casemgmt.impl.CaseServiceImplTest#testSystemUserCaseDataAuthorization
jbpm,https://github.com/kiegroup/jbpm,f7e80e82b7670c09485ce83869a287ef51dcb59c,jbpm-case-mgmt/jbpm-case-mgmt-impl,nondex,org.jbpm.casemgmt.impl.CaseServiceImplTest#testTriggerAdHocTasksFromCurrentAndNextStage,org.jbpm.casemgmt.impl.CaseServiceImplTest#testTriggerAdHocTasksFromCurrentAndNextStage
jbpm,https://github.com/kiegroup/jbpm,f7e80e82b7670c09485ce83869a287ef51dcb59c,jbpm-case-mgmt/jbpm-case-mgmt-impl,nondex,org.jbpm.casemgmt.impl.CaseServiceImplTest#testTriggerMultipleAdHocTasks,org.jbpm.casemgmt.impl.CaseServiceImplTest#testTriggerMultipleAdHocTasks
jbpm,https://github.com/kiegroup/jbpm,f7e80e82b7670c09485ce83869a287ef51dcb59c,jbpm-case-mgmt/jbpm-case-mgmt-impl,nondex,org.jbpm.casemgmt.impl.CaseServiceImplTest#testTriggerNotExistingAdHocFragment,org.jbpm.casemgmt.impl.CaseServiceImplTest#testTriggerNotExistingAdHocFragment
jbpm,https://github.com/kiegroup/jbpm,f7e80e82b7670c09485ce83869a287ef51dcb59c,jbpm-case-mgmt/jbpm-case-mgmt-impl,nondex,org.jbpm.casemgmt.impl.CaseServiceImplTest#testTriggerTaskAndMilestoneInCase,org.jbpm.casemgmt.impl.CaseServiceImplTest#testTriggerTaskAndMilestoneInCase
jbpm,https://github.com/kiegroup/jbpm,f7e80e82b7670c09485ce83869a287ef51dcb59c,jbpm-case-mgmt/jbpm-case-mgmt-impl,nondex,org.jbpm.casemgmt.impl.CaseServiceImplTest#testTriggerTaskAndMilestoneInCaseFakeMatchCreated,org.jbpm.casemgmt.impl.CaseServiceImplTest#testTriggerTaskAndMilestoneInCaseFakeMatchCreated
jbpm,https://github.com/kiegroup/jbpm,f7e80e82b7670c09485ce83869a287ef51dcb59c,jbpm-case-mgmt/jbpm-case-mgmt-impl,nondex,org.jbpm.casemgmt.impl.CaseServiceImplTest#testUpdateNotExistingCaseComment,org.jbpm.casemgmt.impl.CaseServiceImplTest#testUpdateNotExistingCaseComment
jbpm,https://github.com/kiegroup/jbpm,f7e80e82b7670c09485ce83869a287ef51dcb59c,jbpm-case-mgmt/jbpm-case-mgmt-impl,nondex,org.jbpm.casemgmt.impl.CaseServiceImplTest#testUserTaskCaseDataItemWithRestrictions,org.jbpm.casemgmt.impl.CaseServiceImplTest#testUserTaskCaseDataItemWithRestrictions
jbpm,https://github.com/kiegroup/jbpm,f7e80e82b7670c09485ce83869a287ef51dcb59c,jbpm-case-mgmt/jbpm-case-mgmt-impl,nondex,org.jbpm.casemgmt.impl.CaseServiceImplTest#testUserTaskCaseSearchByInitialCaseFileData,org.jbpm.casemgmt.impl.CaseServiceImplTest#testUserTaskCaseSearchByInitialCaseFileData
jbpm,https://github.com/kiegroup/jbpm,f7e80e82b7670c09485ce83869a287ef51dcb59c,jbpm-case-mgmt/jbpm-case-mgmt-impl,nondex,org.jbpm.casemgmt.impl.CaseServiceImplTest#testUserTaskToCaseSearchByCaseFileData,org.jbpm.casemgmt.impl.CaseServiceImplTest#testUserTaskToCaseSearchByCaseFileData
jbpm,https://github.com/kiegroup/jbpm,f7e80e82b7670c09485ce83869a287ef51dcb59c,jbpm-case-mgmt/jbpm-case-mgmt-impl,nondex,org.jbpm.casemgmt.impl.CaseServiceImplTest#testUserTaskToCaseWithStageComplete,org.jbpm.casemgmt.impl.CaseServiceImplTest#testUserTaskToCaseWithStageComplete
jbpm,https://github.com/kiegroup/jbpm,f7e80e82b7670c09485ce83869a287ef51dcb59c,jbpm-case-mgmt/jbpm-case-mgmt-impl,nondex,org.jbpm.casemgmt.impl.CaseServiceImplTest#testUserTaskToCaseWithStageCompleteCaseDataItem,org.jbpm.casemgmt.impl.CaseServiceImplTest#testUserTaskToCaseWithStageCompleteCaseDataItem
jbpm,https://github.com/kiegroup/jbpm,f7e80e82b7670c09485ce83869a287ef51dcb59c,jbpm-case-mgmt/jbpm-case-mgmt-impl,nondex,org.jbpm.casemgmt.impl.CaseWithJPADataTest#testStartCaseInOneGoWithJPAData,org.jbpm.casemgmt.impl.CaseWithJPADataTest#testStartCaseInOneGoWithJPAData
jbpm,https://github.com/kiegroup/jbpm,f7e80e82b7670c09485ce83869a287ef51dcb59c,jbpm-case-mgmt/jbpm-case-mgmt-impl,nondex,org.jbpm.casemgmt.impl.CaseWithJPADataTest#testStartEmptyCaseWithJPAData,org.jbpm.casemgmt.impl.CaseWithJPADataTest#testStartEmptyCaseWithJPAData
jbpm,https://github.com/kiegroup/jbpm,f7e80e82b7670c09485ce83869a287ef51dcb59c,jbpm-case-mgmt/jbpm-case-mgmt-impl,nondex,org.jbpm.casemgmt.impl.StageActivationConditionTest#testAutoComplete,org.jbpm.casemgmt.impl.StageActivationConditionTest#testAutoComplete
jbpm,https://github.com/kiegroup/jbpm,f7e80e82b7670c09485ce83869a287ef51dcb59c,jbpm-case-mgmt/jbpm-case-mgmt-impl,nondex,org.jbpm.casemgmt.impl.StageActivationConditionTest#testAutoCompleteCheckActivationData,org.jbpm.casemgmt.impl.StageActivationConditionTest#testAutoCompleteCheckActivationData
jbpm,https://github.com/kiegroup/jbpm,f7e80e82b7670c09485ce83869a287ef51dcb59c,jbpm-case-mgmt/jbpm-case-mgmt-impl,nondex,org.jbpm.casemgmt.impl.StageActivationConditionTest#testReopenWithCaseFileReevaluation,org.jbpm.casemgmt.impl.StageActivationConditionTest#testReopenWithCaseFileReevaluation
jbpm,https://github.com/kiegroup/jbpm,f7e80e82b7670c09485ce83869a287ef51dcb59c,jbpm-case-mgmt/jbpm-case-mgmt-impl,nondex,org.jbpm.casemgmt.impl.StageCancelTest#testCancelStageAutoComplete,org.jbpm.casemgmt.impl.StageCancelTest#testCancelStageAutoComplete
jbpm,https://github.com/kiegroup/jbpm,f7e80e82b7670c09485ce83869a287ef51dcb59c,jbpm-case-mgmt/jbpm-case-mgmt-impl,nondex,org.jbpm.casemgmt.impl.StageCancelTest#testCancelStageForMultiInstanceStages,org.jbpm.casemgmt.impl.StageCancelTest#testCancelStageForMultiInstanceStages
jbpm,https://github.com/kiegroup/jbpm,f7e80e82b7670c09485ce83869a287ef51dcb59c,jbpm-case-mgmt/jbpm-case-mgmt-impl,nondex,org.jbpm.casemgmt.impl.StageCancelTest#testCancelStageNoAutoComplete,org.jbpm.casemgmt.impl.StageCancelTest#testCancelStageNoAutoComplete
jbpm,https://github.com/kiegroup/jbpm,f7e80e82b7670c09485ce83869a287ef51dcb59c,jbpm-case-mgmt/jbpm-case-mgmt-impl,nondex,org.jbpm.casemgmt.impl.StageCompletionConditionTest#testAutoComplete,org.jbpm.casemgmt.impl.StageCompletionConditionTest#testAutoComplete
jbpm,https://github.com/kiegroup/jbpm,f7e80e82b7670c09485ce83869a287ef51dcb59c,jbpm-case-mgmt/jbpm-case-mgmt-impl,nondex,org.jbpm.casemgmt.impl.StageCompletionConditionTest#testAutoCompleteDynamicSubProcess,org.jbpm.casemgmt.impl.StageCompletionConditionTest#testAutoCompleteDynamicSubProcess
jbpm,https://github.com/kiegroup/jbpm,f7e80e82b7670c09485ce83869a287ef51dcb59c,jbpm-case-mgmt/jbpm-case-mgmt-impl,nondex,org.jbpm.casemgmt.impl.StageCompletionConditionTest#testAutoCompleteDynamicTask,org.jbpm.casemgmt.impl.StageCompletionConditionTest#testAutoCompleteDynamicTask
jbpm,https://github.com/kiegroup/jbpm,f7e80e82b7670c09485ce83869a287ef51dcb59c,jbpm-case-mgmt/jbpm-case-mgmt-impl,nondex,org.jbpm.casemgmt.impl.StageCompletionConditionTest#testAutoCompleteNoAutoStartTask,org.jbpm.casemgmt.impl.StageCompletionConditionTest#testAutoCompleteNoAutoStartTask
jbpm,https://github.com/kiegroup/jbpm,f7e80e82b7670c09485ce83869a287ef51dcb59c,jbpm-case-mgmt/jbpm-case-mgmt-impl,nondex,org.jbpm.casemgmt.impl.StageCompletionConditionTest#testAutoCompleteNoAutoStartTaskAdHocInNotExistingStage,org.jbpm.casemgmt.impl.StageCompletionConditionTest#testAutoCompleteNoAutoStartTaskAdHocInNotExistingStage
jbpm,https://github.com/kiegroup/jbpm,f7e80e82b7670c09485ce83869a287ef51dcb59c,jbpm-case-mgmt/jbpm-case-mgmt-impl,nondex,org.jbpm.casemgmt.impl.StageCompletionConditionTest#testAutoCompleteNoAutoStartTaskAdHocInStage,org.jbpm.casemgmt.impl.StageCompletionConditionTest#testAutoCompleteNoAutoStartTaskAdHocInStage
jbpm,https://github.com/kiegroup/jbpm,f7e80e82b7670c09485ce83869a287ef51dcb59c,jbpm-case-mgmt/jbpm-case-mgmt-impl,nondex,org.jbpm.casemgmt.impl.StageCompletionConditionTest#testAutoCompleteNoAutoStartTaskNotExistingAdHocInStage,org.jbpm.casemgmt.impl.StageCompletionConditionTest#testAutoCompleteNoAutoStartTaskNotExistingAdHocInStage
jbpm,https://github.com/kiegroup/jbpm,f7e80e82b7670c09485ce83869a287ef51dcb59c,jbpm-case-mgmt/jbpm-case-mgmt-impl,nondex,org.jbpm.casemgmt.impl.StageCompletionConditionTest#testCaseDataVariableBoolean,org.jbpm.casemgmt.impl.StageCompletionConditionTest#testCaseDataVariableBoolean
jbpm,https://github.com/kiegroup/jbpm,f7e80e82b7670c09485ce83869a287ef51dcb59c,jbpm-case-mgmt/jbpm-case-mgmt-impl,nondex,org.jbpm.casemgmt.impl.StageCompletionConditionTest#testCaseDataVariableCompleteTask,org.jbpm.casemgmt.impl.StageCompletionConditionTest#testCaseDataVariableCompleteTask
jbpm,https://github.com/kiegroup/jbpm,f7e80e82b7670c09485ce83869a287ef51dcb59c,jbpm-case-mgmt/jbpm-case-mgmt-impl,nondex,org.jbpm.casemgmt.impl.StageCompletionConditionTest#testCaseDataVariableInteger,org.jbpm.casemgmt.impl.StageCompletionConditionTest#testCaseDataVariableInteger
jbpm,https://github.com/kiegroup/jbpm,f7e80e82b7670c09485ce83869a287ef51dcb59c,jbpm-case-mgmt/jbpm-case-mgmt-impl,nondex,org.jbpm.casemgmt.impl.StageCompletionConditionTest#testCaseDataVariableString,org.jbpm.casemgmt.impl.StageCompletionConditionTest#testCaseDataVariableString
jbpm,https://github.com/kiegroup/jbpm,f7e80e82b7670c09485ce83869a287ef51dcb59c,jbpm-case-mgmt/jbpm-case-mgmt-impl,nondex,org.jbpm.casemgmt.impl.StageCompletionConditionTest#testCaseFileVariable,org.jbpm.casemgmt.impl.StageCompletionConditionTest#testCaseFileVariable
jbpm,https://github.com/kiegroup/jbpm,f7e80e82b7670c09485ce83869a287ef51dcb59c,jbpm-case-mgmt/jbpm-case-mgmt-impl,nondex,org.jbpm.casemgmt.impl.StageCompletionConditionTest#testCaseFileVariableWithProcessVariable,org.jbpm.casemgmt.impl.StageCompletionConditionTest#testCaseFileVariableWithProcessVariable
jbpm,https://github.com/kiegroup/jbpm,f7e80e82b7670c09485ce83869a287ef51dcb59c,jbpm-case-mgmt/jbpm-case-mgmt-impl,nondex,org.jbpm.casemgmt.impl.StageCompletionConditionTest#testCaseFileVariableWithoutPrefix,org.jbpm.casemgmt.impl.StageCompletionConditionTest#testCaseFileVariableWithoutPrefix
jbpm,https://github.com/kiegroup/jbpm,f7e80e82b7670c09485ce83869a287ef51dcb59c,jbpm-case-mgmt/jbpm-case-mgmt-impl,nondex,org.jbpm.casemgmt.impl.StageCompletionConditionTest#testNoActiveTasksCondition,org.jbpm.casemgmt.impl.StageCompletionConditionTest#testNoActiveTasksCondition
jbpm,https://github.com/kiegroup/jbpm,f7e80e82b7670c09485ce83869a287ef51dcb59c,jbpm-case-mgmt/jbpm-case-mgmt-impl,nondex,org.jbpm.casemgmt.impl.StageCompletionConditionTest#testProcessVariable,org.jbpm.casemgmt.impl.StageCompletionConditionTest#testProcessVariable
jbpm,https://github.com/kiegroup/jbpm,f7e80e82b7670c09485ce83869a287ef51dcb59c,jbpm-case-mgmt/jbpm-case-mgmt-impl,nondex,org.jbpm.casemgmt.impl.SubCaseServiceImplTest#testCaseWithSubCaseQuery,org.jbpm.casemgmt.impl.SubCaseServiceImplTest#testCaseWithSubCaseQuery
jbpm,https://github.com/kiegroup/jbpm,f7e80e82b7670c09485ce83869a287ef51dcb59c,jbpm-case-mgmt/jbpm-case-mgmt-impl,nondex,org.jbpm.casemgmt.impl.SubCaseServiceImplTest#testStartCaseWithDynamicSubCaseAbortMainCase,org.jbpm.casemgmt.impl.SubCaseServiceImplTest#testStartCaseWithDynamicSubCaseAbortMainCase
jbpm,https://github.com/kiegroup/jbpm,f7e80e82b7670c09485ce83869a287ef51dcb59c,jbpm-case-mgmt/jbpm-case-mgmt-impl,nondex,org.jbpm.casemgmt.impl.SubCaseServiceImplTest#testStartCaseWithDynamicSubCaseCancelSubCase,org.jbpm.casemgmt.impl.SubCaseServiceImplTest#testStartCaseWithDynamicSubCaseCancelSubCase
jbpm,https://github.com/kiegroup/jbpm,f7e80e82b7670c09485ce83869a287ef51dcb59c,jbpm-case-mgmt/jbpm-case-mgmt-impl,nondex,org.jbpm.casemgmt.impl.SubCaseServiceImplTest#testStartCaseWithDynamicSubCaseCloseSubCase,org.jbpm.casemgmt.impl.SubCaseServiceImplTest#testStartCaseWithDynamicSubCaseCloseSubCase
jbpm,https://github.com/kiegroup/jbpm,f7e80e82b7670c09485ce83869a287ef51dcb59c,jbpm-case-mgmt/jbpm-case-mgmt-impl,nondex,org.jbpm.casemgmt.impl.SubCaseServiceImplTest#testStartCaseWithDynamicSubCaseDestroySubCase,org.jbpm.casemgmt.impl.SubCaseServiceImplTest#testStartCaseWithDynamicSubCaseDestroySubCase
jbpm,https://github.com/kiegroup/jbpm,f7e80e82b7670c09485ce83869a287ef51dcb59c,jbpm-case-mgmt/jbpm-case-mgmt-impl,nondex,org.jbpm.casemgmt.impl.SubCaseServiceImplTest#testStartCaseWithIndependentDynamicSubCaseAbortMainCase,org.jbpm.casemgmt.impl.SubCaseServiceImplTest#testStartCaseWithIndependentDynamicSubCaseAbortMainCase
jbpm,https://github.com/kiegroup/jbpm,f7e80e82b7670c09485ce83869a287ef51dcb59c,jbpm-case-mgmt/jbpm-case-mgmt-impl,nondex,org.jbpm.casemgmt.impl.SubCaseServiceImplTest#testStartCaseWithIndependentDynamicSubCaseCancelSubCase,org.jbpm.casemgmt.impl.SubCaseServiceImplTest#testStartCaseWithIndependentDynamicSubCaseCancelSubCase
jbpm,https://github.com/kiegroup/jbpm,f7e80e82b7670c09485ce83869a287ef51dcb59c,jbpm-case-mgmt/jbpm-case-mgmt-impl,nondex,org.jbpm.casemgmt.impl.SubCaseServiceImplTest#testStartCaseWithIndependentDynamicSubCaseCloseSubCase,org.jbpm.casemgmt.impl.SubCaseServiceImplTest#testStartCaseWithIndependentDynamicSubCaseCloseSubCase
jbpm,https://github.com/kiegroup/jbpm,f7e80e82b7670c09485ce83869a287ef51dcb59c,jbpm-case-mgmt/jbpm-case-mgmt-impl,nondex,org.jbpm.casemgmt.impl.SubCaseServiceImplTest#testStartCaseWithIndependentDynamicSubCaseDestroySubCase,org.jbpm.casemgmt.impl.SubCaseServiceImplTest#testStartCaseWithIndependentDynamicSubCaseDestroySubCase
jbpm,https://github.com/kiegroup/jbpm,f7e80e82b7670c09485ce83869a287ef51dcb59c,jbpm-case-mgmt/jbpm-case-mgmt-impl,nondex,org.jbpm.casemgmt.impl.SubCaseServiceImplTest#testStartCaseWithSubCaseAbortProcessInstanceOfSubCase,org.jbpm.casemgmt.impl.SubCaseServiceImplTest#testStartCaseWithSubCaseAbortProcessInstanceOfSubCase
jbpm,https://github.com/kiegroup/jbpm,f7e80e82b7670c09485ce83869a287ef51dcb59c,jbpm-case-mgmt/jbpm-case-mgmt-impl,nondex,org.jbpm.casemgmt.impl.SubCaseServiceImplTest#testStartCaseWithSubCaseDestroySubCase,org.jbpm.casemgmt.impl.SubCaseServiceImplTest#testStartCaseWithSubCaseDestroySubCase
jbpm,https://github.com/kiegroup/jbpm,f7e80e82b7670c09485ce83869a287ef51dcb59c,jbpm-case-mgmt/jbpm-case-mgmt-impl,nondex,org.jbpm.casemgmt.impl.SubCaseServiceImplTest#testStartProcessWithSubCaseDestroySubCase,org.jbpm.casemgmt.impl.SubCaseServiceImplTest#testStartProcessWithSubCaseDestroySubCase
jbpm,https://github.com/kiegroup/jbpm,f7e80e82b7670c09485ce83869a287ef51dcb59c,jbpm-case-mgmt/jbpm-case-mgmt-impl,nondex,org.jbpm.casemgmt.impl.admin.CaseInstanceMigrationServiceImplTest#testMigrateSingleCaseInstance,org.jbpm.casemgmt.impl.admin.CaseInstanceMigrationServiceImplTest#testMigrateSingleCaseInstance
jbpm,https://github.com/kiegroup/jbpm,f7e80e82b7670c09485ce83869a287ef51dcb59c,jbpm-case-mgmt/jbpm-case-mgmt-impl,nondex,org.jbpm.casemgmt.impl.admin.CaseInstanceMigrationServiceImplTest#testMigrateSingleCaseInstanceMissingMapping,org.jbpm.casemgmt.impl.admin.CaseInstanceMigrationServiceImplTest#testMigrateSingleCaseInstanceMissingMapping
jbpm,https://github.com/kiegroup/jbpm,f7e80e82b7670c09485ce83869a287ef51dcb59c,jbpm-case-mgmt/jbpm-case-mgmt-impl,nondex,org.jbpm.casemgmt.impl.admin.CaseInstanceMigrationServiceImplTest#testMigrateSingleCaseInstanceNotExisting,org.jbpm.casemgmt.impl.admin.CaseInstanceMigrationServiceImplTest#testMigrateSingleCaseInstanceNotExisting
jbpm,https://github.com/kiegroup/jbpm,f7e80e82b7670c09485ce83869a287ef51dcb59c,jbpm-case-mgmt/jbpm-case-mgmt-impl,nondex,org.jbpm.casemgmt.impl.admin.CaseInstanceMigrationServiceImplTest#testMigrateSingleCaseInstanceWithDynamicSubprocess,org.jbpm.casemgmt.impl.admin.CaseInstanceMigrationServiceImplTest#testMigrateSingleCaseInstanceWithDynamicSubprocess
jbpm,https://github.com/kiegroup/jbpm,f7e80e82b7670c09485ce83869a287ef51dcb59c,jbpm-case-mgmt/jbpm-case-mgmt-impl,nondex,org.jbpm.casemgmt.impl.admin.CaseInstanceMigrationServiceImplTest#testMigrateSingleCaseInstanceWithDynamicSubprocessNodeMapping,org.jbpm.casemgmt.impl.admin.CaseInstanceMigrationServiceImplTest#testMigrateSingleCaseInstanceWithDynamicSubprocessNodeMapping
jbpm,https://github.com/kiegroup/jbpm,f7e80e82b7670c09485ce83869a287ef51dcb59c,jbpm-case-mgmt/jbpm-case-mgmt-impl,nondex,org.jbpm.casemgmt.impl.admin.CaseInstanceMigrationServiceImplTest#testMigrateSingleCaseInstanceWithDynamicSubprocessRevert,org.jbpm.casemgmt.impl.admin.CaseInstanceMigrationServiceImplTest#testMigrateSingleCaseInstanceWithDynamicSubprocessRevert
jbpm,https://github.com/kiegroup/jbpm,f7e80e82b7670c09485ce83869a287ef51dcb59c,jbpm-case-mgmt/jbpm-case-mgmt-impl,nondex,org.jbpm.casemgmt.impl.event.CommentNotificationEventListenerTest#testNotificationOnCommentAdded,org.jbpm.casemgmt.impl.event.CommentNotificationEventListenerTest#testNotificationOnCommentAdded
jbpm,https://github.com/kiegroup/jbpm,f7e80e82b7670c09485ce83869a287ef51dcb59c,jbpm-case-mgmt/jbpm-case-mgmt-impl,nondex,org.jbpm.casemgmt.impl.event.CommentNotificationEventListenerTest#testNotificationOnCommentAddedWithRawBody,org.jbpm.casemgmt.impl.event.CommentNotificationEventListenerTest#testNotificationOnCommentAddedWithRawBody
jmeter-datadog-backend-listener,https://github.com/DataDog/jmeter-datadog-backend-listener,4b237366bf81050e56aa4d96944cffcd594593c0,.,nondex,org.datadog.jmeter.plugins.DatadogBackendClientTest#testExtractLogs,org.datadog.jmeter.plugins.DatadogBackendClientTest#testExtractLogs
jmeter-maven-plugin,https://github.com/jmeter-maven-plugin/jmeter-maven-plugin,618363c461843ec2849cdc15d53ee85bdbaec3f2,.,nondex,com.lazerycode.jmeter.json.TestConfigTest#createConfigFromResourceFile,com.lazerycode.jmeter.json.TestConfigTest#createConfigFromResourceFile
jnr-posix,https://github.com/jnr/jnr-posix,dbda72ce198a8dd766c30c591d63d726d2a28a7c,.,idflakies,jnr.posix.FileTest.closeTest,jnr.posix.FileTest#closeTest
json-io,https://github.com/jdereg/json-io,8d46689078710b044c80ff577c486e323d035eb5,.,nondex,com.cedarsoftware.util.io.AtomicBooleanTest#testAssignAtomicBoolean,com.cedarsoftware.util.io.AtomicBooleanTest#testAssignAtomicBoolean
json-io,https://github.com/jdereg/json-io,8d46689078710b044c80ff577c486e323d035eb5,.,nondex,com.cedarsoftware.util.io.AtomicIntegerTest#testAssignAtomicInteger,com.cedarsoftware.util.io.AtomicIntegerTest#testAssignAtomicInteger
json-io,https://github.com/jdereg/json-io,8d46689078710b044c80ff577c486e323d035eb5,.,nondex,com.cedarsoftware.util.io.AtomicLongTest#testAssignAtomicLong,com.cedarsoftware.util.io.AtomicLongTest#testAssignAtomicLong
json-io,https://github.com/jdereg/json-io,8d46689078710b044c80ff577c486e323d035eb5,.,nondex,com.cedarsoftware.util.io.CollectionTests#testEnumsInsideOfACollection_whenWritingAsObject_withPrivateMembersIncluded,com.cedarsoftware.util.io.CollectionTests#testEnumsInsideOfACollection_whenWritingAsObject_withPrivateMembersIncluded
json-io,https://github.com/jdereg/json-io,8d46689078710b044c80ff577c486e323d035eb5,.,nondex,com.cedarsoftware.util.io.CollectionTests#testReconstituteCollection2,com.cedarsoftware.util.io.CollectionTests#testReconstituteCollection2
json-io,https://github.com/jdereg/json-io,8d46689078710b044c80ff577c486e323d035eb5,.,nondex,com.cedarsoftware.util.io.EnumTests#testEnumWithPrivateMembersAsField_withPrivatesOn,com.cedarsoftware.util.io.EnumTests#testEnumWithPrivateMembersAsField_withPrivatesOn
json-io,https://github.com/jdereg/json-io,8d46689078710b044c80ff577c486e323d035eb5,.,nondex,com.cedarsoftware.util.io.MapsTest#testMap,com.cedarsoftware.util.io.MapsTest#testMap
json-io,https://github.com/jdereg/json-io,8d46689078710b044c80ff577c486e323d035eb5,.,nondex,com.cedarsoftware.util.io.MapsTest#testReconstituteMap,com.cedarsoftware.util.io.MapsTest#testReconstituteMap
json-io,https://github.com/jdereg/json-io,8d46689078710b044c80ff577c486e323d035eb5,.,nondex,com.cedarsoftware.util.io.PrettyPrintTest#testPrettyPrint,com.cedarsoftware.util.io.PrettyPrintTest#testPrettyPrint
json-io,https://github.com/jdereg/json-io,8d46689078710b044c80ff577c486e323d035eb5,.,nondex,com.cedarsoftware.util.io.TestNoType#testNoType,com.cedarsoftware.util.io.TestNoType#testNoType
json-io,https://github.com/jdereg/json-io,8d46689078710b044c80ff577c486e323d035eb5,.,idflakies,com.cedarsoftware.util.io.TestUsingSunMisc#testImpossibleClass(),com.cedarsoftware.util.io.TestUsingSunMisc#testImpossibleClass()
json-sanitizer,https://github.com/OWASP/json-sanitizer,fc612ab374de73d03864d56fb87b6a103b234489,.,nondex,com.google.json.EvalMinifierTest#testMinify,com.google.json.EvalMinifierTest#testMinify
json-schema,https://github.com/everit-org/json-schema,81f0b2f5381cf964a49570a5f80bc78e12b5982b,core,nondex,org.everit.json.schema.ObjectSchemaTest#multipleSchemaDepViolation,org.everit.json.schema.ObjectSchemaTest#multipleSchemaDepViolation
json-schema,https://github.com/everit-org/json-schema,81f0b2f5381cf964a49570a5f80bc78e12b5982b,core,nondex,org.everit.json.schema.ObjectSchemaTest#toStringNoAdditionalProperties,org.everit.json.schema.ObjectSchemaTest#toStringNoAdditionalProperties
json-schema,https://github.com/everit-org/json-schema,81f0b2f5381cf964a49570a5f80bc78e12b5982b,core,nondex,org.everit.json.schema.ObjectSchemaTest#toStringNoExplicitType,org.everit.json.schema.ObjectSchemaTest#toStringNoExplicitType
json-schema,https://github.com/everit-org/json-schema,81f0b2f5381cf964a49570a5f80bc78e12b5982b,core,nondex,org.everit.json.schema.ObjectSchemaTest#toStringWithUnprocessedProps,org.everit.json.schema.ObjectSchemaTest#toStringWithUnprocessedProps
jsondoc,https://github.com/fabiomaffioletti/jsondoc,de5bd0024b4e5444a541fa4fa4ec518176b646f3,jsondoc-core,nondex,org.jsondoc.core.scanner.builder.JSONDocApiAuthBuilderTest#testApiAuthToken,org.jsondoc.core.scanner.builder.JSONDocApiAuthBuilderTest#testApiAuthToken
jsonex,https://github.com/eBay/jsonex,83cd2edafbca4438abee6542162ab206ad3fedd8,core,nondex,org.jsonex.core.util.ClassUtilTest#testGetProperties,org.jsonex.core.util.ClassUtilTest#testGetProperties
JsonRpc4J,https://github.com/EliasStar/JsonRpc4J,6d7f58389e86efa4f44cc8906a7d1963b7f208b9,.,nondex,eliasstar.gson.OptionalTypeAdapterTests#testOptionalSerialization,eliasstar.gson.OptionalTypeAdapterTests#testOptionalSerialization
JsonRpc4J,https://github.com/EliasStar/JsonRpc4J,6d7f58389e86efa4f44cc8906a7d1963b7f208b9,.,nondex,eliasstar.jsonrpc.ConnectionTests#testNotificationSending,eliasstar.jsonrpc.ConnectionTests#testNotificationSending
JsonRpc4J,https://github.com/EliasStar/JsonRpc4J,6d7f58389e86efa4f44cc8906a7d1963b7f208b9,.,nondex,eliasstar.jsonrpc.objects.NotificationTests#testNotificationSerialization,eliasstar.jsonrpc.objects.NotificationTests#testNotificationSerialization
JsonRpc4J,https://github.com/EliasStar/JsonRpc4J,6d7f58389e86efa4f44cc8906a7d1963b7f208b9,.,nondex,eliasstar.jsonrpc.objects.RequestTests#testRequestIdSerialization,eliasstar.jsonrpc.objects.RequestTests#testRequestIdSerialization
JsonRpc4J,https://github.com/EliasStar/JsonRpc4J,6d7f58389e86efa4f44cc8906a7d1963b7f208b9,.,nondex,eliasstar.jsonrpc.objects.RequestTests#testRequestParamsSerialization,eliasstar.jsonrpc.objects.RequestTests#testRequestParamsSerialization
jsonToOrmMapper,https://github.com/PSteph/jsonToOrmMapper,b84ba5c14dd40ca9f8556ba7b4bae6e868b3668e,.,nondex,com.p2sdev.jsonToOrmMapper.AppTest#testValidJSONObject,com.p2sdev.jsonToOrmMapper.AppTest#testValidJSONObject
junit4,https://github.com/junit-team/junit4,7167b23b3ba7dd79410f6e9db350d16cbe30617b,.,nondex,junit.framework.TestSuite$1#warning,junit.framework.TestSuite$1#warning
junit4,https://github.com/junit-team/junit4,7167b23b3ba7dd79410f6e9db350d16cbe30617b,.,nondex,junit.samples.SimpleTest#testAdd,junit.samples.SimpleTest#testAdd
junit4,https://github.com/junit-team/junit4,7167b23b3ba7dd79410f6e9db350d16cbe30617b,.,nondex,junit.samples.SimpleTest#testDivideByZero,junit.samples.SimpleTest#testDivideByZero
junit4,https://github.com/junit-team/junit4,7167b23b3ba7dd79410f6e9db350d16cbe30617b,.,nondex,junit.samples.SimpleTest#testEquals,junit.samples.SimpleTest#testEquals
junit4,https://github.com/junit-team/junit4,7167b23b3ba7dd79410f6e9db350d16cbe30617b,.,nondex,org.junit.internal.ArrayComparisonFailureTest#classShouldAccept411Version,org.junit.internal.ArrayComparisonFailureTest#classShouldAccept411Version
junit4,https://github.com/junit-team/junit4,7167b23b3ba7dd79410f6e9db350d16cbe30617b,.,nondex,org.junit.internal.ArrayComparisonFailureTest#classShouldAccept412Version,org.junit.internal.ArrayComparisonFailureTest#classShouldAccept412Version
junit4,https://github.com/junit-team/junit4,7167b23b3ba7dd79410f6e9db350d16cbe30617b,.,nondex,org.junit.internal.ChecksTest#notNullShouldReturnNonNullValues,org.junit.internal.ChecksTest#notNullShouldReturnNonNullValues
junit4,https://github.com/junit-team/junit4,7167b23b3ba7dd79410f6e9db350d16cbe30617b,.,nondex,org.junit.internal.ChecksTest#notNullShouldThrowOnNullValues,org.junit.internal.ChecksTest#notNullShouldThrowOnNullValues
junit4,https://github.com/junit-team/junit4,7167b23b3ba7dd79410f6e9db350d16cbe30617b,.,nondex,org.junit.internal.ChecksTest#notNullWithMessageShouldReturnNonNullValues,org.junit.internal.ChecksTest#notNullWithMessageShouldReturnNonNullValues
junit4,https://github.com/junit-team/junit4,7167b23b3ba7dd79410f6e9db350d16cbe30617b,.,nondex,org.junit.internal.ChecksTest#notNullWithMessageShouldThrowOnNullValues,org.junit.internal.ChecksTest#notNullWithMessageShouldThrowOnNullValues
junit4,https://github.com/junit-team/junit4,7167b23b3ba7dd79410f6e9db350d16cbe30617b,.,nondex,org.junit.internal.ChecksTest#notNullWithNullMessageShouldThrowOnNullValues,org.junit.internal.ChecksTest#notNullWithNullMessageShouldThrowOnNullValues
junit4,https://github.com/junit-team/junit4,7167b23b3ba7dd79410f6e9db350d16cbe30617b,.,nondex,org.junit.internal.MethodSorterTest#testAscendingMethodSorter,org.junit.internal.MethodSorterTest#testAscendingMethodSorter
junit4,https://github.com/junit-team/junit4,7167b23b3ba7dd79410f6e9db350d16cbe30617b,.,nondex,org.junit.internal.MethodSorterTest#testDefaultMethodSorter,org.junit.internal.MethodSorterTest#testDefaultMethodSorter
junit4,https://github.com/junit-team/junit4,7167b23b3ba7dd79410f6e9db350d16cbe30617b,.,nondex,org.junit.internal.MethodSorterTest#testJvmMethodSorter,org.junit.internal.MethodSorterTest#testJvmMethodSorter
junit4,https://github.com/junit-team/junit4,7167b23b3ba7dd79410f6e9db350d16cbe30617b,.,nondex,org.junit.internal.MethodSorterTest#testMethodsNullSorterSelf,org.junit.internal.MethodSorterTest#testMethodsNullSorterSelf
junit4,https://github.com/junit-team/junit4,7167b23b3ba7dd79410f6e9db350d16cbe30617b,.,nondex,org.junit.internal.MethodSorterTest#testMethodsNullSorterSub,org.junit.internal.MethodSorterTest#testMethodsNullSorterSub
junit4,https://github.com/junit-team/junit4,7167b23b3ba7dd79410f6e9db350d16cbe30617b,.,nondex,org.junit.internal.MethodSorterTest#testMethodsNullSorterSuper,org.junit.internal.MethodSorterTest#testMethodsNullSorterSuper
junit4,https://github.com/junit-team/junit4,7167b23b3ba7dd79410f6e9db350d16cbe30617b,.,nondex,org.junit.internal.StackTracesTest#org,org.junit.internal.StackTracesTest#org
junit4,https://github.com/junit-team/junit4,7167b23b3ba7dd79410f6e9db350d16cbe30617b,.,nondex,org.junit.internal.builders.AnnotatedBuilderTest#annotatedMemberClassInsideAnnotatedTopLevelClass_isRunWithOwnRunner,org.junit.internal.builders.AnnotatedBuilderTest#annotatedMemberClassInsideAnnotatedTopLevelClass_isRunWithOwnRunner
junit4,https://github.com/junit-team/junit4,7167b23b3ba7dd79410f6e9db350d16cbe30617b,.,nondex,org.junit.internal.builders.AnnotatedBuilderTest#memberClassDeepInsideAnnotatedMemberClass_isRunWithParentMemberClassRunner,org.junit.internal.builders.AnnotatedBuilderTest#memberClassDeepInsideAnnotatedMemberClass_isRunWithParentMemberClassRunner
junit4,https://github.com/junit-team/junit4,7167b23b3ba7dd79410f6e9db350d16cbe30617b,.,nondex,org.junit.internal.builders.AnnotatedBuilderTest#memberClassDeepInsideAnnotatedTopLevelClass_isRunWithTopLevelRunner,org.junit.internal.builders.AnnotatedBuilderTest#memberClassDeepInsideAnnotatedTopLevelClass_isRunWithTopLevelRunner
junit4,https://github.com/junit-team/junit4,7167b23b3ba7dd79410f6e9db350d16cbe30617b,.,nondex,org.junit.internal.builders.AnnotatedBuilderTest#memberClassInsideAnnotatedTopLevelClass_isRunWithTopLevelRunner,org.junit.internal.builders.AnnotatedBuilderTest#memberClassInsideAnnotatedTopLevelClass_isRunWithTopLevelRunner
junit4,https://github.com/junit-team/junit4,7167b23b3ba7dd79410f6e9db350d16cbe30617b,.,nondex,org.junit.internal.builders.AnnotatedBuilderTest#topLevelTestClassWithAnnotation_isRunWithAnnotatedRunner,org.junit.internal.builders.AnnotatedBuilderTest#topLevelTestClassWithAnnotation_isRunWithAnnotatedRunner
junit4,https://github.com/junit-team/junit4,7167b23b3ba7dd79410f6e9db350d16cbe30617b,.,nondex,org.junit.internal.builders.AnnotatedBuilderTest#topLevelTestClassWithoutAnnotation_isRunWithDefaultRunner,org.junit.internal.builders.AnnotatedBuilderTest#topLevelTestClassWithoutAnnotation_isRunWithDefaultRunner
junit4,https://github.com/junit-team/junit4,7167b23b3ba7dd79410f6e9db350d16cbe30617b,.,nondex,org.junit.internal.matchers.StacktracePrintingMatcherTest#assertThatIncludesStacktrace,org.junit.internal.matchers.StacktracePrintingMatcherTest#assertThatIncludesStacktrace
junit4,https://github.com/junit-team/junit4,7167b23b3ba7dd79410f6e9db350d16cbe30617b,.,nondex,org.junit.internal.matchers.StacktracePrintingMatcherTest#failsWhenInnerMatcherFails,org.junit.internal.matchers.StacktracePrintingMatcherTest#failsWhenInnerMatcherFails
junit4,https://github.com/junit-team/junit4,7167b23b3ba7dd79410f6e9db350d16cbe30617b,.,nondex,org.junit.internal.matchers.StacktracePrintingMatcherTest#succeedsWhenInnerMatcherSucceeds,org.junit.internal.matchers.StacktracePrintingMatcherTest#succeedsWhenInnerMatcherSucceeds
junit4,https://github.com/junit-team/junit4,7167b23b3ba7dd79410f6e9db350d16cbe30617b,.,nondex,org.junit.internal.matchers.ThrowableCauseMatcherTest#shouldAllowCauseOfDifferentClassFromRoot,org.junit.internal.matchers.ThrowableCauseMatcherTest#shouldAllowCauseOfDifferentClassFromRoot
junit4,https://github.com/junit-team/junit4,7167b23b3ba7dd79410f6e9db350d16cbe30617b,.,nondex,org.junit.internal.runners.ErrorReportingRunnerTest#cannotCreateWithNullClass,org.junit.internal.runners.ErrorReportingRunnerTest#cannotCreateWithNullClass
junit4,https://github.com/junit-team/junit4,7167b23b3ba7dd79410f6e9db350d16cbe30617b,.,nondex,org.junit.internal.runners.ErrorReportingRunnerTest#cannotCreateWithNullClass2,org.junit.internal.runners.ErrorReportingRunnerTest#cannotCreateWithNullClass2
junit4,https://github.com/junit-team/junit4,7167b23b3ba7dd79410f6e9db350d16cbe30617b,.,nondex,org.junit.internal.runners.ErrorReportingRunnerTest#cannotCreateWithNullClasses,org.junit.internal.runners.ErrorReportingRunnerTest#cannotCreateWithNullClasses
junit4,https://github.com/junit-team/junit4,7167b23b3ba7dd79410f6e9db350d16cbe30617b,.,nondex,org.junit.internal.runners.ErrorReportingRunnerTest#cannotCreateWithoutClass,org.junit.internal.runners.ErrorReportingRunnerTest#cannotCreateWithoutClass
junit4,https://github.com/junit-team/junit4,7167b23b3ba7dd79410f6e9db350d16cbe30617b,.,nondex,org.junit.internal.runners.ErrorReportingRunnerTest#givenInvalidTestClassErrorAsCause,org.junit.internal.runners.ErrorReportingRunnerTest#givenInvalidTestClassErrorAsCause
junit4,https://github.com/junit-team/junit4,7167b23b3ba7dd79410f6e9db350d16cbe30617b,.,nondex,org.junit.internal.runners.ErrorReportingRunnerTest#givenInvalidTestClass_integrationTest,org.junit.internal.runners.ErrorReportingRunnerTest#givenInvalidTestClass_integrationTest
junit4,https://github.com/junit-team/junit4,7167b23b3ba7dd79410f6e9db350d16cbe30617b,.,nondex,org.junit.internal.runners.statements.ExpectExceptionTest#whenExpectingAssumptionViolatedExceptionStatementsPassingShouldFail,org.junit.internal.runners.statements.ExpectExceptionTest#whenExpectingAssumptionViolatedExceptionStatementsPassingShouldFail
junit4,https://github.com/junit-team/junit4,7167b23b3ba7dd79410f6e9db350d16cbe30617b,.,nondex,org.junit.internal.runners.statements.ExpectExceptionTest#whenExpectingAssumptionViolatedExceptionStatementsThrowingDifferentExceptionShouldFail,org.junit.internal.runners.statements.ExpectExceptionTest#whenExpectingAssumptionViolatedExceptionStatementsThrowingDifferentExceptionShouldFail
junit4,https://github.com/junit-team/junit4,7167b23b3ba7dd79410f6e9db350d16cbe30617b,.,nondex,org.junit.internal.runners.statements.ExpectExceptionTest#whenExpectingAssumptionViolatedExceptionStatementsThrowingItShouldPass,org.junit.internal.runners.statements.ExpectExceptionTest#whenExpectingAssumptionViolatedExceptionStatementsThrowingItShouldPass
junit4,https://github.com/junit-team/junit4,7167b23b3ba7dd79410f6e9db350d16cbe30617b,.,nondex,org.junit.internal.runners.statements.ExpectExceptionTest#whenExpectingAssumptionViolatedExceptionStatementsThrowingSubclassShouldPass,org.junit.internal.runners.statements.ExpectExceptionTest#whenExpectingAssumptionViolatedExceptionStatementsThrowingSubclassShouldPass
junit4,https://github.com/junit-team/junit4,7167b23b3ba7dd79410f6e9db350d16cbe30617b,.,nondex,org.junit.internal.runners.statements.FailOnTimeoutTest#lookingForStuckThread_threadGroupNotLeaked,org.junit.internal.runners.statements.FailOnTimeoutTest#lookingForStuckThread_threadGroupNotLeaked
junit4,https://github.com/junit-team/junit4,7167b23b3ba7dd79410f6e9db350d16cbe30617b,.,nondex,org.junit.internal.runners.statements.FailOnTimeoutTest#noExceptionIsThrownWhenWrappedStatementFinishesBeforeTimeoutWithoutThrowingException,org.junit.internal.runners.statements.FailOnTimeoutTest#noExceptionIsThrownWhenWrappedStatementFinishesBeforeTimeoutWithoutThrowingException
junit4,https://github.com/junit-team/junit4,7167b23b3ba7dd79410f6e9db350d16cbe30617b,.,nondex,org.junit.internal.runners.statements.FailOnTimeoutTest#notLookingForStuckThread_usesSameThreadGroup,org.junit.internal.runners.statements.FailOnTimeoutTest#notLookingForStuckThread_usesSameThreadGroup
junit4,https://github.com/junit-team/junit4,7167b23b3ba7dd79410f6e9db350d16cbe30617b,.,nondex,org.junit.internal.runners.statements.FailOnTimeoutTest#sendUpExceptionThrownByStatement,org.junit.internal.runners.statements.FailOnTimeoutTest#sendUpExceptionThrownByStatement
junit4,https://github.com/junit-team/junit4,7167b23b3ba7dd79410f6e9db350d16cbe30617b,.,nondex,org.junit.internal.runners.statements.FailOnTimeoutTest#stackTraceContainsRealCauseOfTimeout,org.junit.internal.runners.statements.FailOnTimeoutTest#stackTraceContainsRealCauseOfTimeout
junit4,https://github.com/junit-team/junit4,7167b23b3ba7dd79410f6e9db350d16cbe30617b,.,nondex,org.junit.internal.runners.statements.FailOnTimeoutTest#statementThatCanBeInterruptedIsStoppedAfterTimeout,org.junit.internal.runners.statements.FailOnTimeoutTest#statementThatCanBeInterruptedIsStoppedAfterTimeout
junit4,https://github.com/junit-team/junit4,7167b23b3ba7dd79410f6e9db350d16cbe30617b,.,nondex,org.junit.internal.runners.statements.FailOnTimeoutTest#throwExceptionIfTheSecondCallToEvaluateNeedsTooMuchTime,org.junit.internal.runners.statements.FailOnTimeoutTest#throwExceptionIfTheSecondCallToEvaluateNeedsTooMuchTime
junit4,https://github.com/junit-team/junit4,7167b23b3ba7dd79410f6e9db350d16cbe30617b,.,nondex,org.junit.internal.runners.statements.FailOnTimeoutTest#throwTimeoutExceptionOnSecondCallAlthoughFirstCallThrowsException,org.junit.internal.runners.statements.FailOnTimeoutTest#throwTimeoutExceptionOnSecondCallAlthoughFirstCallThrowsException
junit4,https://github.com/junit-team/junit4,7167b23b3ba7dd79410f6e9db350d16cbe30617b,.,nondex,org.junit.internal.runners.statements.FailOnTimeoutTest#throwsExceptionWithTimeoutValueAndTimeUnitSet,org.junit.internal.runners.statements.FailOnTimeoutTest#throwsExceptionWithTimeoutValueAndTimeUnitSet
junit4,https://github.com/junit-team/junit4,7167b23b3ba7dd79410f6e9db350d16cbe30617b,.,nondex,org.junit.internal.runners.statements.FailOnTimeoutTest#throwsTestTimedOutExceptionWithMeaningfulMessage,org.junit.internal.runners.statements.FailOnTimeoutTest#throwsTestTimedOutExceptionWithMeaningfulMessage
junit4,https://github.com/junit-team/junit4,7167b23b3ba7dd79410f6e9db350d16cbe30617b,.,nondex,org.junit.runners.CustomBlockJUnit4ClassRunnerTest#exceptionsFromMethodBlockMustNotResultInUnrootedTests,org.junit.runners.CustomBlockJUnit4ClassRunnerTest#exceptionsFromMethodBlockMustNotResultInUnrootedTests
junit4,https://github.com/junit-team/junit4,7167b23b3ba7dd79410f6e9db350d16cbe30617b,.,nondex,org.junit.runners.RuleContainerTest#methodRulesOnly,org.junit.runners.RuleContainerTest#methodRulesOnly
junit4,https://github.com/junit-team/junit4,7167b23b3ba7dd79410f6e9db350d16cbe30617b,.,nondex,org.junit.runners.RuleContainerTest#ordering1,org.junit.runners.RuleContainerTest#ordering1
junit4,https://github.com/junit-team/junit4,7167b23b3ba7dd79410f6e9db350d16cbe30617b,.,nondex,org.junit.runners.RuleContainerTest#ordering2,org.junit.runners.RuleContainerTest#ordering2
junit4,https://github.com/junit-team/junit4,7167b23b3ba7dd79410f6e9db350d16cbe30617b,.,nondex,org.junit.runners.RuleContainerTest#testRuleAroundMethodRule,org.junit.runners.RuleContainerTest#testRuleAroundMethodRule
junit4,https://github.com/junit-team/junit4,7167b23b3ba7dd79410f6e9db350d16cbe30617b,.,nondex,org.junit.runners.model.FrameworkFieldTest#cannotBeCreatedWithoutUnderlyingField,org.junit.runners.model.FrameworkFieldTest#cannotBeCreatedWithoutUnderlyingField
junit4,https://github.com/junit-team/junit4,7167b23b3ba7dd79410f6e9db350d16cbe30617b,.,nondex,org.junit.runners.model.FrameworkFieldTest#hasToStringWhichPrintsFieldName,org.junit.runners.model.FrameworkFieldTest#hasToStringWhichPrintsFieldName
junit4,https://github.com/junit-team/junit4,7167b23b3ba7dd79410f6e9db350d16cbe30617b,.,nondex,org.junit.runners.model.FrameworkFieldTest#missingAnnotationIsNotAvailable,org.junit.runners.model.FrameworkFieldTest#missingAnnotationIsNotAvailable
junit4,https://github.com/junit-team/junit4,7167b23b3ba7dd79410f6e9db350d16cbe30617b,.,nondex,org.junit.runners.model.FrameworkFieldTest#presentAnnotationIsAvailable,org.junit.runners.model.FrameworkFieldTest#presentAnnotationIsAvailable
junit4,https://github.com/junit-team/junit4,7167b23b3ba7dd79410f6e9db350d16cbe30617b,.,nondex,org.junit.runners.model.FrameworkMethodTest#cannotBeCreatedWithoutUnderlyingField,org.junit.runners.model.FrameworkMethodTest#cannotBeCreatedWithoutUnderlyingField
junit4,https://github.com/junit-team/junit4,7167b23b3ba7dd79410f6e9db350d16cbe30617b,.,nondex,org.junit.runners.model.FrameworkMethodTest#hasToStringWhichPrintsMethodName,org.junit.runners.model.FrameworkMethodTest#hasToStringWhichPrintsMethodName
junit4,https://github.com/junit-team/junit4,7167b23b3ba7dd79410f6e9db350d16cbe30617b,.,nondex,org.junit.runners.model.FrameworkMethodTest#missingAnnotationIsNotAvailable,org.junit.runners.model.FrameworkMethodTest#missingAnnotationIsNotAvailable
junit4,https://github.com/junit-team/junit4,7167b23b3ba7dd79410f6e9db350d16cbe30617b,.,nondex,org.junit.runners.model.FrameworkMethodTest#presentAnnotationIsAvailable,org.junit.runners.model.FrameworkMethodTest#presentAnnotationIsAvailable
junit4,https://github.com/junit-team/junit4,7167b23b3ba7dd79410f6e9db350d16cbe30617b,.,nondex,org.junit.runners.model.InvalidTestClassErrorTest#invalidTestClassErrorShouldListAllValidationErrorsInItsMessage,org.junit.runners.model.InvalidTestClassErrorTest#invalidTestClassErrorShouldListAllValidationErrorsInItsMessage
junit4,https://github.com/junit-team/junit4,7167b23b3ba7dd79410f6e9db350d16cbe30617b,.,nondex,org.junit.runners.model.TestClassTest#annotatedFieldValues,org.junit.runners.model.TestClassTest#annotatedFieldValues
junit4,https://github.com/junit-team/junit4,7167b23b3ba7dd79410f6e9db350d16cbe30617b,.,nondex,org.junit.runners.model.TestClassTest#annotatedMethodValues,org.junit.runners.model.TestClassTest#annotatedMethodValues
junit4,https://github.com/junit-team/junit4,7167b23b3ba7dd79410f6e9db350d16cbe30617b,.,nondex,org.junit.runners.model.TestClassTest#complainIfMultipleConstructors,org.junit.runners.model.TestClassTest#complainIfMultipleConstructors
junit4,https://github.com/junit-team/junit4,7167b23b3ba7dd79410f6e9db350d16cbe30617b,.,nondex,org.junit.runners.model.TestClassTest#dontMarkNonInnerClassAsInnerClass,org.junit.runners.model.TestClassTest#dontMarkNonInnerClassAsInnerClass
junit4,https://github.com/junit-team/junit4,7167b23b3ba7dd79410f6e9db350d16cbe30617b,.,nondex,org.junit.runners.model.TestClassTest#dontMarkStaticInnerClassAsNonStatic,org.junit.runners.model.TestClassTest#dontMarkStaticInnerClassAsNonStatic
junit4,https://github.com/junit-team/junit4,7167b23b3ba7dd79410f6e9db350d16cbe30617b,.,nondex,org.junit.runners.model.TestClassTest#fieldsOnSubclassesShadowSuperclasses,org.junit.runners.model.TestClassTest#fieldsOnSubclassesShadowSuperclasses
junit4,https://github.com/junit-team/junit4,7167b23b3ba7dd79410f6e9db350d16cbe30617b,.,nondex,org.junit.runners.model.TestClassTest#getAnnotatedMethodsDoesNotReturnMethodWithoutAnnotation,org.junit.runners.model.TestClassTest#getAnnotatedMethodsDoesNotReturnMethodWithoutAnnotation
junit4,https://github.com/junit-team/junit4,7167b23b3ba7dd79410f6e9db350d16cbe30617b,.,nondex,org.junit.runners.model.TestClassTest#hasHashCodeWithoutJavaClass,org.junit.runners.model.TestClassTest#hasHashCodeWithoutJavaClass
junit4,https://github.com/junit-team/junit4,7167b23b3ba7dd79410f6e9db350d16cbe30617b,.,nondex,org.junit.runners.model.TestClassTest#hasSameHashCodeAsTestClassThatWrapsSameJavaClass,org.junit.runners.model.TestClassTest#hasSameHashCodeAsTestClassThatWrapsSameJavaClass
junit4,https://github.com/junit-team/junit4,7167b23b3ba7dd79410f6e9db350d16cbe30617b,.,nondex,org.junit.runners.model.TestClassTest#identifiesNonPublicModifier,org.junit.runners.model.TestClassTest#identifiesNonPublicModifier
junit4,https://github.com/junit-team/junit4,7167b23b3ba7dd79410f6e9db350d16cbe30617b,.,nondex,org.junit.runners.model.TestClassTest#identifiesPublicModifier,org.junit.runners.model.TestClassTest#identifiesPublicModifier
junit4,https://github.com/junit-team/junit4,7167b23b3ba7dd79410f6e9db350d16cbe30617b,.,nondex,org.junit.runners.model.TestClassTest#identifyNonStaticInnerClass,org.junit.runners.model.TestClassTest#identifyNonStaticInnerClass
junit4,https://github.com/junit-team/junit4,7167b23b3ba7dd79410f6e9db350d16cbe30617b,.,nondex,org.junit.runners.model.TestClassTest#isEqualToTestClassThatWrapsSameJavaClass,org.junit.runners.model.TestClassTest#isEqualToTestClassThatWrapsSameJavaClass
junit4,https://github.com/junit-team/junit4,7167b23b3ba7dd79410f6e9db350d16cbe30617b,.,nondex,org.junit.runners.model.TestClassTest#isNotEqualToNull,org.junit.runners.model.TestClassTest#isNotEqualToNull
junit4,https://github.com/junit-team/junit4,7167b23b3ba7dd79410f6e9db350d16cbe30617b,.,nondex,org.junit.runners.model.TestClassTest#isNotEqualToTestClassThatWrapsADifferentJavaClass,org.junit.runners.model.TestClassTest#isNotEqualToTestClassThatWrapsADifferentJavaClass
junit4,https://github.com/junit-team/junit4,7167b23b3ba7dd79410f6e9db350d16cbe30617b,.,nondex,org.junit.runners.model.TestClassTest#missingAnnotationIsNotAvailable,org.junit.runners.model.TestClassTest#missingAnnotationIsNotAvailable
junit4,https://github.com/junit-team/junit4,7167b23b3ba7dd79410f6e9db350d16cbe30617b,.,nondex,org.junit.runners.model.TestClassTest#presentAnnotationIsAvailable,org.junit.runners.model.TestClassTest#presentAnnotationIsAvailable
junit4,https://github.com/junit-team/junit4,7167b23b3ba7dd79410f6e9db350d16cbe30617b,.,nondex,org.junit.runners.model.TestClassTest#providesAnnotatedFieldsSortedByName,org.junit.runners.model.TestClassTest#providesAnnotatedFieldsSortedByName
junit4,https://github.com/junit-team/junit4,7167b23b3ba7dd79410f6e9db350d16cbe30617b,.,nondex,org.junit.runners.model.TestClassTest#providesAnnotatedMethodsSortedByName,org.junit.runners.model.TestClassTest#providesAnnotatedMethodsSortedByName
junit4,https://github.com/junit-team/junit4,7167b23b3ba7dd79410f6e9db350d16cbe30617b,.,nondex,org.junit.runners.parameterized.BlockJUnit4ClassRunnerWithParametersTest#hasAllAnnotationsExceptRunWith,org.junit.runners.parameterized.BlockJUnit4ClassRunnerWithParametersTest#hasAllAnnotationsExceptRunWith
junit4,https://github.com/junit-team/junit4,7167b23b3ba7dd79410f6e9db350d16cbe30617b,.,nondex,org.junit.runners.parameterized.BlockJUnit4ClassRunnerWithParametersTest#providesHelpfulMessageIfParameterFieldCannotBeSet,org.junit.runners.parameterized.BlockJUnit4ClassRunnerWithParametersTest#providesHelpfulMessageIfParameterFieldCannotBeSet
junit4,https://github.com/junit-team/junit4,7167b23b3ba7dd79410f6e9db350d16cbe30617b,.,nondex,org.junit.runners.parameterized.ParameterizedNamesTest#parameterizedTestsWithSpecialCharsInName,org.junit.runners.parameterized.ParameterizedNamesTest#parameterizedTestsWithSpecialCharsInName
junit4,https://github.com/junit-team/junit4,7167b23b3ba7dd79410f6e9db350d16cbe30617b,.,nondex,org.junit.runners.parameterized.TestWithParametersTest#cannotBeCreatedWithoutAName,org.junit.runners.parameterized.TestWithParametersTest#cannotBeCreatedWithoutAName
junit4,https://github.com/junit-team/junit4,7167b23b3ba7dd79410f6e9db350d16cbe30617b,.,nondex,org.junit.runners.parameterized.TestWithParametersTest#cannotBeCreatedWithoutParameters,org.junit.runners.parameterized.TestWithParametersTest#cannotBeCreatedWithoutParameters
junit4,https://github.com/junit-team/junit4,7167b23b3ba7dd79410f6e9db350d16cbe30617b,.,nondex,org.junit.runners.parameterized.TestWithParametersTest#cannotBeCreatedWithoutTestClass,org.junit.runners.parameterized.TestWithParametersTest#cannotBeCreatedWithoutTestClass
junit4,https://github.com/junit-team/junit4,7167b23b3ba7dd79410f6e9db350d16cbe30617b,.,nondex,org.junit.runners.parameterized.TestWithParametersTest#doesNotAllowToModifyProvidedParameters,org.junit.runners.parameterized.TestWithParametersTest#doesNotAllowToModifyProvidedParameters
junit4,https://github.com/junit-team/junit4,7167b23b3ba7dd79410f6e9db350d16cbe30617b,.,nondex,org.junit.runners.parameterized.TestWithParametersTest#doesNotConsiderParametersWhichChangedAfterTestInstantiation,org.junit.runners.parameterized.TestWithParametersTest#doesNotConsiderParametersWhichChangedAfterTestInstantiation
junit4,https://github.com/junit-team/junit4,7167b23b3ba7dd79410f6e9db350d16cbe30617b,.,nondex,org.junit.runners.parameterized.TestWithParametersTest#hasMeaningfulToString,org.junit.runners.parameterized.TestWithParametersTest#hasMeaningfulToString
junit4,https://github.com/junit-team/junit4,7167b23b3ba7dd79410f6e9db350d16cbe30617b,.,nondex,org.junit.runners.parameterized.TestWithParametersTest#hasSameHashCodeAsEqualTest,org.junit.runners.parameterized.TestWithParametersTest#hasSameHashCodeAsEqualTest
junit4,https://github.com/junit-team/junit4,7167b23b3ba7dd79410f6e9db350d16cbe30617b,.,nondex,org.junit.runners.parameterized.TestWithParametersTest#isEqualToTestWithSameNameAndTestClassAndParameters,org.junit.runners.parameterized.TestWithParametersTest#isEqualToTestWithSameNameAndTestClassAndParameters
junit4,https://github.com/junit-team/junit4,7167b23b3ba7dd79410f6e9db350d16cbe30617b,.,nondex,org.junit.runners.parameterized.TestWithParametersTest#isNotEqualToObjectWithDifferentClass,org.junit.runners.parameterized.TestWithParametersTest#isNotEqualToObjectWithDifferentClass
junit4,https://github.com/junit-team/junit4,7167b23b3ba7dd79410f6e9db350d16cbe30617b,.,nondex,org.junit.runners.parameterized.TestWithParametersTest#isNotEqualToTestWithDifferentName,org.junit.runners.parameterized.TestWithParametersTest#isNotEqualToTestWithDifferentName
junit4,https://github.com/junit-team/junit4,7167b23b3ba7dd79410f6e9db350d16cbe30617b,.,nondex,org.junit.runners.parameterized.TestWithParametersTest#isNotEqualToTestWithDifferentParameters,org.junit.runners.parameterized.TestWithParametersTest#isNotEqualToTestWithDifferentParameters
junit4,https://github.com/junit-team/junit4,7167b23b3ba7dd79410f6e9db350d16cbe30617b,.,nondex,org.junit.runners.parameterized.TestWithParametersTest#isNotEqualToTestWithDifferentTestClass,org.junit.runners.parameterized.TestWithParametersTest#isNotEqualToTestWithDifferentTestClass
junit4,https://github.com/junit-team/junit4,7167b23b3ba7dd79410f6e9db350d16cbe30617b,.,nondex,org.junit.samples.SimpleTest#divideByZero,org.junit.samples.SimpleTest#divideByZero
junit4,https://github.com/junit-team/junit4,7167b23b3ba7dd79410f6e9db350d16cbe30617b,.,nondex,org.junit.samples.SimpleTest#testEquals,org.junit.samples.SimpleTest#testEquals
junit4,https://github.com/junit-team/junit4,7167b23b3ba7dd79410f6e9db350d16cbe30617b,.,nondex,org.junit.tests.ObjectContractTest#equalsMeansEqualHashCodes,org.junit.tests.ObjectContractTest#equalsMeansEqualHashCodes
junit4,https://github.com/junit-team/junit4,7167b23b3ba7dd79410f6e9db350d16cbe30617b,.,nondex,org.junit.tests.ObjectContractTest#equalsThrowsNoException,org.junit.tests.ObjectContractTest#equalsThrowsNoException
junit4,https://github.com/junit-team/junit4,7167b23b3ba7dd79410f6e9db350d16cbe30617b,.,nondex,org.junit.tests.assertion.AssertionTest#IntegerDoesNotEqualLong,org.junit.tests.assertion.AssertionTest#IntegerDoesNotEqualLong
junit4,https://github.com/junit-team/junit4,7167b23b3ba7dd79410f6e9db350d16cbe30617b,.,nondex,org.junit.tests.assertion.AssertionTest#arraysActualNullMessage,org.junit.tests.assertion.AssertionTest#arraysActualNullMessage
junit4,https://github.com/junit-team/junit4,7167b23b3ba7dd79410f6e9db350d16cbe30617b,.,nondex,org.junit.tests.assertion.AssertionTest#arraysDeclaredAsObjectAreComparedAsObjects,org.junit.tests.assertion.AssertionTest#arraysDeclaredAsObjectAreComparedAsObjects
junit4,https://github.com/junit-team/junit4,7167b23b3ba7dd79410f6e9db350d16cbe30617b,.,nondex,org.junit.tests.assertion.AssertionTest#arraysDifferAtElement0nullMessage,org.junit.tests.assertion.AssertionTest#arraysDifferAtElement0nullMessage
junit4,https://github.com/junit-team/junit4,7167b23b3ba7dd79410f6e9db350d16cbe30617b,.,nondex,org.junit.tests.assertion.AssertionTest#arraysDifferAtElement0withMessage,org.junit.tests.assertion.AssertionTest#arraysDifferAtElement0withMessage
junit4,https://github.com/junit-team/junit4,7167b23b3ba7dd79410f6e9db350d16cbe30617b,.,nondex,org.junit.tests.assertion.AssertionTest#arraysDifferAtElement1nullMessage,org.junit.tests.assertion.AssertionTest#arraysDifferAtElement1nullMessage
junit4,https://github.com/junit-team/junit4,7167b23b3ba7dd79410f6e9db350d16cbe30617b,.,nondex,org.junit.tests.assertion.AssertionTest#arraysDifferAtElement1withMessage,org.junit.tests.assertion.AssertionTest#arraysDifferAtElement1withMessage
junit4,https://github.com/junit-team/junit4,7167b23b3ba7dd79410f6e9db350d16cbe30617b,.,nondex,org.junit.tests.assertion.AssertionTest#arraysDifferentLengthDifferingAtEndAndExpectedArrayLongerMessage,org.junit.tests.assertion.AssertionTest#arraysDifferentLengthDifferingAtEndAndExpectedArrayLongerMessage
junit4,https://github.com/junit-team/junit4,7167b23b3ba7dd79410f6e9db350d16cbe30617b,.,nondex,org.junit.tests.assertion.AssertionTest#arraysDifferentLengthDifferingAtEndMessage,org.junit.tests.assertion.AssertionTest#arraysDifferentLengthDifferingAtEndMessage
junit4,https://github.com/junit-team/junit4,7167b23b3ba7dd79410f6e9db350d16cbe30617b,.,nondex,org.junit.tests.assertion.AssertionTest#arraysDifferentLengthDifferingAtStartMessage,org.junit.tests.assertion.AssertionTest#arraysDifferentLengthDifferingAtStartMessage
junit4,https://github.com/junit-team/junit4,7167b23b3ba7dd79410f6e9db350d16cbe30617b,.,nondex,org.junit.tests.assertion.AssertionTest#arraysElementsDiffer,org.junit.tests.assertion.AssertionTest#arraysElementsDiffer
junit4,https://github.com/junit-team/junit4,7167b23b3ba7dd79410f6e9db350d16cbe30617b,.,nondex,org.junit.tests.assertion.AssertionTest#arraysEqual,org.junit.tests.assertion.AssertionTest#arraysEqual
junit4,https://github.com/junit-team/junit4,7167b23b3ba7dd79410f6e9db350d16cbe30617b,.,nondex,org.junit.tests.assertion.AssertionTest#arraysEqualWithMessage,org.junit.tests.assertion.AssertionTest#arraysEqualWithMessage
junit4,https://github.com/junit-team/junit4,7167b23b3ba7dd79410f6e9db350d16cbe30617b,.,nondex,org.junit.tests.assertion.AssertionTest#arraysExpectedNullMessage,org.junit.tests.assertion.AssertionTest#arraysExpectedNullMessage
junit4,https://github.com/junit-team/junit4,7167b23b3ba7dd79410f6e9db350d16cbe30617b,.,nondex,org.junit.tests.assertion.AssertionTest#arraysNotEqual,org.junit.tests.assertion.AssertionTest#arraysNotEqual
junit4,https://github.com/junit-team/junit4,7167b23b3ba7dd79410f6e9db350d16cbe30617b,.,nondex,org.junit.tests.assertion.AssertionTest#arraysNotEqualWithMessage,org.junit.tests.assertion.AssertionTest#arraysNotEqualWithMessage
junit4,https://github.com/junit-team/junit4,7167b23b3ba7dd79410f6e9db350d16cbe30617b,.,nondex,org.junit.tests.assertion.AssertionTest#arraysWithNullElementEqual,org.junit.tests.assertion.AssertionTest#arraysWithNullElementEqual
junit4,https://github.com/junit-team/junit4,7167b23b3ba7dd79410f6e9db350d16cbe30617b,.,nondex,org.junit.tests.assertion.AssertionTest#assertNotEqualsConsidersDeltaCorrectly,org.junit.tests.assertion.AssertionTest#assertNotEqualsConsidersDeltaCorrectly
junit4,https://github.com/junit-team/junit4,7167b23b3ba7dd79410f6e9db350d16cbe30617b,.,nondex,org.junit.tests.assertion.AssertionTest#assertNotEqualsConsidersFloatDeltaCorrectly,org.junit.tests.assertion.AssertionTest#assertNotEqualsConsidersFloatDeltaCorrectly
junit4,https://github.com/junit-team/junit4,7167b23b3ba7dd79410f6e9db350d16cbe30617b,.,nondex,org.junit.tests.assertion.AssertionTest#assertNotEqualsIgnoresDeltaOnNaN,org.junit.tests.assertion.AssertionTest#assertNotEqualsIgnoresDeltaOnNaN
junit4,https://github.com/junit-team/junit4,7167b23b3ba7dd79410f6e9db350d16cbe30617b,.,nondex,org.junit.tests.assertion.AssertionTest#assertNotEqualsIgnoresFloatDeltaOnNaN,org.junit.tests.assertion.AssertionTest#assertNotEqualsIgnoresFloatDeltaOnNaN
junit4,https://github.com/junit-team/junit4,7167b23b3ba7dd79410f6e9db350d16cbe30617b,.,nondex,org.junit.tests.assertion.AssertionTest#assertNotEqualsIncludesCorrectMessage,org.junit.tests.assertion.AssertionTest#assertNotEqualsIncludesCorrectMessage
junit4,https://github.com/junit-team/junit4,7167b23b3ba7dd79410f6e9db350d16cbe30617b,.,nondex,org.junit.tests.assertion.AssertionTest#assertNotEqualsIncludesTheValueBeingTested,org.junit.tests.assertion.AssertionTest#assertNotEqualsIncludesTheValueBeingTested
junit4,https://github.com/junit-team/junit4,7167b23b3ba7dd79410f6e9db350d16cbe30617b,.,nondex,org.junit.tests.assertion.AssertionTest#assertNotEqualsWorksWithPrimitiveTypes,org.junit.tests.assertion.AssertionTest#assertNotEqualsWorksWithPrimitiveTypes
junit4,https://github.com/junit-team/junit4,7167b23b3ba7dd79410f6e9db350d16cbe30617b,.,nondex,org.junit.tests.assertion.AssertionTest#assertThatDescriptionCanBeElided,org.junit.tests.assertion.AssertionTest#assertThatDescriptionCanBeElided
junit4,https://github.com/junit-team/junit4,7167b23b3ba7dd79410f6e9db350d16cbe30617b,.,nondex,org.junit.tests.assertion.AssertionTest#assertThatIncludesAdvancedMismatch,org.junit.tests.assertion.AssertionTest#assertThatIncludesAdvancedMismatch
junit4,https://github.com/junit-team/junit4,7167b23b3ba7dd79410f6e9db350d16cbe30617b,.,nondex,org.junit.tests.assertion.AssertionTest#assertThrowsDetectsTypeMismatchesViaExplicitTypeHint,org.junit.tests.assertion.AssertionTest#assertThrowsDetectsTypeMismatchesViaExplicitTypeHint
junit4,https://github.com/junit-team/junit4,7167b23b3ba7dd79410f6e9db350d16cbe30617b,.,nondex,org.junit.tests.assertion.AssertionTest#assertThrowsIncludesAnInformativeDefaultMessage,org.junit.tests.assertion.AssertionTest#assertThrowsIncludesAnInformativeDefaultMessage
junit4,https://github.com/junit-team/junit4,7167b23b3ba7dd79410f6e9db350d16cbe30617b,.,nondex,org.junit.tests.assertion.AssertionTest#assertThrowsIncludesTheSpecifiedMessage,org.junit.tests.assertion.AssertionTest#assertThrowsIncludesTheSpecifiedMessage
junit4,https://github.com/junit-team/junit4,7167b23b3ba7dd79410f6e9db350d16cbe30617b,.,nondex,org.junit.tests.assertion.AssertionTest#assertThrowsRequiresAnExceptionToBeThrown,org.junit.tests.assertion.AssertionTest#assertThrowsRequiresAnExceptionToBeThrown
junit4,https://github.com/junit-team/junit4,7167b23b3ba7dd79410f6e9db350d16cbe30617b,.,nondex,org.junit.tests.assertion.AssertionTest#assertThrowsReturnsTheSameObjectThrown,org.junit.tests.assertion.AssertionTest#assertThrowsReturnsTheSameObjectThrown
junit4,https://github.com/junit-team/junit4,7167b23b3ba7dd79410f6e9db350d16cbe30617b,.,nondex,org.junit.tests.assertion.AssertionTest#assertThrowsSuppliesACoherentErrorMessageUponTypeMismatch,org.junit.tests.assertion.AssertionTest#assertThrowsSuppliesACoherentErrorMessageUponTypeMismatch
junit4,https://github.com/junit-team/junit4,7167b23b3ba7dd79410f6e9db350d16cbe30617b,.,nondex,org.junit.tests.assertion.AssertionTest#assertThrowsSuppliesTheSpecifiedMessageUponTypeMismatch,org.junit.tests.assertion.AssertionTest#assertThrowsSuppliesTheSpecifiedMessageUponTypeMismatch
junit4,https://github.com/junit-team/junit4,7167b23b3ba7dd79410f6e9db350d16cbe30617b,.,nondex,org.junit.tests.assertion.AssertionTest#assertThrowsUsesCanonicalNameUponTypeMismatch,org.junit.tests.assertion.AssertionTest#assertThrowsUsesCanonicalNameUponTypeMismatch
junit4,https://github.com/junit-team/junit4,7167b23b3ba7dd79410f6e9db350d16cbe30617b,.,nondex,org.junit.tests.assertion.AssertionTest#assertThrowsUsesCanonicalNameWhenRequiredExceptionNotThrown,org.junit.tests.assertion.AssertionTest#assertThrowsUsesCanonicalNameWhenRequiredExceptionNotThrown
junit4,https://github.com/junit-team/junit4,7167b23b3ba7dd79410f6e9db350d16cbe30617b,.,nondex,org.junit.tests.assertion.AssertionTest#assertThrowsUsesNameUponTypeMismatchWithAnonymousClass,org.junit.tests.assertion.AssertionTest#assertThrowsUsesNameUponTypeMismatchWithAnonymousClass
junit4,https://github.com/junit-team/junit4,7167b23b3ba7dd79410f6e9db350d16cbe30617b,.,nondex,org.junit.tests.assertion.AssertionTest#assertThrowsWrapsAndPropagatesUnexpectedExceptions,org.junit.tests.assertion.AssertionTest#assertThrowsWrapsAndPropagatesUnexpectedExceptions
junit4,https://github.com/junit-team/junit4,7167b23b3ba7dd79410f6e9db350d16cbe30617b,.,nondex,org.junit.tests.assertion.AssertionTest#bigDecimalsNotEqual,org.junit.tests.assertion.AssertionTest#bigDecimalsNotEqual
junit4,https://github.com/junit-team/junit4,7167b23b3ba7dd79410f6e9db350d16cbe30617b,.,nondex,org.junit.tests.assertion.AssertionTest#booleansNotEqual,org.junit.tests.assertion.AssertionTest#booleansNotEqual
junit4,https://github.com/junit-team/junit4,7167b23b3ba7dd79410f6e9db350d16cbe30617b,.,nondex,org.junit.tests.assertion.AssertionTest#bytesNotEqual,org.junit.tests.assertion.AssertionTest#bytesNotEqual
junit4,https://github.com/junit-team/junit4,7167b23b3ba7dd79410f6e9db350d16cbe30617b,.,nondex,org.junit.tests.assertion.AssertionTest#compareBigDecimalAndInteger,org.junit.tests.assertion.AssertionTest#compareBigDecimalAndInteger
junit4,https://github.com/junit-team/junit4,7167b23b3ba7dd79410f6e9db350d16cbe30617b,.,nondex,org.junit.tests.assertion.AssertionTest#doublesNotEqual,org.junit.tests.assertion.AssertionTest#doublesNotEqual
junit4,https://github.com/junit-team/junit4,7167b23b3ba7dd79410f6e9db350d16cbe30617b,.,nondex,org.junit.tests.assertion.AssertionTest#equals,org.junit.tests.assertion.AssertionTest#equals
junit4,https://github.com/junit-team/junit4,7167b23b3ba7dd79410f6e9db350d16cbe30617b,.,nondex,org.junit.tests.assertion.AssertionTest#errorMessageDistinguishesDifferentValuesWithSameToString,org.junit.tests.assertion.AssertionTest#errorMessageDistinguishesDifferentValuesWithSameToString
junit4,https://github.com/junit-team/junit4,7167b23b3ba7dd79410f6e9db350d16cbe30617b,.,nondex,org.junit.tests.assertion.AssertionTest#failWithMessageToString,org.junit.tests.assertion.AssertionTest#failWithMessageToString
junit4,https://github.com/junit-team/junit4,7167b23b3ba7dd79410f6e9db350d16cbe30617b,.,nondex,org.junit.tests.assertion.AssertionTest#fails,org.junit.tests.assertion.AssertionTest#fails
junit4,https://github.com/junit-team/junit4,7167b23b3ba7dd79410f6e9db350d16cbe30617b,.,nondex,org.junit.tests.assertion.AssertionTest#floatsNotDoublesInArrays,org.junit.tests.assertion.AssertionTest#floatsNotDoublesInArrays
junit4,https://github.com/junit-team/junit4,7167b23b3ba7dd79410f6e9db350d16cbe30617b,.,nondex,org.junit.tests.assertion.AssertionTest#floatsNotEqual,org.junit.tests.assertion.AssertionTest#floatsNotEqual
junit4,https://github.com/junit-team/junit4,7167b23b3ba7dd79410f6e9db350d16cbe30617b,.,nondex,org.junit.tests.assertion.AssertionTest#implicitTypecastEquality,org.junit.tests.assertion.AssertionTest#implicitTypecastEquality
junit4,https://github.com/junit-team/junit4,7167b23b3ba7dd79410f6e9db350d16cbe30617b,.,nondex,org.junit.tests.assertion.AssertionTest#intsEqualLongs,org.junit.tests.assertion.AssertionTest#intsEqualLongs
junit4,https://github.com/junit-team/junit4,7167b23b3ba7dd79410f6e9db350d16cbe30617b,.,nondex,org.junit.tests.assertion.AssertionTest#intsNotEqual,org.junit.tests.assertion.AssertionTest#intsNotEqual
junit4,https://github.com/junit-team/junit4,7167b23b3ba7dd79410f6e9db350d16cbe30617b,.,nondex,org.junit.tests.assertion.AssertionTest#longsNotEqual,org.junit.tests.assertion.AssertionTest#longsNotEqual
junit4,https://github.com/junit-team/junit4,7167b23b3ba7dd79410f6e9db350d16cbe30617b,.,nondex,org.junit.tests.assertion.AssertionTest#multiDimensionalArraysAreEqual,org.junit.tests.assertion.AssertionTest#multiDimensionalArraysAreEqual
junit4,https://github.com/junit-team/junit4,7167b23b3ba7dd79410f6e9db350d16cbe30617b,.,nondex,org.junit.tests.assertion.AssertionTest#multiDimensionalArraysAreNotEqual,org.junit.tests.assertion.AssertionTest#multiDimensionalArraysAreNotEqual
junit4,https://github.com/junit-team/junit4,7167b23b3ba7dd79410f6e9db350d16cbe30617b,.,nondex,org.junit.tests.assertion.AssertionTest#multiDimensionalArraysAreNotEqualNoMessage,org.junit.tests.assertion.AssertionTest#multiDimensionalArraysAreNotEqualNoMessage
junit4,https://github.com/junit-team/junit4,7167b23b3ba7dd79410f6e9db350d16cbe30617b,.,nondex,org.junit.tests.assertion.AssertionTest#multiDimensionalArraysDeclaredAsOneDimensionalAreEqual,org.junit.tests.assertion.AssertionTest#multiDimensionalArraysDeclaredAsOneDimensionalAreEqual
junit4,https://github.com/junit-team/junit4,7167b23b3ba7dd79410f6e9db350d16cbe30617b,.,nondex,org.junit.tests.assertion.AssertionTest#multiDimensionalArraysDifferentLengthMessage,org.junit.tests.assertion.AssertionTest#multiDimensionalArraysDifferentLengthMessage
junit4,https://github.com/junit-team/junit4,7167b23b3ba7dd79410f6e9db350d16cbe30617b,.,nondex,org.junit.tests.assertion.AssertionTest#multiDimensionalArraysDifferentLengthNoMessage,org.junit.tests.assertion.AssertionTest#multiDimensionalArraysDifferentLengthNoMessage
junit4,https://github.com/junit-team/junit4,7167b23b3ba7dd79410f6e9db350d16cbe30617b,.,nondex,org.junit.tests.assertion.AssertionTest#multiDimensionalIntArraysAreEqual,org.junit.tests.assertion.AssertionTest#multiDimensionalIntArraysAreEqual
junit4,https://github.com/junit-team/junit4,7167b23b3ba7dd79410f6e9db350d16cbe30617b,.,nondex,org.junit.tests.assertion.AssertionTest#naNsAreEqual,org.junit.tests.assertion.AssertionTest#naNsAreEqual
junit4,https://github.com/junit-team/junit4,7167b23b3ba7dd79410f6e9db350d16cbe30617b,.,nondex,org.junit.tests.assertion.AssertionTest#notEqualsNullWithObject,org.junit.tests.assertion.AssertionTest#notEqualsNullWithObject
junit4,https://github.com/junit-team/junit4,7167b23b3ba7dd79410f6e9db350d16cbe30617b,.,nondex,org.junit.tests.assertion.AssertionTest#notEqualsObjectWithNull,org.junit.tests.assertion.AssertionTest#notEqualsObjectWithNull
junit4,https://github.com/junit-team/junit4,7167b23b3ba7dd79410f6e9db350d16cbe30617b,.,nondex,org.junit.tests.assertion.AssertionTest#notEqualsObjectWithNullWithMessage,org.junit.tests.assertion.AssertionTest#notEqualsObjectWithNullWithMessage
junit4,https://github.com/junit-team/junit4,7167b23b3ba7dd79410f6e9db350d16cbe30617b,.,nondex,org.junit.tests.assertion.AssertionTest#notSame,org.junit.tests.assertion.AssertionTest#notSame
junit4,https://github.com/junit-team/junit4,7167b23b3ba7dd79410f6e9db350d16cbe30617b,.,nondex,org.junit.tests.assertion.AssertionTest#notSameNullMessage,org.junit.tests.assertion.AssertionTest#notSameNullMessage
junit4,https://github.com/junit-team/junit4,7167b23b3ba7dd79410f6e9db350d16cbe30617b,.,nondex,org.junit.tests.assertion.AssertionTest#notSameWithMessage,org.junit.tests.assertion.AssertionTest#notSameWithMessage
junit4,https://github.com/junit-team/junit4,7167b23b3ba7dd79410f6e9db350d16cbe30617b,.,nondex,org.junit.tests.assertion.AssertionTest#nullAndStringNullPrintCorrectError,org.junit.tests.assertion.AssertionTest#nullAndStringNullPrintCorrectError
junit4,https://github.com/junit-team/junit4,7167b23b3ba7dd79410f6e9db350d16cbe30617b,.,nondex,org.junit.tests.assertion.AssertionTest#nullMessageDisappearsWithAssertEquals,org.junit.tests.assertion.AssertionTest#nullMessageDisappearsWithAssertEquals
junit4,https://github.com/junit-team/junit4,7167b23b3ba7dd79410f6e9db350d16cbe30617b,.,nondex,org.junit.tests.assertion.AssertionTest#nullMessageDisappearsWithStringAssertEquals,org.junit.tests.assertion.AssertionTest#nullMessageDisappearsWithStringAssertEquals
junit4,https://github.com/junit-team/junit4,7167b23b3ba7dd79410f6e9db350d16cbe30617b,.,nondex,org.junit.tests.assertion.AssertionTest#nullNullmessage,org.junit.tests.assertion.AssertionTest#nullNullmessage
junit4,https://github.com/junit-team/junit4,7167b23b3ba7dd79410f6e9db350d16cbe30617b,.,nondex,org.junit.tests.assertion.AssertionTest#nullToString,org.junit.tests.assertion.AssertionTest#nullToString
junit4,https://github.com/junit-team/junit4,7167b23b3ba7dd79410f6e9db350d16cbe30617b,.,nondex,org.junit.tests.assertion.AssertionTest#nullWithMessage,org.junit.tests.assertion.AssertionTest#nullWithMessage
junit4,https://github.com/junit-team/junit4,7167b23b3ba7dd79410f6e9db350d16cbe30617b,.,nondex,org.junit.tests.assertion.AssertionTest#objectsAreSame,org.junit.tests.assertion.AssertionTest#objectsAreSame
junit4,https://github.com/junit-team/junit4,7167b23b3ba7dd79410f6e9db350d16cbe30617b,.,nondex,org.junit.tests.assertion.AssertionTest#objectsNotEquals,org.junit.tests.assertion.AssertionTest#objectsNotEquals
junit4,https://github.com/junit-team/junit4,7167b23b3ba7dd79410f6e9db350d16cbe30617b,.,nondex,org.junit.tests.assertion.AssertionTest#objectsNotSame,org.junit.tests.assertion.AssertionTest#objectsNotSame
junit4,https://github.com/junit-team/junit4,7167b23b3ba7dd79410f6e9db350d16cbe30617b,.,nondex,org.junit.tests.assertion.AssertionTest#oneDimensionalBooleanArraysAreNotEqual,org.junit.tests.assertion.AssertionTest#oneDimensionalBooleanArraysAreNotEqual
junit4,https://github.com/junit-team/junit4,7167b23b3ba7dd79410f6e9db350d16cbe30617b,.,nondex,org.junit.tests.assertion.AssertionTest#oneDimensionalDoubleArraysAreNotEqual,org.junit.tests.assertion.AssertionTest#oneDimensionalDoubleArraysAreNotEqual
junit4,https://github.com/junit-team/junit4,7167b23b3ba7dd79410f6e9db350d16cbe30617b,.,nondex,org.junit.tests.assertion.AssertionTest#oneDimensionalFloatArraysAreNotEqual,org.junit.tests.assertion.AssertionTest#oneDimensionalFloatArraysAreNotEqual
junit4,https://github.com/junit-team/junit4,7167b23b3ba7dd79410f6e9db350d16cbe30617b,.,nondex,org.junit.tests.assertion.AssertionTest#oneDimensionalPrimitiveArraysAreEqual,org.junit.tests.assertion.AssertionTest#oneDimensionalPrimitiveArraysAreEqual
junit4,https://github.com/junit-team/junit4,7167b23b3ba7dd79410f6e9db350d16cbe30617b,.,nondex,org.junit.tests.assertion.AssertionTest#primitiveArraysConvertedToStringCorrectly,org.junit.tests.assertion.AssertionTest#primitiveArraysConvertedToStringCorrectly
junit4,https://github.com/junit-team/junit4,7167b23b3ba7dd79410f6e9db350d16cbe30617b,.,nondex,org.junit.tests.assertion.AssertionTest#same,org.junit.tests.assertion.AssertionTest#same
junit4,https://github.com/junit-team/junit4,7167b23b3ba7dd79410f6e9db350d16cbe30617b,.,nondex,org.junit.tests.assertion.AssertionTest#sameObjectIsNotEqual,org.junit.tests.assertion.AssertionTest#sameObjectIsNotEqual
junit4,https://github.com/junit-team/junit4,7167b23b3ba7dd79410f6e9db350d16cbe30617b,.,nondex,org.junit.tests.assertion.AssertionTest#sameWithMessage,org.junit.tests.assertion.AssertionTest#sameWithMessage
junit4,https://github.com/junit-team/junit4,7167b23b3ba7dd79410f6e9db350d16cbe30617b,.,nondex,org.junit.tests.assertion.AssertionTest#shortsNotEqual,org.junit.tests.assertion.AssertionTest#shortsNotEqual
junit4,https://github.com/junit-team/junit4,7167b23b3ba7dd79410f6e9db350d16cbe30617b,.,nondex,org.junit.tests.assertion.AssertionTest#stringNullAndNullWorksToo,org.junit.tests.assertion.AssertionTest#stringNullAndNullWorksToo
junit4,https://github.com/junit-team/junit4,7167b23b3ba7dd79410f6e9db350d16cbe30617b,.,nondex,org.junit.tests.assertion.AssertionTest#stringsDifferWithUserMessage,org.junit.tests.assertion.AssertionTest#stringsDifferWithUserMessage
junit4,https://github.com/junit-team/junit4,7167b23b3ba7dd79410f6e9db350d16cbe30617b,.,nondex,org.junit.tests.assertion.AssertionTest#stringsNotEqual,org.junit.tests.assertion.AssertionTest#stringsNotEqual
junit4,https://github.com/junit-team/junit4,7167b23b3ba7dd79410f6e9db350d16cbe30617b,.,nondex,org.junit.tests.assertion.AssertionTest#twoDimensionalArraysConvertedToStringCorrectly,org.junit.tests.assertion.AssertionTest#twoDimensionalArraysConvertedToStringCorrectly
junit4,https://github.com/junit-team/junit4,7167b23b3ba7dd79410f6e9db350d16cbe30617b,.,nondex,org.junit.tests.assertion.AssertionTest#twoDimensionalArraysDifferentInnerLengthNotEqual,org.junit.tests.assertion.AssertionTest#twoDimensionalArraysDifferentInnerLengthNotEqual
junit4,https://github.com/junit-team/junit4,7167b23b3ba7dd79410f6e9db350d16cbe30617b,.,nondex,org.junit.tests.assertion.AssertionTest#twoDimensionalArraysDifferentOuterLengthNotEqual,org.junit.tests.assertion.AssertionTest#twoDimensionalArraysDifferentOuterLengthNotEqual
junit4,https://github.com/junit-team/junit4,7167b23b3ba7dd79410f6e9db350d16cbe30617b,.,nondex,org.junit.tests.assertion.ComparisonFailureTest#compactFailureMessage,org.junit.tests.assertion.ComparisonFailureTest#compactFailureMessage
junit4,https://github.com/junit-team/junit4,7167b23b3ba7dd79410f6e9db350d16cbe30617b,.,nondex,org.junit.tests.assertion.MultipleFailureExceptionTest#assertEmptyDoesNotThrowForEmptyList,org.junit.tests.assertion.MultipleFailureExceptionTest#assertEmptyDoesNotThrowForEmptyList
junit4,https://github.com/junit-team/junit4,7167b23b3ba7dd79410f6e9db350d16cbe30617b,.,nondex,org.junit.tests.assertion.MultipleFailureExceptionTest#assertEmptyErrorListConstructorFailure,org.junit.tests.assertion.MultipleFailureExceptionTest#assertEmptyErrorListConstructorFailure
junit4,https://github.com/junit-team/junit4,7167b23b3ba7dd79410f6e9db350d16cbe30617b,.,nondex,org.junit.tests.assertion.MultipleFailureExceptionTest#assertEmptyRethrowsSingleError,org.junit.tests.assertion.MultipleFailureExceptionTest#assertEmptyRethrowsSingleError
junit4,https://github.com/junit-team/junit4,7167b23b3ba7dd79410f6e9db350d16cbe30617b,.,nondex,org.junit.tests.assertion.MultipleFailureExceptionTest#assertEmptyRethrowsSingleRuntimeException,org.junit.tests.assertion.MultipleFailureExceptionTest#assertEmptyRethrowsSingleRuntimeException
junit4,https://github.com/junit-team/junit4,7167b23b3ba7dd79410f6e9db350d16cbe30617b,.,nondex,org.junit.tests.assertion.MultipleFailureExceptionTest#assertEmptyThrowsMultipleFailureExceptionForManyThrowables,org.junit.tests.assertion.MultipleFailureExceptionTest#assertEmptyThrowsMultipleFailureExceptionForManyThrowables
junit4,https://github.com/junit-team/junit4,7167b23b3ba7dd79410f6e9db350d16cbe30617b,.,nondex,org.junit.tests.assertion.MultipleFailureExceptionTest#assertEmptyWrapsAssumptionFailuresForManyThrowables,org.junit.tests.assertion.MultipleFailureExceptionTest#assertEmptyWrapsAssumptionFailuresForManyThrowables
junit4,https://github.com/junit-team/junit4,7167b23b3ba7dd79410f6e9db350d16cbe30617b,.,nondex,org.junit.tests.deprecated.JUnit4ClassRunnerTest#runWithOldJUnit4ClassRunner,org.junit.tests.deprecated.JUnit4ClassRunnerTest#runWithOldJUnit4ClassRunner
junit4,https://github.com/junit-team/junit4,7167b23b3ba7dd79410f6e9db350d16cbe30617b,.,nondex,org.junit.tests.deprecated.JUnit4ClassRunnerTest#runWithOldJUnit4ClassRunnerAndBadConstructor,org.junit.tests.deprecated.JUnit4ClassRunnerTest#runWithOldJUnit4ClassRunnerAndBadConstructor
junit4,https://github.com/junit-team/junit4,7167b23b3ba7dd79410f6e9db350d16cbe30617b,.,nondex,org.junit.tests.listening.ListenerTest#notifyListenersInTheOrderInWhichTheyAreAdded,org.junit.tests.listening.ListenerTest#notifyListenersInTheOrderInWhichTheyAreAdded
junit4,https://github.com/junit-team/junit4,7167b23b3ba7dd79410f6e9db350d16cbe30617b,.,nondex,org.junit.tests.listening.RunnerTest#newTestCount,org.junit.tests.listening.RunnerTest#newTestCount
junit4,https://github.com/junit-team/junit4,7167b23b3ba7dd79410f6e9db350d16cbe30617b,.,nondex,org.junit.tests.listening.RunnerTest#oldTestCount,org.junit.tests.listening.RunnerTest#oldTestCount
junit4,https://github.com/junit-team/junit4,7167b23b3ba7dd79410f6e9db350d16cbe30617b,.,nondex,org.junit.tests.listening.RunnerTest#testFinished,org.junit.tests.listening.RunnerTest#testFinished
junit4,https://github.com/junit-team/junit4,7167b23b3ba7dd79410f6e9db350d16cbe30617b,.,nondex,org.junit.tests.listening.TestListenerTest#freshResultEachTime,org.junit.tests.listening.TestListenerTest#freshResultEachTime
junit4,https://github.com/junit-team/junit4,7167b23b3ba7dd79410f6e9db350d16cbe30617b,.,nondex,org.junit.tests.listening.TestListenerTest#reportsFailureOfListener,org.junit.tests.listening.TestListenerTest#reportsFailureOfListener
junit4,https://github.com/junit-team/junit4,7167b23b3ba7dd79410f6e9db350d16cbe30617b,.,nondex,org.junit.tests.listening.TextListenerTest#testError,org.junit.tests.listening.TextListenerTest#testError
junit4,https://github.com/junit-team/junit4,7167b23b3ba7dd79410f6e9db350d16cbe30617b,.,nondex,org.junit.tests.listening.TextListenerTest#testSuccess,org.junit.tests.listening.TextListenerTest#testSuccess
junit4,https://github.com/junit-team/junit4,7167b23b3ba7dd79410f6e9db350d16cbe30617b,.,nondex,org.junit.tests.listening.TextListenerTest#testTime,org.junit.tests.listening.TextListenerTest#testTime
junit4,https://github.com/junit-team/junit4,7167b23b3ba7dd79410f6e9db350d16cbe30617b,.,nondex,org.junit.tests.listening.UserStopTest#stopClassRunner,org.junit.tests.listening.UserStopTest#stopClassRunner
junit4,https://github.com/junit-team/junit4,7167b23b3ba7dd79410f6e9db350d16cbe30617b,.,nondex,org.junit.tests.running.classes.BlockJUnit4ClassRunnerTest#detectNonStaticEnclosedClass,org.junit.tests.running.classes.BlockJUnit4ClassRunnerTest#detectNonStaticEnclosedClass
junit4,https://github.com/junit-team/junit4,7167b23b3ba7dd79410f6e9db350d16cbe30617b,.,nondex,org.junit.tests.running.classes.BlockJUnit4ClassRunnerTest#methodBlockAfterFireTestStarted,org.junit.tests.running.classes.BlockJUnit4ClassRunnerTest#methodBlockAfterFireTestStarted
junit4,https://github.com/junit-team/junit4,7167b23b3ba7dd79410f6e9db350d16cbe30617b,.,nondex,org.junit.tests.running.classes.ClassLevelMethodsWithIgnoredTestsTest#afterClassShouldNotRunWhenAllTestsAreIgnored,org.junit.tests.running.classes.ClassLevelMethodsWithIgnoredTestsTest#afterClassShouldNotRunWhenAllTestsAreIgnored
junit4,https://github.com/junit-team/junit4,7167b23b3ba7dd79410f6e9db350d16cbe30617b,.,nondex,org.junit.tests.running.classes.ClassLevelMethodsWithIgnoredTestsTest#beforeClassShouldNotRunWhenAllTestsAreFiltered,org.junit.tests.running.classes.ClassLevelMethodsWithIgnoredTestsTest#beforeClassShouldNotRunWhenAllTestsAreFiltered
junit4,https://github.com/junit-team/junit4,7167b23b3ba7dd79410f6e9db350d16cbe30617b,.,nondex,org.junit.tests.running.classes.ClassLevelMethodsWithIgnoredTestsTest#beforeClassShouldNotRunWhenAllTestsAreIgnored,org.junit.tests.running.classes.ClassLevelMethodsWithIgnoredTestsTest#beforeClassShouldNotRunWhenAllTestsAreIgnored
junit4,https://github.com/junit-team/junit4,7167b23b3ba7dd79410f6e9db350d16cbe30617b,.,nondex,org.junit.tests.running.classes.ClassLevelMethodsWithIgnoredTestsTest#beforeClassShouldNotRunWhenWholeClassIsIgnored,org.junit.tests.running.classes.ClassLevelMethodsWithIgnoredTestsTest#beforeClassShouldNotRunWhenWholeClassIsIgnored
junit4,https://github.com/junit-team/junit4,7167b23b3ba7dd79410f6e9db350d16cbe30617b,.,nondex,org.junit.tests.running.classes.ClassLevelMethodsWithIgnoredTestsTest#classRuleShouldNotBeAppliedWhenAllTestsAreIgnored,org.junit.tests.running.classes.ClassLevelMethodsWithIgnoredTestsTest#classRuleShouldNotBeAppliedWhenAllTestsAreIgnored
junit4,https://github.com/junit-team/junit4,7167b23b3ba7dd79410f6e9db350d16cbe30617b,.,nondex,org.junit.tests.running.classes.EnclosedTest#enclosedRunnerIsNamedForEnclosingClass,org.junit.tests.running.classes.EnclosedTest#enclosedRunnerIsNamedForEnclosingClass
junit4,https://github.com/junit-team/junit4,7167b23b3ba7dd79410f6e9db350d16cbe30617b,.,nondex,org.junit.tests.running.classes.EnclosedTest#enclosedRunnerPlansConcreteEnclosedClasses,org.junit.tests.running.classes.EnclosedTest#enclosedRunnerPlansConcreteEnclosedClasses
junit4,https://github.com/junit-team/junit4,7167b23b3ba7dd79410f6e9db350d16cbe30617b,.,nondex,org.junit.tests.running.classes.EnclosedTest#enclosedRunnerRunsConcreteEnclosedClasses,org.junit.tests.running.classes.EnclosedTest#enclosedRunnerRunsConcreteEnclosedClasses
junit4,https://github.com/junit-team/junit4,7167b23b3ba7dd79410f6e9db350d16cbe30617b,.,nondex,org.junit.tests.running.classes.IgnoreClassTest#ignoreClass,org.junit.tests.running.classes.IgnoreClassTest#ignoreClass
junit4,https://github.com/junit-team/junit4,7167b23b3ba7dd79410f6e9db350d16cbe30617b,.,nondex,org.junit.tests.running.classes.ParameterizedTestTest#beforeAndAfterClassAreRun,org.junit.tests.running.classes.ParameterizedTestTest#beforeAndAfterClassAreRun
junit4,https://github.com/junit-team/junit4,7167b23b3ba7dd79410f6e9db350d16cbe30617b,.,nondex,org.junit.tests.running.classes.ParameterizedTestTest#beforeParamAndAfterParamAreRun,org.junit.tests.running.classes.ParameterizedTestTest#beforeParamAndAfterParamAreRun
junit4,https://github.com/junit-team/junit4,7167b23b3ba7dd79410f6e9db350d16cbe30617b,.,nondex,org.junit.tests.running.classes.ParameterizedTestTest#beforeParamAndAfterParamValidation,org.junit.tests.running.classes.ParameterizedTestTest#beforeParamAndAfterParamValidation
junit4,https://github.com/junit-team/junit4,7167b23b3ba7dd79410f6e9db350d16cbe30617b,.,nondex,org.junit.tests.running.classes.ParameterizedTestTest#beforeParamAndAfterParamValidationNumberOfParameters,org.junit.tests.running.classes.ParameterizedTestTest#beforeParamAndAfterParamValidationNumberOfParameters
junit4,https://github.com/junit-team/junit4,7167b23b3ba7dd79410f6e9db350d16cbe30617b,.,nondex,org.junit.tests.running.classes.ParameterizedTestTest#countBeforeRun,org.junit.tests.running.classes.ParameterizedTestTest#countBeforeRun
junit4,https://github.com/junit-team/junit4,7167b23b3ba7dd79410f6e9db350d16cbe30617b,.,nondex,org.junit.tests.running.classes.ParameterizedTestTest#countsFailures,org.junit.tests.running.classes.ParameterizedTestTest#countsFailures
junit4,https://github.com/junit-team/junit4,7167b23b3ba7dd79410f6e9db350d16cbe30617b,.,nondex,org.junit.tests.running.classes.ParameterizedTestTest#countsRuns,org.junit.tests.running.classes.ParameterizedTestTest#countsRuns
junit4,https://github.com/junit-team/junit4,7167b23b3ba7dd79410f6e9db350d16cbe30617b,.,nondex,org.junit.tests.running.classes.ParameterizedTestTest#exceptionWhenPrivateConstructor,org.junit.tests.running.classes.ParameterizedTestTest#exceptionWhenPrivateConstructor
junit4,https://github.com/junit-team/junit4,7167b23b3ba7dd79410f6e9db350d16cbe30617b,.,nondex,org.junit.tests.running.classes.ParameterizedTestTest#failureOnInitialization,org.junit.tests.running.classes.ParameterizedTestTest#failureOnInitialization
junit4,https://github.com/junit-team/junit4,7167b23b3ba7dd79410f6e9db350d16cbe30617b,.,nondex,org.junit.tests.running.classes.ParameterizedTestTest#failuresAddedForBadTestMethod,org.junit.tests.running.classes.ParameterizedTestTest#failuresAddedForBadTestMethod
junit4,https://github.com/junit-team/junit4,7167b23b3ba7dd79410f6e9db350d16cbe30617b,.,nondex,org.junit.tests.running.classes.ParameterizedTestTest#failuresNamedCorrectly,org.junit.tests.running.classes.ParameterizedTestTest#failuresNamedCorrectly
junit4,https://github.com/junit-team/junit4,7167b23b3ba7dd79410f6e9db350d16cbe30617b,.,nondex,org.junit.tests.running.classes.ParameterizedTestTest#meaningfulFailureWhenParametersAreNotAnIterable,org.junit.tests.running.classes.ParameterizedTestTest#meaningfulFailureWhenParametersAreNotAnIterable
junit4,https://github.com/junit-team/junit4,7167b23b3ba7dd79410f6e9db350d16cbe30617b,.,nondex,org.junit.tests.running.classes.ParameterizedTestTest#meaningfulFailureWhenParametersNotPublic,org.junit.tests.running.classes.ParameterizedTestTest#meaningfulFailureWhenParametersNotPublic
junit4,https://github.com/junit-team/junit4,7167b23b3ba7dd79410f6e9db350d16cbe30617b,.,nondex,org.junit.tests.running.classes.ParameterizedTestTest#multipleBeforeParamAndAfterParamAreRun,org.junit.tests.running.classes.ParameterizedTestTest#multipleBeforeParamAndAfterParamAreRun
junit4,https://github.com/junit-team/junit4,7167b23b3ba7dd79410f6e9db350d16cbe30617b,.,nondex,org.junit.tests.running.classes.ParameterizedTestTest#multipleParametersBeforeParamAndAfterParamAreRun,org.junit.tests.running.classes.ParameterizedTestTest#multipleParametersBeforeParamAndAfterParamAreRun
junit4,https://github.com/junit-team/junit4,7167b23b3ba7dd79410f6e9db350d16cbe30617b,.,nondex,org.junit.tests.running.classes.ParameterizedTestTest#numberOfFieldsAndParametersShouldMatch,org.junit.tests.running.classes.ParameterizedTestTest#numberOfFieldsAndParametersShouldMatch
junit4,https://github.com/junit-team/junit4,7167b23b3ba7dd79410f6e9db350d16cbe30617b,.,nondex,org.junit.tests.running.classes.ParameterizedTestTest#plansNamedCorrectly,org.junit.tests.running.classes.ParameterizedTestTest#plansNamedCorrectly
junit4,https://github.com/junit-team/junit4,7167b23b3ba7dd79410f6e9db350d16cbe30617b,.,nondex,org.junit.tests.running.classes.ParameterizedTestTest#providesDataByAnnotatedFields,org.junit.tests.running.classes.ParameterizedTestTest#providesDataByAnnotatedFields
junit4,https://github.com/junit-team/junit4,7167b23b3ba7dd79410f6e9db350d16cbe30617b,.,nondex,org.junit.tests.running.classes.ParameterizedTestTest#runsEveryTestOfArray,org.junit.tests.running.classes.ParameterizedTestTest#runsEveryTestOfArray
junit4,https://github.com/junit-team/junit4,7167b23b3ba7dd79410f6e9db350d16cbe30617b,.,nondex,org.junit.tests.running.classes.ParameterizedTestTest#runsForEverySingleArgumentOfArray,org.junit.tests.running.classes.ParameterizedTestTest#runsForEverySingleArgumentOfArray
junit4,https://github.com/junit-team/junit4,7167b23b3ba7dd79410f6e9db350d16cbe30617b,.,nondex,org.junit.tests.running.classes.ParameterizedTestTest#runsForEverySingleArgumentOfCollection,org.junit.tests.running.classes.ParameterizedTestTest#runsForEverySingleArgumentOfCollection
junit4,https://github.com/junit-team/junit4,7167b23b3ba7dd79410f6e9db350d16cbe30617b,.,nondex,org.junit.tests.running.classes.ParameterizedTestTest#runsForEverySingleArgumentOfIterable,org.junit.tests.running.classes.ParameterizedTestTest#runsForEverySingleArgumentOfIterable
junit4,https://github.com/junit-team/junit4,7167b23b3ba7dd79410f6e9db350d16cbe30617b,.,nondex,org.junit.tests.running.classes.ParameterizedTestTest#testsAreExecutedWhenAssumptionInParametersMethodDoesNotFail,org.junit.tests.running.classes.ParameterizedTestTest#testsAreExecutedWhenAssumptionInParametersMethodDoesNotFail
junit4,https://github.com/junit-team/junit4,7167b23b3ba7dd79410f6e9db350d16cbe30617b,.,nondex,org.junit.tests.running.classes.ParameterizedTestTest#testsAreNotExecutedWhenAssumptionInParametersMethodFails,org.junit.tests.running.classes.ParameterizedTestTest#testsAreNotExecutedWhenAssumptionInParametersMethodFails
junit4,https://github.com/junit-team/junit4,7167b23b3ba7dd79410f6e9db350d16cbe30617b,.,nondex,org.junit.tests.running.classes.ParameterizedTestTest#usesIndexAsTestName,org.junit.tests.running.classes.ParameterizedTestTest#usesIndexAsTestName
junit4,https://github.com/junit-team/junit4,7167b23b3ba7dd79410f6e9db350d16cbe30617b,.,nondex,org.junit.tests.running.classes.ParameterizedTestTest#usesParametersRunnerFactoryThatWasSpecifiedByAnnotation,org.junit.tests.running.classes.ParameterizedTestTest#usesParametersRunnerFactoryThatWasSpecifiedByAnnotation
junit4,https://github.com/junit-team/junit4,7167b23b3ba7dd79410f6e9db350d16cbe30617b,.,nondex,org.junit.tests.running.classes.ParameterizedTestTest#usesParametersRunnerFactoryThatWasSpecifiedByAnnotationInSuperClass,org.junit.tests.running.classes.ParameterizedTestTest#usesParametersRunnerFactoryThatWasSpecifiedByAnnotationInSuperClass
junit4,https://github.com/junit-team/junit4,7167b23b3ba7dd79410f6e9db350d16cbe30617b,.,nondex,org.junit.tests.running.classes.ParameterizedTestTest#validateClassCatchesNoParameters,org.junit.tests.running.classes.ParameterizedTestTest#validateClassCatchesNoParameters
junit4,https://github.com/junit-team/junit4,7167b23b3ba7dd79410f6e9db350d16cbe30617b,.,nondex,org.junit.tests.running.classes.ParentRunnerFilteringTest#testCountClassFiltering,org.junit.tests.running.classes.ParentRunnerFilteringTest#testCountClassFiltering
junit4,https://github.com/junit-team/junit4,7167b23b3ba7dd79410f6e9db350d16cbe30617b,.,nondex,org.junit.tests.running.classes.ParentRunnerFilteringTest#testCountSuiteFiltering,org.junit.tests.running.classes.ParentRunnerFilteringTest#testCountSuiteFiltering
junit4,https://github.com/junit-team/junit4,7167b23b3ba7dd79410f6e9db350d16cbe30617b,.,nondex,org.junit.tests.running.classes.ParentRunnerFilteringTest#testRunSuiteFiltering,org.junit.tests.running.classes.ParentRunnerFilteringTest#testRunSuiteFiltering
junit4,https://github.com/junit-team/junit4,7167b23b3ba7dd79410f6e9db350d16cbe30617b,.,nondex,org.junit.tests.running.classes.ParentRunnerFilteringTest#testSuiteFiltering,org.junit.tests.running.classes.ParentRunnerFilteringTest#testSuiteFiltering
junit4,https://github.com/junit-team/junit4,7167b23b3ba7dd79410f6e9db350d16cbe30617b,.,nondex,org.junit.tests.running.classes.ParentRunnerFilteringTest#testSuiteFilteringWithUnmodifiableChildList,org.junit.tests.running.classes.ParentRunnerFilteringTest#testSuiteFilteringWithUnmodifiableChildList
junit4,https://github.com/junit-team/junit4,7167b23b3ba7dd79410f6e9db350d16cbe30617b,.,nondex,org.junit.tests.running.classes.ParentRunnerTest#assertionErrorAtParentLevelTest,org.junit.tests.running.classes.ParentRunnerTest#assertionErrorAtParentLevelTest
junit4,https://github.com/junit-team/junit4,7167b23b3ba7dd79410f6e9db350d16cbe30617b,.,nondex,org.junit.tests.running.classes.ParentRunnerTest#assumptionViolatedAtParentLevel,org.junit.tests.running.classes.ParentRunnerTest#assumptionViolatedAtParentLevel
junit4,https://github.com/junit-team/junit4,7167b23b3ba7dd79410f6e9db350d16cbe30617b,.,nondex,org.junit.tests.running.classes.ParentRunnerTest#cannotBeCreatedWithNonPublicTestClass,org.junit.tests.running.classes.ParentRunnerTest#cannotBeCreatedWithNonPublicTestClass
junit4,https://github.com/junit-team/junit4,7167b23b3ba7dd79410f6e9db350d16cbe30617b,.,nondex,org.junit.tests.running.classes.ParentRunnerTest#failWithHelpfulMessageForNonStaticClassRule,org.junit.tests.running.classes.ParentRunnerTest#failWithHelpfulMessageForNonStaticClassRule
junit4,https://github.com/junit-team/junit4,7167b23b3ba7dd79410f6e9db350d16cbe30617b,.,nondex,org.junit.tests.running.classes.ParentRunnerTest#failWithHelpfulMessageForProtectedClassRule,org.junit.tests.running.classes.ParentRunnerTest#failWithHelpfulMessageForProtectedClassRule
junit4,https://github.com/junit-team/junit4,7167b23b3ba7dd79410f6e9db350d16cbe30617b,.,nondex,org.junit.tests.running.classes.ParentRunnerTest#parentRunnerTestMethods,org.junit.tests.running.classes.ParentRunnerTest#parentRunnerTestMethods
junit4,https://github.com/junit-team/junit4,7167b23b3ba7dd79410f6e9db350d16cbe30617b,.,nondex,org.junit.tests.running.classes.ParentRunnerTest#testMultipleFilters,org.junit.tests.running.classes.ParentRunnerTest#testMultipleFilters
junit4,https://github.com/junit-team/junit4,7167b23b3ba7dd79410f6e9db350d16cbe30617b,.,nondex,org.junit.tests.running.classes.ParentRunnerTest#useChildHarvester,org.junit.tests.running.classes.ParentRunnerTest#useChildHarvester
junit4,https://github.com/junit-team/junit4,7167b23b3ba7dd79410f6e9db350d16cbe30617b,.,nondex,org.junit.tests.running.classes.RunWithTest#characterizeErrorMessageFromBadRunner,org.junit.tests.running.classes.RunWithTest#characterizeErrorMessageFromBadRunner
junit4,https://github.com/junit-team/junit4,7167b23b3ba7dd79410f6e9db350d16cbe30617b,.,nondex,org.junit.tests.running.classes.RunWithTest#run,org.junit.tests.running.classes.RunWithTest#run
junit4,https://github.com/junit-team/junit4,7167b23b3ba7dd79410f6e9db350d16cbe30617b,.,nondex,org.junit.tests.running.classes.RunWithTest#runWithExtendsToSubclasses,org.junit.tests.running.classes.RunWithTest#runWithExtendsToSubclasses
junit4,https://github.com/junit-team/junit4,7167b23b3ba7dd79410f6e9db350d16cbe30617b,.,nondex,org.junit.tests.running.classes.SuiteTest#beforeAndAfterClassRunOnSuite,org.junit.tests.running.classes.SuiteTest#beforeAndAfterClassRunOnSuite
junit4,https://github.com/junit-team/junit4,7167b23b3ba7dd79410f6e9db350d16cbe30617b,.,nondex,org.junit.tests.running.classes.SuiteTest#ensureInheritedTestIsRun,org.junit.tests.running.classes.SuiteTest#ensureInheritedTestIsRun
junit4,https://github.com/junit-team/junit4,7167b23b3ba7dd79410f6e9db350d16cbe30617b,.,nondex,org.junit.tests.running.classes.SuiteTest#ensureSuitesWorkWithForwardCompatibility,org.junit.tests.running.classes.SuiteTest#ensureSuitesWorkWithForwardCompatibility
junit4,https://github.com/junit-team/junit4,7167b23b3ba7dd79410f6e9db350d16cbe30617b,.,nondex,org.junit.tests.running.classes.SuiteTest#ensureTestIsRun,org.junit.tests.running.classes.SuiteTest#ensureTestIsRun
junit4,https://github.com/junit-team/junit4,7167b23b3ba7dd79410f6e9db350d16cbe30617b,.,nondex,org.junit.tests.running.classes.SuiteTest#forwardCompatibilityWorksWithGetTests,org.junit.tests.running.classes.SuiteTest#forwardCompatibilityWorksWithGetTests
junit4,https://github.com/junit-team/junit4,7167b23b3ba7dd79410f6e9db350d16cbe30617b,.,nondex,org.junit.tests.running.classes.SuiteTest#forwardCompatibilityWorksWithTestCount,org.junit.tests.running.classes.SuiteTest#forwardCompatibilityWorksWithTestCount
junit4,https://github.com/junit-team/junit4,7167b23b3ba7dd79410f6e9db350d16cbe30617b,.,nondex,org.junit.tests.running.classes.SuiteTest#nonPublicSuiteClassWithBeforeClassPasses,org.junit.tests.running.classes.SuiteTest#nonPublicSuiteClassWithBeforeClassPasses
junit4,https://github.com/junit-team/junit4,7167b23b3ba7dd79410f6e9db350d16cbe30617b,.,nondex,org.junit.tests.running.classes.SuiteTest#suiteClassDoesNotNeedToBePublic,org.junit.tests.running.classes.SuiteTest#suiteClassDoesNotNeedToBePublic
junit4,https://github.com/junit-team/junit4,7167b23b3ba7dd79410f6e9db350d16cbe30617b,.,nondex,org.junit.tests.running.classes.SuiteTest#suiteShouldBeOKwithNonDefaultConstructor,org.junit.tests.running.classes.SuiteTest#suiteShouldBeOKwithNonDefaultConstructor
junit4,https://github.com/junit-team/junit4,7167b23b3ba7dd79410f6e9db350d16cbe30617b,.,nondex,org.junit.tests.running.classes.SuiteTest#suiteShouldComplainAboutNoSuiteClassesAnnotation,org.junit.tests.running.classes.SuiteTest#suiteShouldComplainAboutNoSuiteClassesAnnotation
junit4,https://github.com/junit-team/junit4,7167b23b3ba7dd79410f6e9db350d16cbe30617b,.,nondex,org.junit.tests.running.classes.SuiteTest#suiteTestCountIsCorrect,org.junit.tests.running.classes.SuiteTest#suiteTestCountIsCorrect
junit4,https://github.com/junit-team/junit4,7167b23b3ba7dd79410f6e9db350d16cbe30617b,.,nondex,org.junit.tests.running.classes.SuiteTest#whatHappensWhenASuiteContainsItselfIndirectly,org.junit.tests.running.classes.SuiteTest#whatHappensWhenASuiteContainsItselfIndirectly
junit4,https://github.com/junit-team/junit4,7167b23b3ba7dd79410f6e9db350d16cbe30617b,.,nondex,org.junit.tests.running.classes.SuiteTest#whatHappensWhenASuiteHasACycle,org.junit.tests.running.classes.SuiteTest#whatHappensWhenASuiteHasACycle
junit4,https://github.com/junit-team/junit4,7167b23b3ba7dd79410f6e9db350d16cbe30617b,.,nondex,org.junit.tests.running.classes.SuiteTest#whatHappensWhenASuiteHasAForkingCycle,org.junit.tests.running.classes.SuiteTest#whatHappensWhenASuiteHasAForkingCycle
junit4,https://github.com/junit-team/junit4,7167b23b3ba7dd79410f6e9db350d16cbe30617b,.,nondex,org.junit.tests.running.classes.SuiteTest#withoutSuiteClassAnnotationProducesFailure,org.junit.tests.running.classes.SuiteTest#withoutSuiteClassAnnotationProducesFailure
junit4,https://github.com/junit-team/junit4,7167b23b3ba7dd79410f6e9db350d16cbe30617b,.,nondex,org.junit.tests.running.classes.ThreadsTest#currentThreadInterruptStatusIsClearedAfterSuiteExecution,org.junit.tests.running.classes.ThreadsTest#currentThreadInterruptStatusIsClearedAfterSuiteExecution
junit4,https://github.com/junit-team/junit4,7167b23b3ba7dd79410f6e9db350d16cbe30617b,.,nondex,org.junit.tests.running.classes.ThreadsTest#currentThreadInterruptedStatusIsClearedAfterEachTestExecution,org.junit.tests.running.classes.ThreadsTest#currentThreadInterruptedStatusIsClearedAfterEachTestExecution
junit4,https://github.com/junit-team/junit4,7167b23b3ba7dd79410f6e9db350d16cbe30617b,.,nondex,org.junit.tests.running.classes.UseSuiteAsASuperclassTest#ensureTestsAreRun,org.junit.tests.running.classes.UseSuiteAsASuperclassTest#ensureTestsAreRun
junit4,https://github.com/junit-team/junit4,7167b23b3ba7dd79410f6e9db350d16cbe30617b,.,nondex,org.junit.tests.running.classes.parent.ParentRunnerClassLoaderTest#testBackwardCompatibilityWithOverrideGetName,org.junit.tests.running.classes.parent.ParentRunnerClassLoaderTest#testBackwardCompatibilityWithOverrideGetName
junit4,https://github.com/junit-team/junit4,7167b23b3ba7dd79410f6e9db350d16cbe30617b,.,nondex,org.junit.tests.running.classes.parent.ParentRunnerClassLoaderTest#testClassRuleAccessToClassInAnotherClassLoader,org.junit.tests.running.classes.parent.ParentRunnerClassLoaderTest#testClassRuleAccessToClassInAnotherClassLoader
junit4,https://github.com/junit-team/junit4,7167b23b3ba7dd79410f6e9db350d16cbe30617b,.,nondex,org.junit.tests.running.classes.parent.ParentRunnerClassLoaderTest#testDescriptionContainCorrectTestClass,org.junit.tests.running.classes.parent.ParentRunnerClassLoaderTest#testDescriptionContainCorrectTestClass
junit4,https://github.com/junit-team/junit4,7167b23b3ba7dd79410f6e9db350d16cbe30617b,.,nondex,org.junit.tests.running.classes.parent.TestWithClassRule#org,org.junit.tests.running.classes.parent.TestWithClassRule#org
junit4,https://github.com/junit-team/junit4,7167b23b3ba7dd79410f6e9db350d16cbe30617b,.,nondex,org.junit.tests.running.core.CommandLineTest#runAClass,org.junit.tests.running.core.CommandLineTest#runAClass
junit4,https://github.com/junit-team/junit4,7167b23b3ba7dd79410f6e9db350d16cbe30617b,.,nondex,org.junit.tests.running.core.CommandLineTest#runATest,org.junit.tests.running.core.CommandLineTest#runATest
junit4,https://github.com/junit-team/junit4,7167b23b3ba7dd79410f6e9db350d16cbe30617b,.,nondex,org.junit.tests.running.core.CommandLineTest#runTwoClasses,org.junit.tests.running.core.CommandLineTest#runTwoClasses
junit4,https://github.com/junit-team/junit4,7167b23b3ba7dd79410f6e9db350d16cbe30617b,.,nondex,org.junit.tests.running.core.CommandLineTest#runTwoClassesAsArray,org.junit.tests.running.core.CommandLineTest#runTwoClassesAsArray
junit4,https://github.com/junit-team/junit4,7167b23b3ba7dd79410f6e9db350d16cbe30617b,.,nondex,org.junit.tests.running.core.JUnitCoreReturnsCorrectExitCodeTest#failureCausesExitCodeOf1,org.junit.tests.running.core.JUnitCoreReturnsCorrectExitCodeTest#failureCausesExitCodeOf1
junit4,https://github.com/junit-team/junit4,7167b23b3ba7dd79410f6e9db350d16cbe30617b,.,nondex,org.junit.tests.running.core.JUnitCoreReturnsCorrectExitCodeTest#missingClassCausesExitCodeOf1,org.junit.tests.running.core.JUnitCoreReturnsCorrectExitCodeTest#missingClassCausesExitCodeOf1
junit4,https://github.com/junit-team/junit4,7167b23b3ba7dd79410f6e9db350d16cbe30617b,.,nondex,org.junit.tests.running.core.JUnitCoreReturnsCorrectExitCodeTest#successCausesExitCodeOf0,org.junit.tests.running.core.JUnitCoreReturnsCorrectExitCodeTest#successCausesExitCodeOf0
junit4,https://github.com/junit-team/junit4,7167b23b3ba7dd79410f6e9db350d16cbe30617b,.,nondex,org.junit.tests.running.core.SystemExitTest#failureCausesExitCodeOf1,org.junit.tests.running.core.SystemExitTest#failureCausesExitCodeOf1
junit4,https://github.com/junit-team/junit4,7167b23b3ba7dd79410f6e9db350d16cbe30617b,.,nondex,org.junit.tests.running.methods.AnnotationTest#testAnnotatedMethod,org.junit.tests.running.methods.AnnotationTest#testAnnotatedMethod
junit4,https://github.com/junit-team/junit4,7167b23b3ba7dd79410f6e9db350d16cbe30617b,.,nondex,org.junit.tests.running.methods.AnnotationTest#testAnnotatedMethodWithFutureProofExplicitRunner,org.junit.tests.running.methods.AnnotationTest#testAnnotatedMethodWithFutureProofExplicitRunner
junit4,https://github.com/junit-team/junit4,7167b23b3ba7dd79410f6e9db350d16cbe30617b,.,nondex,org.junit.tests.running.methods.AnnotationTest#testErrorInAfterClass,org.junit.tests.running.methods.AnnotationTest#testErrorInAfterClass
junit4,https://github.com/junit-team/junit4,7167b23b3ba7dd79410f6e9db350d16cbe30617b,.,nondex,org.junit.tests.running.methods.AnnotationTest#testErrorInBeforeClass,org.junit.tests.running.methods.AnnotationTest#testErrorInBeforeClass
junit4,https://github.com/junit-team/junit4,7167b23b3ba7dd79410f6e9db350d16cbe30617b,.,nondex,org.junit.tests.running.methods.AnnotationTest#testException,org.junit.tests.running.methods.AnnotationTest#testException
junit4,https://github.com/junit-team/junit4,7167b23b3ba7dd79410f6e9db350d16cbe30617b,.,nondex,org.junit.tests.running.methods.AnnotationTest#testExceptionNotThrown,org.junit.tests.running.methods.AnnotationTest#testExceptionNotThrown
junit4,https://github.com/junit-team/junit4,7167b23b3ba7dd79410f6e9db350d16cbe30617b,.,nondex,org.junit.tests.running.methods.AnnotationTest#testFieldsShadowFieldsFromParent,org.junit.tests.running.methods.AnnotationTest#testFieldsShadowFieldsFromParent
junit4,https://github.com/junit-team/junit4,7167b23b3ba7dd79410f6e9db350d16cbe30617b,.,nondex,org.junit.tests.running.methods.AnnotationTest#testOldSuiteTest,org.junit.tests.running.methods.AnnotationTest#testOldSuiteTest
junit4,https://github.com/junit-team/junit4,7167b23b3ba7dd79410f6e9db350d16cbe30617b,.,nondex,org.junit.tests.running.methods.AnnotationTest#testOldTest,org.junit.tests.running.methods.AnnotationTest#testOldTest
junit4,https://github.com/junit-team/junit4,7167b23b3ba7dd79410f6e9db350d16cbe30617b,.,nondex,org.junit.tests.running.methods.AnnotationTest#testOneTimeSetup,org.junit.tests.running.methods.AnnotationTest#testOneTimeSetup
junit4,https://github.com/junit-team/junit4,7167b23b3ba7dd79410f6e9db350d16cbe30617b,.,nondex,org.junit.tests.running.methods.AnnotationTest#testOneTimeTeardown,org.junit.tests.running.methods.AnnotationTest#testOneTimeTeardown
junit4,https://github.com/junit-team/junit4,7167b23b3ba7dd79410f6e9db350d16cbe30617b,.,nondex,org.junit.tests.running.methods.AnnotationTest#testOrder,org.junit.tests.running.methods.AnnotationTest#testOrder
junit4,https://github.com/junit-team/junit4,7167b23b3ba7dd79410f6e9db350d16cbe30617b,.,nondex,org.junit.tests.running.methods.AnnotationTest#testOrderingOfInheritance,org.junit.tests.running.methods.AnnotationTest#testOrderingOfInheritance
junit4,https://github.com/junit-team/junit4,7167b23b3ba7dd79410f6e9db350d16cbe30617b,.,nondex,org.junit.tests.running.methods.AnnotationTest#testRunAllAfterClasses,org.junit.tests.running.methods.AnnotationTest#testRunAllAfterClasses
junit4,https://github.com/junit-team/junit4,7167b23b3ba7dd79410f6e9db350d16cbe30617b,.,nondex,org.junit.tests.running.methods.AnnotationTest#testRunAllAfterClassesRegardless,org.junit.tests.running.methods.AnnotationTest#testRunAllAfterClassesRegardless
junit4,https://github.com/junit-team/junit4,7167b23b3ba7dd79410f6e9db350d16cbe30617b,.,nondex,org.junit.tests.running.methods.AnnotationTest#testRunAllAfters,org.junit.tests.running.methods.AnnotationTest#testRunAllAfters
junit4,https://github.com/junit-team/junit4,7167b23b3ba7dd79410f6e9db350d16cbe30617b,.,nondex,org.junit.tests.running.methods.AnnotationTest#testRunAllAftersRegardless,org.junit.tests.running.methods.AnnotationTest#testRunAllAftersRegardless
junit4,https://github.com/junit-team/junit4,7167b23b3ba7dd79410f6e9db350d16cbe30617b,.,nondex,org.junit.tests.running.methods.AnnotationTest#testRunFailure,org.junit.tests.running.methods.AnnotationTest#testRunFailure
junit4,https://github.com/junit-team/junit4,7167b23b3ba7dd79410f6e9db350d16cbe30617b,.,nondex,org.junit.tests.running.methods.AnnotationTest#testSetup,org.junit.tests.running.methods.AnnotationTest#testSetup
junit4,https://github.com/junit-team/junit4,7167b23b3ba7dd79410f6e9db350d16cbe30617b,.,nondex,org.junit.tests.running.methods.AnnotationTest#testSetupFailure,org.junit.tests.running.methods.AnnotationTest#testSetupFailure
junit4,https://github.com/junit-team/junit4,7167b23b3ba7dd79410f6e9db350d16cbe30617b,.,nondex,org.junit.tests.running.methods.AnnotationTest#testShadowing,org.junit.tests.running.methods.AnnotationTest#testShadowing
junit4,https://github.com/junit-team/junit4,7167b23b3ba7dd79410f6e9db350d16cbe30617b,.,nondex,org.junit.tests.running.methods.AnnotationTest#testStaticFieldsCanBeTreatedAsShadowed,org.junit.tests.running.methods.AnnotationTest#testStaticFieldsCanBeTreatedAsShadowed
junit4,https://github.com/junit-team/junit4,7167b23b3ba7dd79410f6e9db350d16cbe30617b,.,nondex,org.junit.tests.running.methods.AnnotationTest#testStaticMethodsCanBeTreatedAsShadowed,org.junit.tests.running.methods.AnnotationTest#testStaticMethodsCanBeTreatedAsShadowed
junit4,https://github.com/junit-team/junit4,7167b23b3ba7dd79410f6e9db350d16cbe30617b,.,nondex,org.junit.tests.running.methods.AnnotationTest#testTeardown,org.junit.tests.running.methods.AnnotationTest#testTeardown
junit4,https://github.com/junit-team/junit4,7167b23b3ba7dd79410f6e9db350d16cbe30617b,.,nondex,org.junit.tests.running.methods.AnnotationTest#testTeardownAfterFailure,org.junit.tests.running.methods.AnnotationTest#testTeardownAfterFailure
junit4,https://github.com/junit-team/junit4,7167b23b3ba7dd79410f6e9db350d16cbe30617b,.,nondex,org.junit.tests.running.methods.AnnotationTest#testTeardownFailure,org.junit.tests.running.methods.AnnotationTest#testTeardownFailure
junit4,https://github.com/junit-team/junit4,7167b23b3ba7dd79410f6e9db350d16cbe30617b,.,nondex,org.junit.tests.running.methods.AnnotationTest#testTestAndTeardownFailure,org.junit.tests.running.methods.AnnotationTest#testTestAndTeardownFailure
junit4,https://github.com/junit-team/junit4,7167b23b3ba7dd79410f6e9db350d16cbe30617b,.,nondex,org.junit.tests.running.methods.AnnotationTest#testTestInheritance,org.junit.tests.running.methods.AnnotationTest#testTestInheritance
junit4,https://github.com/junit-team/junit4,7167b23b3ba7dd79410f6e9db350d16cbe30617b,.,nondex,org.junit.tests.running.methods.AnnotationTest#testTwoTests,org.junit.tests.running.methods.AnnotationTest#testTwoTests
junit4,https://github.com/junit-team/junit4,7167b23b3ba7dd79410f6e9db350d16cbe30617b,.,nondex,org.junit.tests.running.methods.ExpectedTest#expected,org.junit.tests.running.methods.ExpectedTest#expected
junit4,https://github.com/junit-team/junit4,7167b23b3ba7dd79410f6e9db350d16cbe30617b,.,nondex,org.junit.tests.running.methods.ExpectedTest#expectsAssumptionViolatedException,org.junit.tests.running.methods.ExpectedTest#expectsAssumptionViolatedException
junit4,https://github.com/junit-team/junit4,7167b23b3ba7dd79410f6e9db350d16cbe30617b,.,nondex,org.junit.tests.running.methods.ExpectedTest#expectsSuperclass,org.junit.tests.running.methods.ExpectedTest#expectsSuperclass
junit4,https://github.com/junit-team/junit4,7167b23b3ba7dd79410f6e9db350d16cbe30617b,.,nondex,org.junit.tests.running.methods.ExpectedTest#noneThrown,org.junit.tests.running.methods.ExpectedTest#noneThrown
junit4,https://github.com/junit-team/junit4,7167b23b3ba7dd79410f6e9db350d16cbe30617b,.,nondex,org.junit.tests.running.methods.ExpectedTest#unexpected,org.junit.tests.running.methods.ExpectedTest#unexpected
junit4,https://github.com/junit-team/junit4,7167b23b3ba7dd79410f6e9db350d16cbe30617b,.,nondex,org.junit.tests.running.methods.InheritedTestTest#subclassWithInheritedTestAndOwnBeforeRunsBefore,org.junit.tests.running.methods.InheritedTestTest#subclassWithInheritedTestAndOwnBeforeRunsBefore
junit4,https://github.com/junit-team/junit4,7167b23b3ba7dd79410f6e9db350d16cbe30617b,.,nondex,org.junit.tests.running.methods.InheritedTestTest#subclassWithOnlyInheritedTestsRuns,org.junit.tests.running.methods.InheritedTestTest#subclassWithOnlyInheritedTestsRuns
junit4,https://github.com/junit-team/junit4,7167b23b3ba7dd79410f6e9db350d16cbe30617b,.,nondex,org.junit.tests.running.methods.ParameterizedTestMethodTest#testFailures,org.junit.tests.running.methods.ParameterizedTestMethodTest#testFailures
junit4,https://github.com/junit-team/junit4,7167b23b3ba7dd79410f6e9db350d16cbe30617b,.,nondex,org.junit.tests.running.methods.TestMethodTest#compatibility,org.junit.tests.running.methods.TestMethodTest#compatibility
junit4,https://github.com/junit-team/junit4,7167b23b3ba7dd79410f6e9db350d16cbe30617b,.,nondex,org.junit.tests.running.methods.TestMethodTest#constructorParameter,org.junit.tests.running.methods.TestMethodTest#constructorParameter
junit4,https://github.com/junit-team/junit4,7167b23b3ba7dd79410f6e9db350d16cbe30617b,.,nondex,org.junit.tests.running.methods.TestMethodTest#dontValidateShadowedMethods,org.junit.tests.running.methods.TestMethodTest#dontValidateShadowedMethods
junit4,https://github.com/junit-team/junit4,7167b23b3ba7dd79410f6e9db350d16cbe30617b,.,nondex,org.junit.tests.running.methods.TestMethodTest#ignoreRunner,org.junit.tests.running.methods.TestMethodTest#ignoreRunner
junit4,https://github.com/junit-team/junit4,7167b23b3ba7dd79410f6e9db350d16cbe30617b,.,nondex,org.junit.tests.running.methods.TestMethodTest#onlyIgnoredMethodsIsStillFineTestClass,org.junit.tests.running.methods.TestMethodTest#onlyIgnoredMethodsIsStillFineTestClass
junit4,https://github.com/junit-team/junit4,7167b23b3ba7dd79410f6e9db350d16cbe30617b,.,nondex,org.junit.tests.running.methods.TestMethodTest#overloaded,org.junit.tests.running.methods.TestMethodTest#overloaded
junit4,https://github.com/junit-team/junit4,7167b23b3ba7dd79410f6e9db350d16cbe30617b,.,nondex,org.junit.tests.running.methods.TestMethodTest#testFailures,org.junit.tests.running.methods.TestMethodTest#testFailures
junit4,https://github.com/junit-team/junit4,7167b23b3ba7dd79410f6e9db350d16cbe30617b,.,nondex,org.junit.tests.running.methods.TestMethodTest#validateInheritedMethods,org.junit.tests.running.methods.TestMethodTest#validateInheritedMethods
junit4,https://github.com/junit-team/junit4,7167b23b3ba7dd79410f6e9db350d16cbe30617b,.,nondex,org.junit.tests.running.methods.TimeoutTest#org,org.junit.tests.running.methods.TimeoutTest#org
junit4,https://github.com/junit-team/junit4,7167b23b3ba7dd79410f6e9db350d16cbe30617b,.,nondex,org.junit.tests.running.methods.TimeoutTest#stalledThreadAppearsInStackTrace,org.junit.tests.running.methods.TimeoutTest#stalledThreadAppearsInStackTrace
junit4,https://github.com/junit-team/junit4,7167b23b3ba7dd79410f6e9db350d16cbe30617b,.,nondex,org.junit.tests.running.methods.TimeoutTest#testGetTimeout,org.junit.tests.running.methods.TimeoutTest#testGetTimeout
junit4,https://github.com/junit-team/junit4,7167b23b3ba7dd79410f6e9db350d16cbe30617b,.,nondex,org.junit.tests.running.methods.TimeoutTest#testZeroTimeoutIsIgnored,org.junit.tests.running.methods.TimeoutTest#testZeroTimeoutIsIgnored
junit4,https://github.com/junit-team/junit4,7167b23b3ba7dd79410f6e9db350d16cbe30617b,.,nondex,org.junit.tests.running.methods.TimeoutTest#timeoutFailureMultithreadedStuckInMain,org.junit.tests.running.methods.TimeoutTest#timeoutFailureMultithreadedStuckInMain
kryo,https://github.com/EsotericSoftware/kryo,c6d199b1e3622dd323d0641260c4e31cec439636,main,nondex,com.esotericsoftware.kryo.serializers.DefaultSerializersTest#testPriorityQueue,com.esotericsoftware.kryo.serializers.DefaultSerializersTest#testPriorityQueue
kryo,https://github.com/EsotericSoftware/kryo,c6d199b1e3622dd323d0641260c4e31cec439636,main,nondex,com.esotericsoftware.kryo.serializers.DefaultSerializersTest#testPriorityQueueSubclass,com.esotericsoftware.kryo.serializers.DefaultSerializersTest#testPriorityQueueSubclass
kryo,https://github.com/EsotericSoftware/kryo,c6d199b1e3622dd323d0641260c4e31cec439636,main,nondex,com.esotericsoftware.kryo.serializers.GenericsTest#testMapTypeParams,com.esotericsoftware.kryo.serializers.GenericsTest#testMapTypeParams
kubernetes-client,https://github.com/fabric8io/kubernetes-client,56a6c2c4f336cc6f64c19029a55c2d3d0289344f,junit/mockwebserver,nondex,io.fabric8.mockwebserver.DefaultMockServerCrudTest#get,io.fabric8.mockwebserver.DefaultMockServerCrudTest#get
kubernetes-client,https://github.com/fabric8io/kubernetes-client,56a6c2c4f336cc6f64c19029a55c2d3d0289344f,junit/mockwebserver,nondex,io.fabric8.mockwebserver.DefaultMockServerCrudTest#put,io.fabric8.mockwebserver.DefaultMockServerCrudTest#put
kubernetes-client,https://github.com/fabric8io/kubernetes-client,56a6c2c4f336cc6f64c19029a55c2d3d0289344f,junit/mockwebserver,nondex,io.fabric8.mockwebserver.DefaultMockServerTest#when,io.fabric8.mockwebserver.DefaultMockServerTest#when
kubernetes-client,https://github.com/fabric8io/kubernetes-client,56a6c2c4f336cc6f64c19029a55c2d3d0289344f,junit/mockwebserver,nondex,io.fabric8.mockwebserver.crud.AttributeSetTest#when,io.fabric8.mockwebserver.crud.AttributeSetTest#when
Mapper,https://github.com/abel533/Mapper,1764748eedb2f320a0d1c43cb4f928c4ccb1f2f5,core,nondex,tk.mybatis.mapper.annotation.IdTest#testCompositeKeys,tk.mybatis.mapper.annotation.IdTest#testCompositeKeys
Mapper,https://github.com/abel533/Mapper,1764748eedb2f320a0d1c43cb4f928c4ccb1f2f5,core,nondex,tk.mybatis.mapper.mapperhelper.ComplexEntityTest#test,tk.mybatis.mapper.mapperhelper.ComplexEntityTest#test
Mapper,https://github.com/abel533/Mapper,1764748eedb2f320a0d1c43cb4f928c4ccb1f2f5,core,nondex,tk.mybatis.mapper.mapperhelper.FieldHelperTest#testComplex,tk.mybatis.mapper.mapperhelper.FieldHelperTest#testComplex
Mapper,https://github.com/abel533/Mapper,1764748eedb2f320a0d1c43cb4f928c4ccb1f2f5,core,nondex,tk.mybatis.mapper.mapperhelper.SqlHelperTest#testLogicDeleteSql,tk.mybatis.mapper.mapperhelper.SqlHelperTest#testLogicDeleteSql
maven-dependency-plugin,https://github.com/apache/maven-dependency-plugin,1d9261293f44cc1918bae0fb3e4db9abe452f8c5,.,nondex,org.apache.maven.plugins.dependency.fromDependencies.TestCopyDependenciesMojo#testGetDependencies,org.apache.maven.plugins.dependency.fromDependencies.TestCopyDependenciesMojo#testGetDependencies
maven-dependency-plugin,https://github.com/apache/maven-dependency-plugin,1d9261293f44cc1918bae0fb3e4db9abe452f8c5,.,nondex,org.apache.maven.plugins.dependency.tree.TestTreeMojo#testTreeJsonParsing,org.apache.maven.plugins.dependency.tree.TestTreeMojo#testTreeJsonParsing
maven-dependency-plugin,https://github.com/apache/maven-dependency-plugin,1d9261293f44cc1918bae0fb3e4db9abe452f8c5,.,nondex,org.apache.maven.plugins.dependency.tree.TestTreeMojo#testTreeTestEnvironment,org.apache.maven.plugins.dependency.tree.TestTreeMojo#testTreeTestEnvironment
mercury,https://github.com/Accenture/mercury,8586dc79f8bf75a929896f0aac03fe95824d9578,system/platform-core,nondex,org.platformlambda.core.PostOfficeTest#journalYamlTest,org.platformlambda.core.PostOfficeTest#journalYamlTest
modelmapper,https://github.com/modelmapper/modelmapper,689f5a36713a1e09edeeb8ecd7a822dbc097d7cd,core,nondex,org.modelmapper.internal.TypeInfoImplTest#shouldProduceAccessors,org.modelmapper.internal.TypeInfoImplTest#shouldProduceAccessors
modelmapper,https://github.com/modelmapper/modelmapper,689f5a36713a1e09edeeb8ecd7a822dbc097d7cd,core,nondex,org.modelmapper.internal.TypeInfoImplTest#shouldProduceMutators,org.modelmapper.internal.TypeInfoImplTest#shouldProduceMutators
modelmapper,https://github.com/modelmapper/modelmapper,689f5a36713a1e09edeeb8ecd7a822dbc097d7cd,core,nondex,org.modelmapper.internal.converter.ArrayConverterTest#shouldConvertFromSet,org.modelmapper.internal.converter.ArrayConverterTest#shouldConvertFromSet
moquette,https://github.com/moquette-io/moquette,7797062ad8957507f697acc8f1469861081ba8b5,broker,nondex,io.moquette.broker.MemoryRetainedRepositoryTest#testRetainedOnTopicReturnsWildcardTopicMatch,io.moquette.broker.MemoryRetainedRepositoryTest#testRetainedOnTopicReturnsWildcardTopicMatch
morel,https://github.com/hydromatic/morel,b3ce1d8ba7351ba6fb0dceeaf30288451fe5bf7d,.,nondex,net.hydromatic.morel.CalciteTest#testNestedSchema,net.hydromatic.morel.CalciteTest#testNestedSchema
morel,https://github.com/hydromatic/morel,b3ce1d8ba7351ba6fb0dceeaf30288451fe5bf7d,.,nondex,net.hydromatic.morel.MainTest#testCompute,net.hydromatic.morel.MainTest#testCompute
morel,https://github.com/hydromatic/morel,b3ce1d8ba7351ba6fb0dceeaf30288451fe5bf7d,.,nondex,net.hydromatic.morel.MainTest#testCrossApplyGroup,net.hydromatic.morel.MainTest#testCrossApplyGroup
morel,https://github.com/hydromatic/morel,b3ce1d8ba7351ba6fb0dceeaf30288451fe5bf7d,.,nondex,net.hydromatic.morel.SatTest#testBuild,net.hydromatic.morel.SatTest#testBuild
morel,https://github.com/hydromatic/morel,b3ce1d8ba7351ba6fb0dceeaf30288451fe5bf7d,.,nondex,net.hydromatic.morel.ScriptTest#test,net.hydromatic.morel.ScriptTest#test
mybatis-flex,https://github.com/mybatis-flex/mybatis-flex,d7259955b3e29ba6dcece18201e58c18952e6ce1,mybatis-flex-core,nondex,com.mybatisflex.coretest.AuthTest#test,com.mybatisflex.coretest.AuthTest#test
mybatis-flex,https://github.com/mybatis-flex/mybatis-flex,d7259955b3e29ba6dcece18201e58c18952e6ce1,mybatis-flex-core,nondex,com.mybatisflex.coretest.LambdaSqlTest#test04,com.mybatisflex.coretest.LambdaSqlTest#test04
mybatis-flex,https://github.com/mybatis-flex/mybatis-flex,d7259955b3e29ba6dcece18201e58c18952e6ce1,mybatis-flex-core,nondex,com.mybatisflex.coretest.LambdaSqlTest#test05,com.mybatisflex.coretest.LambdaSqlTest#test05
nifi,https://github.com/apache/nifi,2bd752d868a8f3e36113b078bb576cf054e945e8,nifi-commons/nifi-record,nondex,org.apache.nifi.serialization.record.TestDataTypeUtils#testInferTypeWithMapNonStringKeys,org.apache.nifi.serialization.record.TestDataTypeUtils#testInferTypeWithMapNonStringKeys
nifi,https://github.com/apache/nifi,2bd752d868a8f3e36113b078bb576cf054e945e8,nifi-commons/nifi-record,nondex,org.apache.nifi.serialization.record.TestDataTypeUtils#testInferTypeWithMapStringKeys,org.apache.nifi.serialization.record.TestDataTypeUtils#testInferTypeWithMapStringKeys
nifi,https://github.com/apache/nifi,2bd752d868a8f3e36113b078bb576cf054e945e8,nifi-commons/nifi-record,nondex,org.apache.nifi.serialization.record.TestMapRecord#testAliasConflictingAliasValues,org.apache.nifi.serialization.record.TestMapRecord#testAliasConflictingAliasValues
nifi,https://github.com/apache/nifi,2bd752d868a8f3e36113b078bb576cf054e945e8,nifi-commons/nifi-record,nondex,org.apache.nifi.serialization.record.TestMapRecord#testDefaultValueWithAliasValue,org.apache.nifi.serialization.record.TestMapRecord#testDefaultValueWithAliasValue
opennlp,https://github.com/apache/opennlp,8209cd308ee6ff7e61ec0346f1799a32541ed80f,opennlp-tools,idflakies,opennlp.tools.eval.ArvoresDeitadasEval.evalPortugueseChunkerPerceptron,opennlp.tools.eval.ArvoresDeitadasEval#evalPortugueseChunkerPerceptron
opennlp,https://github.com/apache/opennlp,8209cd308ee6ff7e61ec0346f1799a32541ed80f,opennlp-tools,idflakies,opennlp.tools.eval.ArvoresDeitadasEval.evalPortugueseChunkerQn,opennlp.tools.eval.ArvoresDeitadasEval#evalPortugueseChunkerQn
opennlp,https://github.com/apache/opennlp,8209cd308ee6ff7e61ec0346f1799a32541ed80f,opennlp-tools,idflakies,opennlp.tools.eval.ArvoresDeitadasEval.evalPortugueseSentenceDetectorGis,opennlp.tools.eval.ArvoresDeitadasEval#evalPortugueseSentenceDetectorGis
opennlp,https://github.com/apache/opennlp,8209cd308ee6ff7e61ec0346f1799a32541ed80f,opennlp-tools,idflakies,opennlp.tools.eval.ArvoresDeitadasEval.evalPortugueseTokenizerGis,opennlp.tools.eval.ArvoresDeitadasEval#evalPortugueseTokenizerGis
opennlp,https://github.com/apache/opennlp,8209cd308ee6ff7e61ec0346f1799a32541ed80f,opennlp-tools,idflakies,opennlp.tools.eval.ArvoresDeitadasEval.evalPortugueseTokenizerMaxentQn,opennlp.tools.eval.ArvoresDeitadasEval#evalPortugueseTokenizerMaxentQn
opennlp,https://github.com/apache/opennlp,8209cd308ee6ff7e61ec0346f1799a32541ed80f,opennlp-tools,idflakies,opennlp.tools.eval.ArvoresDeitadasEval.evalPortugueseTokenizerPerceptron,opennlp.tools.eval.ArvoresDeitadasEval#evalPortugueseTokenizerPerceptron
opennlp,https://github.com/apache/opennlp,8209cd308ee6ff7e61ec0346f1799a32541ed80f,opennlp-tools,idflakies,opennlp.tools.eval.Conll02NameFinderEval.evalDutchCombinedPerceptron,opennlp.tools.eval.Conll02NameFinderEval#evalDutchCombinedPerceptron
opennlp,https://github.com/apache/opennlp,8209cd308ee6ff7e61ec0346f1799a32541ed80f,opennlp-tools,idflakies,opennlp.tools.eval.Conll02NameFinderEval.evalDutchLocationPerceptron,opennlp.tools.eval.Conll02NameFinderEval#evalDutchLocationPerceptron
opennlp,https://github.com/apache/opennlp,8209cd308ee6ff7e61ec0346f1799a32541ed80f,opennlp-tools,idflakies,opennlp.tools.eval.Conll02NameFinderEval.evalDutchMiscMaxentGis,opennlp.tools.eval.Conll02NameFinderEval#evalDutchMiscMaxentGis
opennlp,https://github.com/apache/opennlp,8209cd308ee6ff7e61ec0346f1799a32541ed80f,opennlp-tools,idflakies,opennlp.tools.eval.Conll02NameFinderEval.evalDutchMiscMaxentQn,opennlp.tools.eval.Conll02NameFinderEval#evalDutchMiscMaxentQn
opennlp,https://github.com/apache/opennlp,8209cd308ee6ff7e61ec0346f1799a32541ed80f,opennlp-tools,idflakies,opennlp.tools.eval.Conll02NameFinderEval.evalDutchMiscPerceptron,opennlp.tools.eval.Conll02NameFinderEval#evalDutchMiscPerceptron
opennlp,https://github.com/apache/opennlp,8209cd308ee6ff7e61ec0346f1799a32541ed80f,opennlp-tools,idflakies,opennlp.tools.eval.Conll02NameFinderEval.evalDutchOrganizationMaxentQn,opennlp.tools.eval.Conll02NameFinderEval#evalDutchOrganizationMaxentQn
opennlp,https://github.com/apache/opennlp,8209cd308ee6ff7e61ec0346f1799a32541ed80f,opennlp-tools,idflakies,opennlp.tools.eval.Conll02NameFinderEval.evalSpanishLocationMaxentGis,opennlp.tools.eval.Conll02NameFinderEval#evalSpanishLocationMaxentGis
opennlp,https://github.com/apache/opennlp,8209cd308ee6ff7e61ec0346f1799a32541ed80f,opennlp-tools,idflakies,opennlp.tools.eval.Conll02NameFinderEval.evalSpanishMiscMaxentQn,opennlp.tools.eval.Conll02NameFinderEval#evalSpanishMiscMaxentQn
opennlp,https://github.com/apache/opennlp,8209cd308ee6ff7e61ec0346f1799a32541ed80f,opennlp-tools,idflakies,opennlp.tools.eval.Conll02NameFinderEval.evalSpanishOrganizationMaxentGis,opennlp.tools.eval.Conll02NameFinderEval#evalSpanishOrganizationMaxentGis
opennlp,https://github.com/apache/opennlp,8209cd308ee6ff7e61ec0346f1799a32541ed80f,opennlp-tools,idflakies,opennlp.tools.eval.Conll02NameFinderEval.evalSpanishOrganizationMaxentQn,opennlp.tools.eval.Conll02NameFinderEval#evalSpanishOrganizationMaxentQn
opennlp,https://github.com/apache/opennlp,8209cd308ee6ff7e61ec0346f1799a32541ed80f,opennlp-tools,idflakies,opennlp.tools.eval.Conll02NameFinderEval.evalSpanishPersonMaxentGis,opennlp.tools.eval.Conll02NameFinderEval#evalSpanishPersonMaxentGis
opennlp,https://github.com/apache/opennlp,8209cd308ee6ff7e61ec0346f1799a32541ed80f,opennlp-tools,idflakies,opennlp.tools.eval.Conll02NameFinderEval.evalSpanishPersonMaxentQn,opennlp.tools.eval.Conll02NameFinderEval#evalSpanishPersonMaxentQn
opennlp,https://github.com/apache/opennlp,8209cd308ee6ff7e61ec0346f1799a32541ed80f,opennlp-tools,idflakies,opennlp.tools.eval.ConllXPosTaggerEval.evalDanishMaxentQn,opennlp.tools.eval.ConllXPosTaggerEval#evalDanishMaxentQn
opennlp,https://github.com/apache/opennlp,8209cd308ee6ff7e61ec0346f1799a32541ed80f,opennlp-tools,idflakies,opennlp.tools.eval.OntoNotes4NameFinderEval.evalAllTypesNameFinder,opennlp.tools.eval.OntoNotes4NameFinderEval#evalAllTypesNameFinder
opennlp,https://github.com/apache/opennlp,8209cd308ee6ff7e61ec0346f1799a32541ed80f,opennlp-tools,idflakies,opennlp.tools.eval.SourceForgeModelEval.evalNerDateModel,opennlp.tools.eval.SourceForgeModelEval#evalNerDateModel
opennlp,https://github.com/apache/opennlp,8209cd308ee6ff7e61ec0346f1799a32541ed80f,opennlp-tools,idflakies,opennlp.tools.eval.SourceForgeModelEval.evalNerOrganizationModel,opennlp.tools.eval.SourceForgeModelEval#evalNerOrganizationModel
opennlp,https://github.com/apache/opennlp,8209cd308ee6ff7e61ec0346f1799a32541ed80f,opennlp-tools,idflakies,opennlp.tools.eval.SourceForgeModelEval.evalNerTimeModel,opennlp.tools.eval.SourceForgeModelEval#evalNerTimeModel
opennlp,https://github.com/apache/opennlp,8209cd308ee6ff7e61ec0346f1799a32541ed80f,opennlp-tools,idflakies,opennlp.tools.eval.SourceForgeModelEval.evalSentenceModel,opennlp.tools.eval.SourceForgeModelEval#evalSentenceModel
opennlp,https://github.com/apache/opennlp,8209cd308ee6ff7e61ec0346f1799a32541ed80f,opennlp-tools,nondex,opennlp.tools.languagemodel.NgramLanguageModelTest#testTrigram,opennlp.tools.languagemodel.NgramLanguageModelTest#testTrigram
opennlp,https://github.com/apache/opennlp,8209cd308ee6ff7e61ec0346f1799a32541ed80f,opennlp-tools,nondex,opennlp.tools.ml.naivebayes.NaiveBayesSerializedCorrectnessTest#testPlainTextModel,opennlp.tools.ml.naivebayes.NaiveBayesSerializedCorrectnessTest#testPlainTextModel
OpenRefine,https://github.com/OpenRefine/OpenRefine,3bff27b868a6a1b695f3855ae0f49e269c5ef7cd,main,nondex,com.google.refine.browsing.facets.ListFacetTests#serializeListFacet,com.google.refine.browsing.facets.ListFacetTests#serializeListFacet
OpenRefine,https://github.com/OpenRefine/OpenRefine,3bff27b868a6a1b695f3855ae0f49e269c5ef7cd,main,nondex,com.google.refine.browsing.facets.ListFacetTests#testSelectedEmptyChoice,com.google.refine.browsing.facets.ListFacetTests#testSelectedEmptyChoice
OpenRefine,https://github.com/OpenRefine/OpenRefine,3bff27b868a6a1b695f3855ae0f49e269c5ef7cd,main,nondex,com.google.refine.clustering.binning.BinningClustererTests#testSerializeBinningClusterer,com.google.refine.clustering.binning.BinningClustererTests#testSerializeBinningClusterer
OpenRefine,https://github.com/OpenRefine/OpenRefine,3bff27b868a6a1b695f3855ae0f49e269c5ef7cd,main,nondex,com.google.refine.clustering.knn.kNNClustererTests#serializekNNClusterer,com.google.refine.clustering.knn.kNNClustererTests#serializekNNClusterer
OpenRefine,https://github.com/OpenRefine/OpenRefine,3bff27b868a6a1b695f3855ae0f49e269c5ef7cd,main,nondex,com.google.refine.commands.recon.GuessTypesOfColumnCommandTests#testGuessTypes,com.google.refine.commands.recon.GuessTypesOfColumnCommandTests#testGuessTypes
OpenRefine,https://github.com/OpenRefine/OpenRefine,3bff27b868a6a1b695f3855ae0f49e269c5ef7cd,main,nondex,com.google.refine.model.recon.StandardReconConfigTests#reconTest,com.google.refine.model.recon.StandardReconConfigTests#reconTest
optaplanner,https://github.com/kiegroup/optaplanner,dff7457cb5ba1557727deddef5b675dd00fbf8a8,optaplanner-benchmark,nondex,org.optaplanner.benchmark.config.PlannerBenchmarkConfigTest#xmlConfigFileRemainsSameAfterReadWrite,org.optaplanner.benchmark.config.PlannerBenchmarkConfigTest#xmlConfigFileRemainsSameAfterReadWrite
ormlite-core,https://github.com/j256/ormlite-core,61ebf9e20fcc1e243de3e40b235445bae4de6dbc,.,nondex,com.j256.ormlite.table.DatabaseTableConfigTest#testMultiAfter,com.j256.ormlite.table.DatabaseTableConfigTest#testMultiAfter
oryx,https://github.com/OryxProject/oryx,43511f068bb4905769edc00e32f894016e2d0419,framework/oryx-common,nondex,com.cloudera.oryx.common.pmml.PMMLUtilsTest#testToString,com.cloudera.oryx.common.pmml.PMMLUtilsTest#testToString
oryx,https://github.com/OryxProject/oryx,43511f068bb4905769edc00e32f894016e2d0419,framework/oryx-common,nondex,com.cloudera.oryx.common.text.TextUtilsTest#testJSONMap,com.cloudera.oryx.common.text.TextUtilsTest#testJSONMap
pair-distribution-app,https://github.com/SAP/pair-distribution-app,0be329d2897f6d5fbb634e46e0ef3d283282dc93,.,nondex,pair.distribution.app.helpers.DayPairsHelperTest#testGenerateNewDayPairs,pair.distribution.app.helpers.DayPairsHelperTest#testGenerateNewDayPairs
pair-distribution-app,https://github.com/SAP/pair-distribution-app,0be329d2897f6d5fbb634e46e0ef3d283282dc93,.,nondex,pair.distribution.app.helpers.DayPairsHelperTest#testGenerateNewDayPairsNoPastState,pair.distribution.app.helpers.DayPairsHelperTest#testGenerateNewDayPairsNoPastState
pair-distribution-app,https://github.com/SAP/pair-distribution-app,0be329d2897f6d5fbb634e46e0ef3d283282dc93,.,nondex,pair.distribution.app.helpers.DayPairsHelperTest#testGenerateNewDayPairsOnlyOldDevAvailableForStory,pair.distribution.app.helpers.DayPairsHelperTest#testGenerateNewDayPairsOnlyOldDevAvailableForStory
pair-distribution-app,https://github.com/SAP/pair-distribution-app,0be329d2897f6d5fbb634e46e0ef3d283282dc93,.,nondex,pair.distribution.app.helpers.DayPairsHelperTest#testGenerateNewDayPairsSoloRequired,pair.distribution.app.helpers.DayPairsHelperTest#testGenerateNewDayPairsSoloRequired
pair-distribution-app,https://github.com/SAP/pair-distribution-app,0be329d2897f6d5fbb634e46e0ef3d283282dc93,.,nondex,pair.distribution.app.helpers.DayPairsHelperTest#testGenerateNewDayPairsWithEverydayRotation,pair.distribution.app.helpers.DayPairsHelperTest#testGenerateNewDayPairsWithEverydayRotation
pair-distribution-app,https://github.com/SAP/pair-distribution-app,0be329d2897f6d5fbb634e46e0ef3d283282dc93,.,nondex,pair.distribution.app.helpers.DayPairsHelperTest#testGenerateNewDayPairsWithSmallestWeight,pair.distribution.app.helpers.DayPairsHelperTest#testGenerateNewDayPairsWithSmallestWeight
pinot,https://github.com/apache/pinot,85e413ebe8c80513a8a676fc090b1af0f50861f0,pinot-spi,nondex,org.apache.pinot.spi.plugin.PluginManagerTest#testGetPluginsToLoad,org.apache.pinot.spi.plugin.PluginManagerTest#testGetPluginsToLoad
pushy,https://github.com/jchambers/pushy,da5f8b97106cd41278b421ec63e4e76a7313bed9,pushy,nondex,com.eatthepath.pushy.apns.ApnsClientTest#testSendNotification,com.eatthepath.pushy.apns.ApnsClientTest#testSendNotification
pushy,https://github.com/jchambers/pushy,da5f8b97106cd41278b421ec63e4e76a7313bed9,pushy,nondex,com.eatthepath.pushy.apns.ApnsClientTest#testSendNotificationWithPushTypeHeader,com.eatthepath.pushy.apns.ApnsClientTest#testSendNotificationWithPushTypeHeader
pushy,https://github.com/jchambers/pushy,da5f8b97106cd41278b421ec63e4e76a7313bed9,pushy,nondex,com.eatthepath.pushy.apns.auth.AuthenticationTokenTest#testVerifySignature,com.eatthepath.pushy.apns.auth.AuthenticationTokenTest#testVerifySignature
pushy,https://github.com/jchambers/pushy,da5f8b97106cd41278b421ec63e4e76a7313bed9,pushy,nondex,com.eatthepath.pushy.apns.server.TokenAuthenticationValidatingPushNotificationHandlerTest#testHandleNotificationWithCollapseId,com.eatthepath.pushy.apns.server.TokenAuthenticationValidatingPushNotificationHandlerTest#testHandleNotificationWithCollapseId
pushy,https://github.com/jchambers/pushy,da5f8b97106cd41278b421ec63e4e76a7313bed9,pushy,nondex,com.eatthepath.pushy.apns.server.TokenAuthenticationValidatingPushNotificationHandlerTest#testHandleNotificationWithEmptyPayload,com.eatthepath.pushy.apns.server.TokenAuthenticationValidatingPushNotificationHandlerTest#testHandleNotificationWithEmptyPayload
pushy,https://github.com/jchambers/pushy,da5f8b97106cd41278b421ec63e4e76a7313bed9,pushy,nondex,com.eatthepath.pushy.apns.server.TokenAuthenticationValidatingPushNotificationHandlerTest#testHandleNotificationWithExpirationDate,com.eatthepath.pushy.apns.server.TokenAuthenticationValidatingPushNotificationHandlerTest#testHandleNotificationWithExpirationDate
pushy,https://github.com/jchambers/pushy,da5f8b97106cd41278b421ec63e4e76a7313bed9,pushy,nondex,com.eatthepath.pushy.apns.server.TokenAuthenticationValidatingPushNotificationHandlerTest#testHandleNotificationWithMissingPayload,com.eatthepath.pushy.apns.server.TokenAuthenticationValidatingPushNotificationHandlerTest#testHandleNotificationWithMissingPayload
pushy,https://github.com/jchambers/pushy,da5f8b97106cd41278b421ec63e4e76a7313bed9,pushy,nondex,com.eatthepath.pushy.apns.server.TokenAuthenticationValidatingPushNotificationHandlerTest#testHandleNotificationWithOversizedPayload,com.eatthepath.pushy.apns.server.TokenAuthenticationValidatingPushNotificationHandlerTest#testHandleNotificationWithOversizedPayload
pushy,https://github.com/jchambers/pushy,da5f8b97106cd41278b421ec63e4e76a7313bed9,pushy,nondex,com.eatthepath.pushy.apns.server.TokenAuthenticationValidatingPushNotificationHandlerTest#testHandleNotificationWithSpecifiedPriority,com.eatthepath.pushy.apns.server.TokenAuthenticationValidatingPushNotificationHandlerTest#testHandleNotificationWithSpecifiedPriority
pushy,https://github.com/jchambers/pushy,da5f8b97106cd41278b421ec63e4e76a7313bed9,pushy,nondex,com.eatthepath.pushy.apns.server.TokenAuthenticationValidatingPushNotificationHandlerTest#testHandleNotificationWithValidNotification,com.eatthepath.pushy.apns.server.TokenAuthenticationValidatingPushNotificationHandlerTest#testHandleNotificationWithValidNotification
pushy,https://github.com/jchambers/pushy,da5f8b97106cd41278b421ec63e4e76a7313bed9,pushy,nondex,com.eatthepath.pushy.apns.server.TokenAuthenticationValidatingPushNotificationHandlerTest#testHandleNotificationWithWithExpiredAuthenticationToken,com.eatthepath.pushy.apns.server.TokenAuthenticationValidatingPushNotificationHandlerTest#testHandleNotificationWithWithExpiredAuthenticationToken
r2dbc-mysql,https://github.com/mirromutth/r2dbc-mysql,4b6afab92001d3e47d38278463bc7944f9eacd9b,.,nondex,dev.miku.r2dbc.mysql.codec.SetCodecTest#binarySet,dev.miku.r2dbc.mysql.codec.SetCodecTest#binarySet
r2dbc-mysql,https://github.com/mirromutth/r2dbc-mysql,4b6afab92001d3e47d38278463bc7944f9eacd9b,.,nondex,dev.miku.r2dbc.mysql.codec.SetCodecTest#stringifySet,dev.miku.r2dbc.mysql.codec.SetCodecTest#stringifySet
semanticvectors,https://github.com/Lucky-Dhakad/semanticvectors,cf2d883c5fafd84ca2530fb15e62ba399ebc7176,.,idflakies,pitt.search.semanticvectors.integrationtests.RegressionTests.testBuildAndSearchBinaryDirectionalIndex,pitt.search.semanticvectors.integrationtests.RegressionTests#testBuildAndSearchBinaryDirectionalIndex
skywalking,https://github.com/apache/skywalking,edf0bce37f682c093d1ea5bcca0a6d2d1ecc2cc4,apm-commons/apm-datacarrier,idflakies,org.apache.skywalking.apm.commons.datacarrier.consumer.ConsumerTest.testConsumerMoreThanChannel,org.apache.skywalking.apm.commons.datacarrier.consumer.ConsumerTest#testConsumerMoreThanChannel
skywalking-java,https://github.com/apache/skywalking-java,364a4af4b1bd2805156d67b802b24a2105e24822,apm-commons/apm-util,nondex,org.apache.skywalking.apm.util.ConfigInitializerTest#testInitialize,org.apache.skywalking.apm.util.ConfigInitializerTest#testInitialize
sonar-php,https://github.com/SonarSource/sonar-php,df211f66a67c48184006cff90e80e8406a87f8ec,php-frontend,nondex,org.sonar.php.metrics.ExecutableLineVisitorTest#test,org.sonar.php.metrics.ExecutableLineVisitorTest#test
SpringBoot-Learning,https://github.com/dyc87112/SpringBoot-Learning,4212d163da816c6fa5b28d59130318dac2379a73,2.x/chapter2-1,nondex,com.didispace.chapter21.Chapter21ApplicationTests#testUserController,com.didispace.chapter21.Chapter21ApplicationTests#testUserController
tamper,https://github.com/alibaba/tamper,781c159496991705e273fb8538024dfa687235a5,.,nondex,com.alibaba.tamper.ConfigTest#testFileParse,com.alibaba.tamper.ConfigTest#testFileParse
tamper,https://github.com/alibaba/tamper,781c159496991705e273fb8538024dfa687235a5,.,nondex,com.alibaba.tamper.convertor.CollectionAndCollectionTest#testArrayAndSet,com.alibaba.tamper.convertor.CollectionAndCollectionTest#testArrayAndSet
testable-mock,https://github.com/alibaba/testable-mock,80b0f3b8789921d46103d9af14a52e75406b92af,testable-core,nondex,com.alibaba.testable.core.tool.OmniAccessorTest#should_generate_member_index,com.alibaba.testable.core.tool.OmniAccessorTest#should_generate_member_index
TestParameterInjector,https://github.com/google/TestParameterInjector,5d67f8cb66481638bcd117227bd0103c32c84491,junit4,nondex,com.google.testing.junit.testparameterinjector.ParameterValueParsingTest#formatTestNameString_success,com.google.testing.junit.testparameterinjector.ParameterValueParsingTest#formatTestNameString_success
TestParameterInjector,https://github.com/google/TestParameterInjector,5d67f8cb66481638bcd117227bd0103c32c84491,junit4,nondex,com.google.testing.junit.testparameterinjector.ParameterValueParsingTest#parseYamlStringToJavaType_success,com.google.testing.junit.testparameterinjector.ParameterValueParsingTest#parseYamlStringToJavaType_success
TestParameterInjector,https://github.com/google/TestParameterInjector,5d67f8cb66481638bcd117227bd0103c32c84491,junit4,nondex,com.google.testing.junit.testparameterinjector.TestParameterAnnotationMethodProcessorTest#test,com.google.testing.junit.testparameterinjector.TestParameterAnnotationMethodProcessorTest#test
TestParameterInjector,https://github.com/google/TestParameterInjector,5d67f8cb66481638bcd117227bd0103c32c84491,junit4,nondex,com.google.testing.junit.testparameterinjector.TestParameterTest#test,com.google.testing.junit.testparameterinjector.TestParameterTest#test
TestParameterInjector,https://github.com/google/TestParameterInjector,5d67f8cb66481638bcd117227bd0103c32c84491,junit4,nondex,com.google.testing.junit.testparameterinjector.TestParametersMethodProcessorTest#test_success,com.google.testing.junit.testparameterinjector.TestParametersMethodProcessorTest#test_success
tez,https://github.com/apache/tez,51d6f53967110e2b91b6d90b46f8e16bdc062091,tez-api,nondex,org.apache.tez.dag.api.TestDAG#testRecreateDAG,org.apache.tez.dag.api.TestDAG#testRecreateDAG
tez,https://github.com/apache/tez,51d6f53967110e2b91b6d90b46f8e16bdc062091,tez-api,nondex,org.apache.tez.dag.api.TestDAGPlan#userVertexOrderingIsMaintained,org.apache.tez.dag.api.TestDAGPlan#userVertexOrderingIsMaintained
tika,https://github.com/apache/tika,1e67ef16f7b735c27114256d8ad7469248e501f2,tika-parsers/tika-parsers-standard/tika-parsers-standard-modules/tika-parser-microsoft-module,nondex,org.apache.tika.parser.microsoft.ooxml.xps.XPSParserTest#testVarious,org.apache.tika.parser.microsoft.ooxml.xps.XPSParserTest#testVarious
tomcat_exporter,https://github.com/nlighten/tomcat_exporter,69b30031ed7099a83cb575d429bf7fddb77f0c0a,client,idflakies,nl.nlighten.prometheus.tomcat.TomcatGenericExportsTest.testThreadPoolMetrics,nl.nlighten.prometheus.tomcat.TomcatGenericExportsTest#testThreadPoolMetrics
unirest-java,https://github.com/Kong/unirest-java,36e7480d619507b8e96b10645a7ca72c0279832b,unirest,idflakies,BehaviorTests.CookieTest#willManageCookiesByDefault(),BehaviorTests.CookieTest#willManageCookiesByDefault()
unirest-java,https://github.com/Kong/unirest-java,36e7480d619507b8e96b10645a7ca72c0279832b,unirest,nondex,BehaviorTests.DefectTest#nullAndObjectValuesInMap,BehaviorTests.DefectTest#nullAndObjectValuesInMap
