project_name,project_url,sha,module,detector,flaky_test,flakesync_test,baseline_status,concurrentfind_status,delaylocs_status,deltadebug_status,critsearch_status,barrierpointsearch_status,patch_status,final_status,total_seconds,artifact_dir
30-seconds-of-java8,https://github.com/hellokaton/30-seconds-of-java8,1af5d4dee567f00e662cb9b74abc16067312e338,.,nondex,snippets.SnippetsTests#group_elements_by_length,snippets.SnippetsTests#group_elements_by_length,SUCCESS,SUCCESS,SUCCESS,SUCCESS,SUCCESS,FAILED,,BARRIERPOINTSEARCH_FAILED,31.97,/home/a360/research/flaky-test-detection-results/FlakeSyncResults/artifacts/30-seconds-of-java8/snippets.SnippetsTests_group_elements_by_length
30-seconds-of-java8,https://github.com/hellokaton/30-seconds-of-java8,1af5d4dee567f00e662cb9b74abc16067312e338,.,nondex,snippets.SnippetsTests#pick_should_pick_key_pairs_corresponding_to_keys,snippets.SnippetsTests#pick_should_pick_key_pairs_corresponding_to_keys,SUCCESS,SUCCESS,SUCCESS,SUCCESS,SUCCESS,FAILED,,BARRIERPOINTSEARCH_FAILED,29.36,/home/a360/research/flaky-test-detection-results/FlakeSyncResults/artifacts/30-seconds-of-java8/snippets.SnippetsTests_pick_should_pick_key_pairs_corresponding_to_keys
30-seconds-of-java8,https://github.com/hellokaton/30-seconds-of-java8,1af5d4dee567f00e662cb9b74abc16067312e338,.,nondex,snippets.SnippetsTests#union_test,snippets.SnippetsTests#union_test,SUCCESS,SUCCESS,SUCCESS,SUCCESS,SUCCESS,FAILED,,BARRIERPOINTSEARCH_FAILED,28.56,/home/a360/research/flaky-test-detection-results/FlakeSyncResults/artifacts/30-seconds-of-java8/snippets.SnippetsTests_union_test
adyen-java-api-library,https://github.com/Adyen/adyen-java-api-library,6fb5cd049b57a22d2ec4465d204c15f1c90dd325,.,nondex,com.adyen.CheckoutTest#TestAchDetailsSerialization,com.adyen.CheckoutTest#TestAchDetailsSerialization,SUCCESS,SUCCESS,SUCCESS,SUCCESS,SUCCESS,FAILED,,BARRIERPOINTSEARCH_FAILED,69.84,/home/a360/research/flaky-test-detection-results/FlakeSyncResults/artifacts/adyen-java-api-library/com.adyen.CheckoutTest_TestAchDetailsSerialization
adyen-java-api-library,https://github.com/Adyen/adyen-java-api-library,6fb5cd049b57a22d2ec4465d204c15f1c90dd325,.,nondex,com.adyen.CheckoutTest#TestAmazonPayDetailsSerialization,com.adyen.CheckoutTest#TestAmazonPayDetailsSerialization,SUCCESS,SUCCESS,SUCCESS,SUCCESS,SUCCESS,FAILED,,BARRIERPOINTSEARCH_FAILED,65.48,/home/a360/research/flaky-test-detection-results/FlakeSyncResults/artifacts/adyen-java-api-library/com.adyen.CheckoutTest_TestAmazonPayDetailsSerialization
adyen-java-api-library,https://github.com/Adyen/adyen-java-api-library,6fb5cd049b57a22d2ec4465d204c15f1c90dd325,.,nondex,com.adyen.CheckoutTest#TestAndroidPayDetails,com.adyen.CheckoutTest#TestAndroidPayDetails,SUCCESS,SUCCESS,SUCCESS,SUCCESS,SUCCESS,FAILED,,BARRIERPOINTSEARCH_FAILED,57.75,/home/a360/research/flaky-test-detection-results/FlakeSyncResults/artifacts/adyen-java-api-library/com.adyen.CheckoutTest_TestAndroidPayDetails
adyen-java-api-library,https://github.com/Adyen/adyen-java-api-library,6fb5cd049b57a22d2ec4465d204c15f1c90dd325,.,nondex,com.adyen.CheckoutTest#TestApplePayDetailsSerialization,com.adyen.CheckoutTest#TestApplePayDetailsSerialization,SUCCESS,SUCCESS,SUCCESS,SUCCESS,SUCCESS,FAILED,,BARRIERPOINTSEARCH_FAILED,57.3,/home/a360/research/flaky-test-detection-results/FlakeSyncResults/artifacts/adyen-java-api-library/com.adyen.CheckoutTest_TestApplePayDetailsSerialization
adyen-java-api-library,https://github.com/Adyen/adyen-java-api-library,6fb5cd049b57a22d2ec4465d204c15f1c90dd325,.,nondex,com.adyen.CheckoutTest#TestBacsDirectDebitDetailsSerialization,com.adyen.CheckoutTest#TestBacsDirectDebitDetailsSerialization,SUCCESS,SUCCESS,SUCCESS,SUCCESS,SUCCESS,FAILED,,BARRIERPOINTSEARCH_FAILED,57.9,/home/a360/research/flaky-test-detection-results/FlakeSyncResults/artifacts/adyen-java-api-library/com.adyen.CheckoutTest_TestBacsDirectDebitDetailsSerialization
adyen-java-api-library,https://github.com/Adyen/adyen-java-api-library,6fb5cd049b57a22d2ec4465d204c15f1c90dd325,.,nondex,com.adyen.CheckoutTest#TestBillDeskOnlineDetailsSerialization,com.adyen.CheckoutTest#TestBillDeskOnlineDetailsSerialization,SUCCESS,SUCCESS,SUCCESS,SUCCESS,SUCCESS,FAILED,,BARRIERPOINTSEARCH_FAILED,57.31,/home/a360/research/flaky-test-detection-results/FlakeSyncResults/artifacts/adyen-java-api-library/com.adyen.CheckoutTest_TestBillDeskOnlineDetailsSerialization
adyen-java-api-library,https://github.com/Adyen/adyen-java-api-library,6fb5cd049b57a22d2ec4465d204c15f1c90dd325,.,nondex,com.adyen.CheckoutTest#TestBilldeskWalletDetailsSerialization,com.adyen.CheckoutTest#TestBilldeskWalletDetailsSerialization,SUCCESS,SUCCESS,SUCCESS,SUCCESS,SUCCESS,FAILED,,BARRIERPOINTSEARCH_FAILED,56.7,/home/a360/research/flaky-test-detection-results/FlakeSyncResults/artifacts/adyen-java-api-library/com.adyen.CheckoutTest_TestBilldeskWalletDetailsSerialization
adyen-java-api-library,https://github.com/Adyen/adyen-java-api-library,6fb5cd049b57a22d2ec4465d204c15f1c90dd325,.,nondex,com.adyen.CheckoutTest#TestBlikDetailsSerialization,com.adyen.CheckoutTest#TestBlikDetailsSerialization,SUCCESS,SUCCESS,SUCCESS,SUCCESS,SUCCESS,FAILED,,BARRIERPOINTSEARCH_FAILED,58.41,/home/a360/research/flaky-test-detection-results/FlakeSyncResults/artifacts/adyen-java-api-library/com.adyen.CheckoutTest_TestBlikDetailsSerialization
adyen-java-api-library,https://github.com/Adyen/adyen-java-api-library,6fb5cd049b57a22d2ec4465d204c15f1c90dd325,.,nondex,com.adyen.CheckoutTest#TestDateSerializers,com.adyen.CheckoutTest#TestDateSerializers,SUCCESS,SUCCESS,SUCCESS,SUCCESS,SUCCESS,FAILED,,BARRIERPOINTSEARCH_FAILED,57.61,/home/a360/research/flaky-test-detection-results/FlakeSyncResults/artifacts/adyen-java-api-library/com.adyen.CheckoutTest_TestDateSerializers
adyen-java-api-library,https://github.com/Adyen/adyen-java-api-library,6fb5cd049b57a22d2ec4465d204c15f1c90dd325,.,nondex,com.adyen.CheckoutTest#TestDokuDetailsSerialization,com.adyen.CheckoutTest#TestDokuDetailsSerialization,SUCCESS,SUCCESS,SUCCESS,SUCCESS,SUCCESS,FAILED,,BARRIERPOINTSEARCH_FAILED,57.01,/home/a360/research/flaky-test-detection-results/FlakeSyncResults/artifacts/adyen-java-api-library/com.adyen.CheckoutTest_TestDokuDetailsSerialization
adyen-java-api-library,https://github.com/Adyen/adyen-java-api-library,6fb5cd049b57a22d2ec4465d204c15f1c90dd325,.,nondex,com.adyen.CheckoutTest#TestDotpayDetailsSerialization,com.adyen.CheckoutTest#TestDotpayDetailsSerialization,SUCCESS,SUCCESS,SUCCESS,SUCCESS,SUCCESS,FAILED,,BARRIERPOINTSEARCH_FAILED,63.63,/home/a360/research/flaky-test-detection-results/FlakeSyncResults/artifacts/adyen-java-api-library/com.adyen.CheckoutTest_TestDotpayDetailsSerialization
adyen-java-api-library,https://github.com/Adyen/adyen-java-api-library,6fb5cd049b57a22d2ec4465d204c15f1c90dd325,.,nondex,com.adyen.CheckoutTest#TestDragonpayDetailsSerialization,com.adyen.CheckoutTest#TestDragonpayDetailsSerialization,SUCCESS,SUCCESS,SUCCESS,SUCCESS,SUCCESS,FAILED,,BARRIERPOINTSEARCH_FAILED,64.49,/home/a360/research/flaky-test-detection-results/FlakeSyncResults/artifacts/adyen-java-api-library/com.adyen.CheckoutTest_TestDragonpayDetailsSerialization
adyen-java-api-library,https://github.com/Adyen/adyen-java-api-library,6fb5cd049b57a22d2ec4465d204c15f1c90dd325,.,nondex,com.adyen.CheckoutTest#TestEcontextVoucherDetailsSerialization,com.adyen.CheckoutTest#TestEcontextVoucherDetailsSerialization,SUCCESS,SUCCESS,SUCCESS,SUCCESS,SUCCESS,FAILED,,BARRIERPOINTSEARCH_FAILED,60.3,/home/a360/research/flaky-test-detection-results/FlakeSyncResults/artifacts/adyen-java-api-library/com.adyen.CheckoutTest_TestEcontextVoucherDetailsSerialization
adyen-java-api-library,https://github.com/Adyen/adyen-java-api-library,6fb5cd049b57a22d2ec4465d204c15f1c90dd325,.,nondex,com.adyen.CheckoutTest#TestEncryptedPaymentMethodDetails,com.adyen.CheckoutTest#TestEncryptedPaymentMethodDetails,SUCCESS,SUCCESS,SUCCESS,SUCCESS,SUCCESS,FAILED,,BARRIERPOINTSEARCH_FAILED,59.1,/home/a360/research/flaky-test-detection-results/FlakeSyncResults/artifacts/adyen-java-api-library/com.adyen.CheckoutTest_TestEncryptedPaymentMethodDetails
adyen-java-api-library,https://github.com/Adyen/adyen-java-api-library,6fb5cd049b57a22d2ec4465d204c15f1c90dd325,.,nondex,com.adyen.CheckoutTest#TestEntercashDetailsSerialization,com.adyen.CheckoutTest#TestEntercashDetailsSerialization,SUCCESS,SUCCESS,SUCCESS,SUCCESS,SUCCESS,FAILED,,BARRIERPOINTSEARCH_FAILED,58.85,/home/a360/research/flaky-test-detection-results/FlakeSyncResults/artifacts/adyen-java-api-library/com.adyen.CheckoutTest_TestEntercashDetailsSerialization
adyen-java-api-library,https://github.com/Adyen/adyen-java-api-library,6fb5cd049b57a22d2ec4465d204c15f1c90dd325,.,nondex,com.adyen.CheckoutTest#TestGenericIssuerPaymentMethodDetails,com.adyen.CheckoutTest#TestGenericIssuerPaymentMethodDetails,SUCCESS,SUCCESS,SUCCESS,SUCCESS,SUCCESS,FAILED,,BARRIERPOINTSEARCH_FAILED,59.15,/home/a360/research/flaky-test-detection-results/FlakeSyncResults/artifacts/adyen-java-api-library/com.adyen.CheckoutTest_TestGenericIssuerPaymentMethodDetails
adyen-java-api-library,https://github.com/Adyen/adyen-java-api-library,6fb5cd049b57a22d2ec4465d204c15f1c90dd325,.,nondex,com.adyen.CheckoutTest#TestGiropayDetailsSerialization,com.adyen.CheckoutTest#TestGiropayDetailsSerialization,SUCCESS,SUCCESS,SUCCESS,SUCCESS,SUCCESS,FAILED,,BARRIERPOINTSEARCH_FAILED,59.51,/home/a360/research/flaky-test-detection-results/FlakeSyncResults/artifacts/adyen-java-api-library/com.adyen.CheckoutTest_TestGiropayDetailsSerialization
adyen-java-api-library,https://github.com/Adyen/adyen-java-api-library,6fb5cd049b57a22d2ec4465d204c15f1c90dd325,.,nondex,com.adyen.CheckoutTest#TestGooglePayDetailsSerialization,com.adyen.CheckoutTest#TestGooglePayDetailsSerialization,SUCCESS,SUCCESS,SUCCESS,SUCCESS,SUCCESS,FAILED,,BARRIERPOINTSEARCH_FAILED,60.05,/home/a360/research/flaky-test-detection-results/FlakeSyncResults/artifacts/adyen-java-api-library/com.adyen.CheckoutTest_TestGooglePayDetailsSerialization
adyen-java-api-library,https://github.com/Adyen/adyen-java-api-library,6fb5cd049b57a22d2ec4465d204c15f1c90dd325,.,nondex,com.adyen.CheckoutTest#TestIdealDetailsSerialization,com.adyen.CheckoutTest#TestIdealDetailsSerialization,SUCCESS,SUCCESS,SUCCESS,SUCCESS,SUCCESS,FAILED,,BARRIERPOINTSEARCH_FAILED,58.41,/home/a360/research/flaky-test-detection-results/FlakeSyncResults/artifacts/adyen-java-api-library/com.adyen.CheckoutTest_TestIdealDetailsSerialization
adyen-java-api-library,https://github.com/Adyen/adyen-java-api-library,6fb5cd049b57a22d2ec4465d204c15f1c90dd325,.,nondex,com.adyen.CheckoutTest#TestKlarnaDetailsSerialization,com.adyen.CheckoutTest#TestKlarnaDetailsSerialization,SUCCESS,SUCCESS,SUCCESS,SUCCESS,SUCCESS,FAILED,,BARRIERPOINTSEARCH_FAILED,57.61,/home/a360/research/flaky-test-detection-results/FlakeSyncResults/artifacts/adyen-java-api-library/com.adyen.CheckoutTest_TestKlarnaDetailsSerialization
adyen-java-api-library,https://github.com/Adyen/adyen-java-api-library,6fb5cd049b57a22d2ec4465d204c15f1c90dd325,.,nondex,com.adyen.CheckoutTest#TestLianLianPayDetailsSerialization,com.adyen.CheckoutTest#TestLianLianPayDetailsSerialization,SUCCESS,SUCCESS,SUCCESS,SUCCESS,SUCCESS,FAILED,,BARRIERPOINTSEARCH_FAILED,57.02,/home/a360/research/flaky-test-detection-results/FlakeSyncResults/artifacts/adyen-java-api-library/com.adyen.CheckoutTest_TestLianLianPayDetailsSerialization
adyen-java-api-library,https://github.com/Adyen/adyen-java-api-library,6fb5cd049b57a22d2ec4465d204c15f1c90dd325,.,nondex,com.adyen.CheckoutTest#TestMasterPassDetailsSerialization,com.adyen.CheckoutTest#TestMasterPassDetailsSerialization,SUCCESS,SUCCESS,SUCCESS,SUCCESS,SUCCESS,FAILED,,BARRIERPOINTSEARCH_FAILED,56.55,/home/a360/research/flaky-test-detection-results/FlakeSyncResults/artifacts/adyen-java-api-library/com.adyen.CheckoutTest_TestMasterPassDetailsSerialization
adyen-java-api-library,https://github.com/Adyen/adyen-java-api-library,6fb5cd049b57a22d2ec4465d204c15f1c90dd325,.,nondex,com.adyen.CheckoutTest#TestMbwayDetailsSerialization,com.adyen.CheckoutTest#TestMbwayDetailsSerialization,SUCCESS,SUCCESS,SUCCESS,SUCCESS,SUCCESS,FAILED,,BARRIERPOINTSEARCH_FAILED,57.1,/home/a360/research/flaky-test-detection-results/FlakeSyncResults/artifacts/adyen-java-api-library/com.adyen.CheckoutTest_TestMbwayDetailsSerialization
adyen-java-api-library,https://github.com/Adyen/adyen-java-api-library,6fb5cd049b57a22d2ec4465d204c15f1c90dd325,.,nondex,com.adyen.CheckoutTest#TestMobilePayDetailsSerialization,com.adyen.CheckoutTest#TestMobilePayDetailsSerialization,SUCCESS,SUCCESS,SUCCESS,SUCCESS,SUCCESS,FAILED,,BARRIERPOINTSEARCH_FAILED,56.71,/home/a360/research/flaky-test-detection-results/FlakeSyncResults/artifacts/adyen-java-api-library/com.adyen.CheckoutTest_TestMobilePayDetailsSerialization
adyen-java-api-library,https://github.com/Adyen/adyen-java-api-library,6fb5cd049b57a22d2ec4465d204c15f1c90dd325,.,nondex,com.adyen.CheckoutTest#TestMolPayDetailsSerialization,com.adyen.CheckoutTest#TestMolPayDetailsSerialization,SUCCESS,SUCCESS,SUCCESS,SUCCESS,SUCCESS,FAILED,,BARRIERPOINTSEARCH_FAILED,56.65,/home/a360/research/flaky-test-detection-results/FlakeSyncResults/artifacts/adyen-java-api-library/com.adyen.CheckoutTest_TestMolPayDetailsSerialization
adyen-java-api-library,https://github.com/Adyen/adyen-java-api-library,6fb5cd049b57a22d2ec4465d204c15f1c90dd325,.,nondex,com.adyen.CheckoutTest#TestPayPalDetails,com.adyen.CheckoutTest#TestPayPalDetails,SUCCESS,SUCCESS,SUCCESS,SUCCESS,SUCCESS,FAILED,,BARRIERPOINTSEARCH_FAILED,57.56,/home/a360/research/flaky-test-detection-results/FlakeSyncResults/artifacts/adyen-java-api-library/com.adyen.CheckoutTest_TestPayPalDetails
adyen-java-api-library,https://github.com/Adyen/adyen-java-api-library,6fb5cd049b57a22d2ec4465d204c15f1c90dd325,.,nondex,com.adyen.CheckoutTest#TestPayUUpiDetailsSerialization,com.adyen.CheckoutTest#TestPayUUpiDetailsSerialization,SUCCESS,SUCCESS,SUCCESS,SUCCESS,SUCCESS,FAILED,,BARRIERPOINTSEARCH_FAILED,56.92,/home/a360/research/flaky-test-detection-results/FlakeSyncResults/artifacts/adyen-java-api-library/com.adyen.CheckoutTest_TestPayUUpiDetailsSerialization
adyen-java-api-library,https://github.com/Adyen/adyen-java-api-library,6fb5cd049b57a22d2ec4465d204c15f1c90dd325,.,nondex,com.adyen.CheckoutTest#TestPaymentMethodDetails,com.adyen.CheckoutTest#TestPaymentMethodDetails,SUCCESS,SUCCESS,SUCCESS,SUCCESS,SUCCESS,FAILED,,BARRIERPOINTSEARCH_FAILED,55.8,/home/a360/research/flaky-test-detection-results/FlakeSyncResults/artifacts/adyen-java-api-library/com.adyen.CheckoutTest_TestPaymentMethodDetails
adyen-java-api-library,https://github.com/Adyen/adyen-java-api-library,6fb5cd049b57a22d2ec4465d204c15f1c90dd325,.,nondex,com.adyen.CheckoutTest#TestQiwiWalletDetailsSerialization,com.adyen.CheckoutTest#TestQiwiWalletDetailsSerialization,SUCCESS,SUCCESS,SUCCESS,SUCCESS,SUCCESS,FAILED,,BARRIERPOINTSEARCH_FAILED,57.56,/home/a360/research/flaky-test-detection-results/FlakeSyncResults/artifacts/adyen-java-api-library/com.adyen.CheckoutTest_TestQiwiWalletDetailsSerialization
adyen-java-api-library,https://github.com/Adyen/adyen-java-api-library,6fb5cd049b57a22d2ec4465d204c15f1c90dd325,.,nondex,com.adyen.CheckoutTest#TestRecurringPaymentMethodDetails,com.adyen.CheckoutTest#TestRecurringPaymentMethodDetails,SUCCESS,SUCCESS,SUCCESS,SUCCESS,SUCCESS,FAILED,,BARRIERPOINTSEARCH_FAILED,55.8,/home/a360/research/flaky-test-detection-results/FlakeSyncResults/artifacts/adyen-java-api-library/com.adyen.CheckoutTest_TestRecurringPaymentMethodDetails
adyen-java-api-library,https://github.com/Adyen/adyen-java-api-library,6fb5cd049b57a22d2ec4465d204c15f1c90dd325,.,nondex,com.adyen.CheckoutTest#TestSamsungPayDetailsSerialization,com.adyen.CheckoutTest#TestSamsungPayDetailsSerialization,SUCCESS,SUCCESS,SUCCESS,SUCCESS,SUCCESS,FAILED,,BARRIERPOINTSEARCH_FAILED,57.6,/home/a360/research/flaky-test-detection-results/FlakeSyncResults/artifacts/adyen-java-api-library/com.adyen.CheckoutTest_TestSamsungPayDetailsSerialization
adyen-java-api-library,https://github.com/Adyen/adyen-java-api-library,6fb5cd049b57a22d2ec4465d204c15f1c90dd325,.,nondex,com.adyen.CheckoutTest#TestSepaDirectDebitDetailsSerialization,com.adyen.CheckoutTest#TestSepaDirectDebitDetailsSerialization,SUCCESS,SUCCESS,SUCCESS,SUCCESS,SUCCESS,FAILED,,BARRIERPOINTSEARCH_FAILED,57.71,/home/a360/research/flaky-test-detection-results/FlakeSyncResults/artifacts/adyen-java-api-library/com.adyen.CheckoutTest_TestSepaDirectDebitDetailsSerialization
adyen-java-api-library,https://github.com/Adyen/adyen-java-api-library,6fb5cd049b57a22d2ec4465d204c15f1c90dd325,.,nondex,com.adyen.CheckoutTest#TestSepaPaymentMethodDetails,com.adyen.CheckoutTest#TestSepaPaymentMethodDetails,SUCCESS,SUCCESS,SUCCESS,SUCCESS,SUCCESS,FAILED,,BARRIERPOINTSEARCH_FAILED,55.75,/home/a360/research/flaky-test-detection-results/FlakeSyncResults/artifacts/adyen-java-api-library/com.adyen.CheckoutTest_TestSepaPaymentMethodDetails
adyen-java-api-library,https://github.com/Adyen/adyen-java-api-library,6fb5cd049b57a22d2ec4465d204c15f1c90dd325,.,nondex,com.adyen.CheckoutTest#TestShopperNotificationReferencePaymentMethodDetails,com.adyen.CheckoutTest#TestShopperNotificationReferencePaymentMethodDetails,SUCCESS,SUCCESS,SUCCESS,SUCCESS,SUCCESS,FAILED,,BARRIERPOINTSEARCH_FAILED,56.41,/home/a360/research/flaky-test-detection-results/FlakeSyncResults/artifacts/adyen-java-api-library/com.adyen.CheckoutTest_TestShopperNotificationReferencePaymentMethodDetails
adyen-java-api-library,https://github.com/Adyen/adyen-java-api-library,6fb5cd049b57a22d2ec4465d204c15f1c90dd325,.,nondex,com.adyen.CheckoutTest#TestVippsDetailsSerialization,com.adyen.CheckoutTest#TestVippsDetailsSerialization,SUCCESS,SUCCESS,SUCCESS,SUCCESS,SUCCESS,FAILED,,BARRIERPOINTSEARCH_FAILED,58.26,/home/a360/research/flaky-test-detection-results/FlakeSyncResults/artifacts/adyen-java-api-library/com.adyen.CheckoutTest_TestVippsDetailsSerialization
adyen-java-api-library,https://github.com/Adyen/adyen-java-api-library,6fb5cd049b57a22d2ec4465d204c15f1c90dd325,.,nondex,com.adyen.CheckoutTest#TestVisaCheckoutDetailsSerialization,com.adyen.CheckoutTest#TestVisaCheckoutDetailsSerialization,SUCCESS,SUCCESS,SUCCESS,SUCCESS,SUCCESS,FAILED,,BARRIERPOINTSEARCH_FAILED,57.3,/home/a360/research/flaky-test-detection-results/FlakeSyncResults/artifacts/adyen-java-api-library/com.adyen.CheckoutTest_TestVisaCheckoutDetailsSerialization
adyen-java-api-library,https://github.com/Adyen/adyen-java-api-library,6fb5cd049b57a22d2ec4465d204c15f1c90dd325,.,nondex,com.adyen.CheckoutTest#TestWeChatPayDetailsSerialization,com.adyen.CheckoutTest#TestWeChatPayDetailsSerialization,SUCCESS,SUCCESS,SUCCESS,SUCCESS,SUCCESS,FAILED,,BARRIERPOINTSEARCH_FAILED,57.6,/home/a360/research/flaky-test-detection-results/FlakeSyncResults/artifacts/adyen-java-api-library/com.adyen.CheckoutTest_TestWeChatPayDetailsSerialization
adyen-java-api-library,https://github.com/Adyen/adyen-java-api-library,6fb5cd049b57a22d2ec4465d204c15f1c90dd325,.,nondex,com.adyen.CheckoutTest#TestWeChatPayMiniProgramDetailsSerialization,com.adyen.CheckoutTest#TestWeChatPayMiniProgramDetailsSerialization,SUCCESS,SUCCESS,SUCCESS,SUCCESS,SUCCESS,FAILED,,BARRIERPOINTSEARCH_FAILED,57.55,/home/a360/research/flaky-test-detection-results/FlakeSyncResults/artifacts/adyen-java-api-library/com.adyen.CheckoutTest_TestWeChatPayMiniProgramDetailsSerialization
adyen-java-api-library,https://github.com/Adyen/adyen-java-api-library,6fb5cd049b57a22d2ec4465d204c15f1c90dd325,.,nondex,com.adyen.NotificationTest#testGsonAndJacksonSerializeNotificationRequest,com.adyen.NotificationTest#testGsonAndJacksonSerializeNotificationRequest,SUCCESS,SUCCESS,SUCCESS,SUCCESS,SUCCESS,FAILED,,BARRIERPOINTSEARCH_FAILED,55.64,/home/a360/research/flaky-test-detection-results/FlakeSyncResults/artifacts/adyen-java-api-library/com.adyen.NotificationTest_testGsonAndJacksonSerializeNotificationRequest
adyen-java-api-library,https://github.com/Adyen/adyen-java-api-library,6fb5cd049b57a22d2ec4465d204c15f1c90dd325,.,nondex,com.adyen.PaymentRequestBuilderTest#Test3DSecureRequest,com.adyen.PaymentRequestBuilderTest#Test3DSecureRequest,SUCCESS,SUCCESS,SUCCESS,SUCCESS,SUCCESS,FAILED,,BARRIERPOINTSEARCH_FAILED,55.6,/home/a360/research/flaky-test-detection-results/FlakeSyncResults/artifacts/adyen-java-api-library/com.adyen.PaymentRequestBuilderTest_Test3DSecureRequest
adyen-java-api-library,https://github.com/Adyen/adyen-java-api-library,6fb5cd049b57a22d2ec4465d204c15f1c90dd325,.,nondex,com.adyen.PaymentRequestBuilderTest#TestCCPaymentRequest,com.adyen.PaymentRequestBuilderTest#TestCCPaymentRequest,SUCCESS,SUCCESS,SUCCESS,SUCCESS,SUCCESS,FAILED,,BARRIERPOINTSEARCH_FAILED,55.56,/home/a360/research/flaky-test-detection-results/FlakeSyncResults/artifacts/adyen-java-api-library/com.adyen.PaymentRequestBuilderTest_TestCCPaymentRequest
adyen-java-api-library,https://github.com/Adyen/adyen-java-api-library,6fb5cd049b57a22d2ec4465d204c15f1c90dd325,.,nondex,com.adyen.PaymentRequestBuilderTest#TestCSEPaymentRequest,com.adyen.PaymentRequestBuilderTest#TestCSEPaymentRequest,SUCCESS,SUCCESS,SUCCESS,SUCCESS,SUCCESS,FAILED,,BARRIERPOINTSEARCH_FAILED,54.64,/home/a360/research/flaky-test-detection-results/FlakeSyncResults/artifacts/adyen-java-api-library/com.adyen.PaymentRequestBuilderTest_TestCSEPaymentRequest
adyen-java-api-library,https://github.com/Adyen/adyen-java-api-library,6fb5cd049b57a22d2ec4465d204c15f1c90dd325,.,nondex,com.adyen.serializer.SaleToAcquirerDataSerializerTest#testSerialize,com.adyen.serializer.SaleToAcquirerDataSerializerTest#testSerialize,SUCCESS,SUCCESS,SUCCESS,SUCCESS,SUCCESS,FAILED,,BARRIERPOINTSEARCH_FAILED,49.88,/home/a360/research/flaky-test-detection-results/FlakeSyncResults/artifacts/adyen-java-api-library/com.adyen.serializer.SaleToAcquirerDataSerializerTest_testSerialize
adyen-java-api-library,https://github.com/Adyen/adyen-java-api-library,6fb5cd049b57a22d2ec4465d204c15f1c90dd325,.,nondex,com.adyen.service.CheckoutTest#testPaymentsRequestWithXidAndCavv,com.adyen.service.CheckoutTest#testPaymentsRequestWithXidAndCavv,SUCCESS,SUCCESS,SUCCESS,SUCCESS,SUCCESS,FAILED,,BARRIERPOINTSEARCH_FAILED,63.45,/home/a360/research/flaky-test-detection-results/FlakeSyncResults/artifacts/adyen-java-api-library/com.adyen.service.CheckoutTest_testPaymentsRequestWithXidAndCavv
amazon-hub-counter-sdk-java,https://github.com/amzn/amazon-hub-counter-sdk-java,c8d1be1f81539a3aebd31290441c8a9f602ca3d9,.,nondex,com.amazon.hub.counter.AmazonHubCounterFeedAPITest#postFeedSerializationTest,com.amazon.hub.counter.AmazonHubCounterFeedAPITest#postFeedSerializationTest,SUCCESS,SUCCESS,TIMEOUT,,,,,DELAYLOCS_TIMEOUT,1823.02,/home/a360/research/flaky-test-detection-results/FlakeSyncResults/artifacts/amazon-hub-counter-sdk-java/com.amazon.hub.counter.AmazonHubCounterFeedAPITest_postFeedSerializationTest
avro,https://github.com/apache/avro,bfbd2d115aec576545b0673e876a652806b41986,lang/java/avro,nondex,org.apache.avro.reflect.TestNonStringMapKeys#testNonStringMapKeys,org.apache.avro.reflect.TestNonStringMapKeys#testNonStringMapKeys,FAILED,,,,,,,BASELINE_FAILED,8.8,
avro,https://github.com/apache/avro,bfbd2d115aec576545b0673e876a652806b41986,lang/java/avro,nondex,org.apache.avro.reflect.TestReflect#testAnnotationMultiAvroMeta,org.apache.avro.reflect.TestReflect#testAnnotationMultiAvroMeta,FAILED,,,,,,,BASELINE_FAILED,7.14,
avro,https://github.com/apache/avro,bfbd2d115aec576545b0673e876a652806b41986,lang/java/avro,nondex,org.apache.avro.reflect.TestReflect#testAvroDoc,org.apache.avro.reflect.TestReflect#testAvroDoc,FAILED,,,,,,,BASELINE_FAILED,7.14,
avro,https://github.com/apache/avro,bfbd2d115aec576545b0673e876a652806b41986,lang/java/avro,nondex,org.apache.avro.reflect.TestReflect#testMultipleFieldAliases,org.apache.avro.reflect.TestReflect#testMultipleFieldAliases,FAILED,,,,,,,BASELINE_FAILED,7.24,
avro,https://github.com/apache/avro,bfbd2d115aec576545b0673e876a652806b41986,lang/java/avro,nondex,org.apache.avro.reflect.TestReflect#testRecord,org.apache.avro.reflect.TestReflect#testRecord,FAILED,,,,,,,BASELINE_FAILED,7.14,
classgraph,https://github.com/classgraph/classgraph,d3b5aebd2d9bfc8b98539f7ce157775cc5af6e95,.,nondex,io.github.classgraph.json.JSONSerializationTest#testJSON,io.github.classgraph.json.JSONSerializationTest#testJSON,SUCCESS,SUCCESS,SUCCESS,SUCCESS,SUCCESS,FAILED,,BARRIERPOINTSEARCH_FAILED,48.36,/home/a360/research/flaky-test-detection-results/FlakeSyncResults/artifacts/classgraph/io.github.classgraph.json.JSONSerializationTest_testJSON
cloud-security-services-integration-library,https://github.com/SAP/cloud-security-services-integration-library,eca48f5eb11386fedce23eabd60220c1b3933487,spring-security,nondex,com.sap.cloud.security.spring.token.authentication.AuthenticationTokenTest#equals,com.sap.cloud.security.spring.token.authentication.AuthenticationTokenTest#equals,FAILED,,,,,,,BASELINE_FAILED,12.62,
commons-collections,https://github.com/apache/commons-collections,14ff6fae576085767045bff074c35f2b0220b317,.,nondex,org.apache.commons.collections4.CollectionUtilsTest#get,org.apache.commons.collections4.CollectionUtilsTest#get,FAILED,,,,,,,BASELINE_FAILED,6.94,
commons-collections,https://github.com/apache/commons-collections,14ff6fae576085767045bff074c35f2b0220b317,.,nondex,org.apache.commons.collections4.CollectionUtilsTest#getFromMap,org.apache.commons.collections4.CollectionUtilsTest#getFromMap,FAILED,,,,,,,BASELINE_FAILED,6.24,
commons-collections,https://github.com/apache/commons-collections,14ff6fae576085767045bff074c35f2b0220b317,.,nondex,org.apache.commons.collections4.bag.CollectionBagTest#testCollectionToArray2,org.apache.commons.collections4.bag.CollectionBagTest#testCollectionToArray2,FAILED,,,,,,,BASELINE_FAILED,6.29,
commons-collections,https://github.com/apache/commons-collections,14ff6fae576085767045bff074c35f2b0220b317,.,nondex,org.apache.commons.collections4.bag.HashBagTest#testCollectionToArray2,org.apache.commons.collections4.bag.HashBagTest#testCollectionToArray2,FAILED,,,,,,,BASELINE_FAILED,6.19,
commons-collections,https://github.com/apache/commons-collections,14ff6fae576085767045bff074c35f2b0220b317,.,nondex,org.apache.commons.collections4.bag.PredicatedBagTest#testCollectionToArray2,org.apache.commons.collections4.bag.PredicatedBagTest#testCollectionToArray2,FAILED,,,,,,,BASELINE_FAILED,6.19,
commons-collections,https://github.com/apache/commons-collections,14ff6fae576085767045bff074c35f2b0220b317,.,nondex,org.apache.commons.collections4.bag.SynchronizedBagTest#testCollectionToArray2,org.apache.commons.collections4.bag.SynchronizedBagTest#testCollectionToArray2,FAILED,,,,,,,BASELINE_FAILED,6.09,
commons-collections,https://github.com/apache/commons-collections,14ff6fae576085767045bff074c35f2b0220b317,.,nondex,org.apache.commons.collections4.bag.TransformedBagTest#testCollectionToArray2,org.apache.commons.collections4.bag.TransformedBagTest#testCollectionToArray2,FAILED,,,,,,,BASELINE_FAILED,6.19,
commons-collections,https://github.com/apache/commons-collections,14ff6fae576085767045bff074c35f2b0220b317,.,nondex,org.apache.commons.collections4.bag.UnmodifiableBagTest#testCollectionToArray2,org.apache.commons.collections4.bag.UnmodifiableBagTest#testCollectionToArray2,FAILED,,,,,,,BASELINE_FAILED,6.14,
commons-collections,https://github.com/apache/commons-collections,14ff6fae576085767045bff074c35f2b0220b317,.,nondex,org.apache.commons.collections4.bidimap.DualHashBidiMapTest#testBidiKeySetValuesOrder,org.apache.commons.collections4.bidimap.DualHashBidiMapTest#testBidiKeySetValuesOrder,FAILED,,,,,,,BASELINE_FAILED,6.04,
commons-collections,https://github.com/apache/commons-collections,14ff6fae576085767045bff074c35f2b0220b317,.,nondex,org.apache.commons.collections4.bidimap.DualHashBidiMapTest#testCollectionToArray2,org.apache.commons.collections4.bidimap.DualHashBidiMapTest#testCollectionToArray2,FAILED,,,,,,,BASELINE_FAILED,6.09,
commons-collections,https://github.com/apache/commons-collections,14ff6fae576085767045bff074c35f2b0220b317,.,nondex,org.apache.commons.collections4.bidimap.UnmodifiableBidiMapTest#testBidiKeySetValuesOrder,org.apache.commons.collections4.bidimap.UnmodifiableBidiMapTest#testBidiKeySetValuesOrder,FAILED,,,,,,,BASELINE_FAILED,6.29,
commons-collections,https://github.com/apache/commons-collections,14ff6fae576085767045bff074c35f2b0220b317,.,nondex,org.apache.commons.collections4.bidimap.UnmodifiableBidiMapTest#testCollectionToArray2,org.apache.commons.collections4.bidimap.UnmodifiableBidiMapTest#testCollectionToArray2,FAILED,,,,,,,BASELINE_FAILED,6.19,
commons-collections,https://github.com/apache/commons-collections,14ff6fae576085767045bff074c35f2b0220b317,.,nondex,org.apache.commons.collections4.map.Flat3MapTest#testEntrySet,org.apache.commons.collections4.map.Flat3MapTest#testEntrySet,FAILED,,,,,,,BASELINE_FAILED,6.14,
commons-collections,https://github.com/apache/commons-collections,14ff6fae576085767045bff074c35f2b0220b317,.,nondex,org.apache.commons.collections4.map.PassiveExpiringMapTest#testCollectionToArray2,org.apache.commons.collections4.map.PassiveExpiringMapTest#testCollectionToArray2,FAILED,,,,,,,BASELINE_FAILED,6.09,
commons-collections,https://github.com/apache/commons-collections,14ff6fae576085767045bff074c35f2b0220b317,.,nondex,org.apache.commons.collections4.multimap.ArrayListValuedHashMapTest#testCollectionToArray2,org.apache.commons.collections4.multimap.ArrayListValuedHashMapTest#testCollectionToArray2,FAILED,,,,,,,BASELINE_FAILED,6.14,
commons-collections,https://github.com/apache/commons-collections,14ff6fae576085767045bff074c35f2b0220b317,.,nondex,org.apache.commons.collections4.multimap.ArrayListValuedHashMapTest#testMultiValuedMapIterator,org.apache.commons.collections4.multimap.ArrayListValuedHashMapTest#testMultiValuedMapIterator,FAILED,,,,,,,BASELINE_FAILED,6.19,
commons-collections,https://github.com/apache/commons-collections,14ff6fae576085767045bff074c35f2b0220b317,.,nondex,org.apache.commons.collections4.multimap.ArrayListValuedHashMapTest#testToString,org.apache.commons.collections4.multimap.ArrayListValuedHashMapTest#testToString,FAILED,,,,,,,BASELINE_FAILED,6.19,
commons-collections,https://github.com/apache/commons-collections,14ff6fae576085767045bff074c35f2b0220b317,.,nondex,org.apache.commons.collections4.multimap.HashSetValuedHashMapTest#testCollectionToArray2,org.apache.commons.collections4.multimap.HashSetValuedHashMapTest#testCollectionToArray2,FAILED,,,,,,,BASELINE_FAILED,6.29,
commons-collections,https://github.com/apache/commons-collections,14ff6fae576085767045bff074c35f2b0220b317,.,nondex,org.apache.commons.collections4.multimap.HashSetValuedHashMapTest#testToString,org.apache.commons.collections4.multimap.HashSetValuedHashMapTest#testToString,FAILED,,,,,,,BASELINE_FAILED,6.09,
commons-collections,https://github.com/apache/commons-collections,14ff6fae576085767045bff074c35f2b0220b317,.,nondex,org.apache.commons.collections4.multimap.TransformedMultiValuedMapTest#testCollectionToArray2,org.apache.commons.collections4.multimap.TransformedMultiValuedMapTest#testCollectionToArray2,FAILED,,,,,,,BASELINE_FAILED,6.14,
commons-collections,https://github.com/apache/commons-collections,14ff6fae576085767045bff074c35f2b0220b317,.,nondex,org.apache.commons.collections4.multimap.TransformedMultiValuedMapTest#testMultiValuedMapIterator,org.apache.commons.collections4.multimap.TransformedMultiValuedMapTest#testMultiValuedMapIterator,FAILED,,,,,,,BASELINE_FAILED,6.14,
commons-collections,https://github.com/apache/commons-collections,14ff6fae576085767045bff074c35f2b0220b317,.,nondex,org.apache.commons.collections4.multimap.UnmodifiableMultiValuedMapTest#testCollectionToArray2,org.apache.commons.collections4.multimap.UnmodifiableMultiValuedMapTest#testCollectionToArray2,FAILED,,,,,,,BASELINE_FAILED,6.19,
commons-collections,https://github.com/apache/commons-collections,14ff6fae576085767045bff074c35f2b0220b317,.,nondex,org.apache.commons.collections4.multiset.HashMultiSetTest#testCollectionToArray2,org.apache.commons.collections4.multiset.HashMultiSetTest#testCollectionToArray2,FAILED,,,,,,,BASELINE_FAILED,6.19,
commons-collections,https://github.com/apache/commons-collections,14ff6fae576085767045bff074c35f2b0220b317,.,nondex,org.apache.commons.collections4.multiset.PredicatedMultiSetTest#testCollectionToArray2,org.apache.commons.collections4.multiset.PredicatedMultiSetTest#testCollectionToArray2,FAILED,,,,,,,BASELINE_FAILED,6.14,
commons-collections,https://github.com/apache/commons-collections,14ff6fae576085767045bff074c35f2b0220b317,.,nondex,org.apache.commons.collections4.multiset.SynchronizedMultiSetTest#testCollectionToArray2,org.apache.commons.collections4.multiset.SynchronizedMultiSetTest#testCollectionToArray2,FAILED,,,,,,,BASELINE_FAILED,6.29,
commons-collections,https://github.com/apache/commons-collections,14ff6fae576085767045bff074c35f2b0220b317,.,nondex,org.apache.commons.collections4.multiset.UnmodifiableMultiSetTest#testCollectionToArray2,org.apache.commons.collections4.multiset.UnmodifiableMultiSetTest#testCollectionToArray2,FAILED,,,,,,,BASELINE_FAILED,6.14,
commons-collections,https://github.com/apache/commons-collections,14ff6fae576085767045bff074c35f2b0220b317,.,nondex,org.apache.commons.collections4.set.CompositeSetTest#testCollectionToArray2,org.apache.commons.collections4.set.CompositeSetTest#testCollectionToArray2,FAILED,,,,,,,BASELINE_FAILED,6.09,
commons-collections,https://github.com/apache/commons-collections,14ff6fae576085767045bff074c35f2b0220b317,.,nondex,org.apache.commons.collections4.set.PredicatedSetTest#testCollectionToArray2,org.apache.commons.collections4.set.PredicatedSetTest#testCollectionToArray2,FAILED,,,,,,,BASELINE_FAILED,6.19,
commons-collections,https://github.com/apache/commons-collections,14ff6fae576085767045bff074c35f2b0220b317,.,nondex,org.apache.commons.collections4.set.TransformedSetTest#testCollectionToArray2,org.apache.commons.collections4.set.TransformedSetTest#testCollectionToArray2,FAILED,,,,,,,BASELINE_FAILED,6.19,
commons-collections,https://github.com/apache/commons-collections,14ff6fae576085767045bff074c35f2b0220b317,.,nondex,org.apache.commons.collections4.set.UnmodifiableSetTest#testCollectionToArray2,org.apache.commons.collections4.set.UnmodifiableSetTest#testCollectionToArray2,FAILED,,,,,,,BASELINE_FAILED,6.14,
commons-jxpath,https://github.com/apache/commons-jxpath,75897943adb7f868df47ced0915b273af1af0272,.,nondex,org.apache.commons.jxpath.ri.compiler.ExtensionFunctionTest#testExpressionContext,org.apache.commons.jxpath.ri.compiler.ExtensionFunctionTest#testExpressionContext,FAILED,,,,,,,BASELINE_FAILED,7.5,
commons-jxpath,https://github.com/apache/commons-jxpath,75897943adb7f868df47ced0915b273af1af0272,.,nondex,org.apache.commons.jxpath.ri.model.beans.BeanModelTest#testAxisDescendant,org.apache.commons.jxpath.ri.model.beans.BeanModelTest#testAxisDescendant,FAILED,,,,,,,BASELINE_FAILED,7.14,
commons-jxpath,https://github.com/apache/commons-jxpath,75897943adb7f868df47ced0915b273af1af0272,.,nondex,org.apache.commons.jxpath.ri.model.beans.BeanModelTest#testAxisDescendantOrSelf,org.apache.commons.jxpath.ri.model.beans.BeanModelTest#testAxisDescendantOrSelf,FAILED,,,,,,,BASELINE_FAILED,7.04,
commons-jxpath,https://github.com/apache/commons-jxpath,75897943adb7f868df47ced0915b273af1af0272,.,nondex,org.apache.commons.jxpath.ri.model.beans.BeanModelTest#testAxisFollowing,org.apache.commons.jxpath.ri.model.beans.BeanModelTest#testAxisFollowing,FAILED,,,,,,,BASELINE_FAILED,6.99,
commons-jxpath,https://github.com/apache/commons-jxpath,75897943adb7f868df47ced0915b273af1af0272,.,nondex,org.apache.commons.jxpath.ri.model.beans.BeanModelTest#testAxisFollowingSibling,org.apache.commons.jxpath.ri.model.beans.BeanModelTest#testAxisFollowingSibling,FAILED,,,,,,,BASELINE_FAILED,7.09,
commons-jxpath,https://github.com/apache/commons-jxpath,75897943adb7f868df47ced0915b273af1af0272,.,nondex,org.apache.commons.jxpath.ri.model.beans.BeanModelTest#testAxisParent,org.apache.commons.jxpath.ri.model.beans.BeanModelTest#testAxisParent,FAILED,,,,,,,BASELINE_FAILED,7.04,
commons-jxpath,https://github.com/apache/commons-jxpath,75897943adb7f868df47ced0915b273af1af0272,.,nondex,org.apache.commons.jxpath.ri.model.beans.BeanModelTest#testAxisPrecedingSibling,org.apache.commons.jxpath.ri.model.beans.BeanModelTest#testAxisPrecedingSibling,FAILED,,,,,,,BASELINE_FAILED,6.99,
commons-jxpath,https://github.com/apache/commons-jxpath,75897943adb7f868df47ced0915b273af1af0272,.,nondex,org.apache.commons.jxpath.ri.model.beans.BeanModelTest#testBooleanPredicate,org.apache.commons.jxpath.ri.model.beans.BeanModelTest#testBooleanPredicate,FAILED,,,,,,,BASELINE_FAILED,7.04,
commons-jxpath,https://github.com/apache/commons-jxpath,75897943adb7f868df47ced0915b273af1af0272,.,nondex,org.apache.commons.jxpath.ri.model.dynabeans.DynaBeanModelTest#testAxisDescendant,org.apache.commons.jxpath.ri.model.dynabeans.DynaBeanModelTest#testAxisDescendant,FAILED,,,,,,,BASELINE_FAILED,7.14,
commons-jxpath,https://github.com/apache/commons-jxpath,75897943adb7f868df47ced0915b273af1af0272,.,nondex,org.apache.commons.jxpath.ri.model.dynabeans.DynaBeanModelTest#testAxisDescendantOrSelf,org.apache.commons.jxpath.ri.model.dynabeans.DynaBeanModelTest#testAxisDescendantOrSelf,FAILED,,,,,,,BASELINE_FAILED,7.15,
commons-jxpath,https://github.com/apache/commons-jxpath,75897943adb7f868df47ced0915b273af1af0272,.,nondex,org.apache.commons.jxpath.ri.model.dynabeans.DynaBeanModelTest#testAxisFollowing,org.apache.commons.jxpath.ri.model.dynabeans.DynaBeanModelTest#testAxisFollowing,FAILED,,,,,,,BASELINE_FAILED,7.09,
commons-jxpath,https://github.com/apache/commons-jxpath,75897943adb7f868df47ced0915b273af1af0272,.,nondex,org.apache.commons.jxpath.ri.model.dynabeans.DynaBeanModelTest#testAxisFollowingSibling,org.apache.commons.jxpath.ri.model.dynabeans.DynaBeanModelTest#testAxisFollowingSibling,FAILED,,,,,,,BASELINE_FAILED,7.39,
commons-jxpath,https://github.com/apache/commons-jxpath,75897943adb7f868df47ced0915b273af1af0272,.,nondex,org.apache.commons.jxpath.ri.model.dynabeans.DynaBeanModelTest#testAxisParent,org.apache.commons.jxpath.ri.model.dynabeans.DynaBeanModelTest#testAxisParent,FAILED,,,,,,,BASELINE_FAILED,7.09,
commons-jxpath,https://github.com/apache/commons-jxpath,75897943adb7f868df47ced0915b273af1af0272,.,nondex,org.apache.commons.jxpath.ri.model.dynabeans.DynaBeanModelTest#testAxisPrecedingSibling,org.apache.commons.jxpath.ri.model.dynabeans.DynaBeanModelTest#testAxisPrecedingSibling,FAILED,,,,,,,BASELINE_FAILED,7.14,
commons-jxpath,https://github.com/apache/commons-jxpath,75897943adb7f868df47ced0915b273af1af0272,.,nondex,org.apache.commons.jxpath.ri.model.dynabeans.DynaBeanModelTest#testBooleanPredicate,org.apache.commons.jxpath.ri.model.dynabeans.DynaBeanModelTest#testBooleanPredicate,FAILED,,,,,,,BASELINE_FAILED,7.19,
commons-lang,https://github.com/apache/commons-lang,7c32e527651a8a235d1b78b2f5d3f53d5e9bb6cb,.,nondex,org.apache.commons.lang3.builder.HashCodeBuilderAndEqualsBuilderTest#testFixture,org.apache.commons.lang3.builder.HashCodeBuilderAndEqualsBuilderTest#testFixture,FAILED,,,,,,,BASELINE_FAILED,6.25,
commons-lang,https://github.com/apache/commons-lang,7c32e527651a8a235d1b78b2f5d3f53d5e9bb6cb,.,nondex,org.apache.commons.lang3.builder.HashCodeBuilderAndEqualsBuilderTest#testFixtureWithTransients,org.apache.commons.lang3.builder.HashCodeBuilderAndEqualsBuilderTest#testFixtureWithTransients,FAILED,,,,,,,BASELINE_FAILED,5.63,
commons-lang,https://github.com/apache/commons-lang,7c32e527651a8a235d1b78b2f5d3f53d5e9bb6cb,.,nondex,org.apache.commons.lang3.builder.HashCodeBuilderTest#testReflectionHashCodeExcludeFields,org.apache.commons.lang3.builder.HashCodeBuilderTest#testReflectionHashCodeExcludeFields,FAILED,,,,,,,BASELINE_FAILED,5.43,
commons-lang,https://github.com/apache/commons-lang,7c32e527651a8a235d1b78b2f5d3f53d5e9bb6cb,.,nondex,org.apache.commons.lang3.builder.HashCodeBuilderTest#testReflectionHierarchyHashCode,org.apache.commons.lang3.builder.HashCodeBuilderTest#testReflectionHierarchyHashCode,FAILED,,,,,,,BASELINE_FAILED,5.38,
commons-lang,https://github.com/apache/commons-lang,7c32e527651a8a235d1b78b2f5d3f53d5e9bb6cb,.,nondex,org.apache.commons.lang3.builder.MultilineRecursiveToStringStyleTest#boolArray,org.apache.commons.lang3.builder.MultilineRecursiveToStringStyleTest#boolArray,FAILED,,,,,,,BASELINE_FAILED,5.49,
commons-lang,https://github.com/apache/commons-lang,7c32e527651a8a235d1b78b2f5d3f53d5e9bb6cb,.,nondex,org.apache.commons.lang3.builder.MultilineRecursiveToStringStyleTest#charArray,org.apache.commons.lang3.builder.MultilineRecursiveToStringStyleTest#charArray,FAILED,,,,,,,BASELINE_FAILED,5.49,
commons-lang,https://github.com/apache/commons-lang,7c32e527651a8a235d1b78b2f5d3f53d5e9bb6cb,.,nondex,org.apache.commons.lang3.builder.MultilineRecursiveToStringStyleTest#doubleArray,org.apache.commons.lang3.builder.MultilineRecursiveToStringStyleTest#doubleArray,FAILED,,,,,,,BASELINE_FAILED,5.43,
commons-lang,https://github.com/apache/commons-lang,7c32e527651a8a235d1b78b2f5d3f53d5e9bb6cb,.,nondex,org.apache.commons.lang3.builder.MultilineRecursiveToStringStyleTest#intArray,org.apache.commons.lang3.builder.MultilineRecursiveToStringStyleTest#intArray,FAILED,,,,,,,BASELINE_FAILED,5.59,
commons-lang,https://github.com/apache/commons-lang,7c32e527651a8a235d1b78b2f5d3f53d5e9bb6cb,.,nondex,org.apache.commons.lang3.builder.MultilineRecursiveToStringStyleTest#longArray,org.apache.commons.lang3.builder.MultilineRecursiveToStringStyleTest#longArray,FAILED,,,,,,,BASELINE_FAILED,5.43,
commons-lang,https://github.com/apache/commons-lang,7c32e527651a8a235d1b78b2f5d3f53d5e9bb6cb,.,nondex,org.apache.commons.lang3.builder.MultilineRecursiveToStringStyleTest#nestedAndArray,org.apache.commons.lang3.builder.MultilineRecursiveToStringStyleTest#nestedAndArray,FAILED,,,,,,,BASELINE_FAILED,5.38,
commons-lang,https://github.com/apache/commons-lang,7c32e527651a8a235d1b78b2f5d3f53d5e9bb6cb,.,nondex,org.apache.commons.lang3.builder.MultilineRecursiveToStringStyleTest#nestedElements,org.apache.commons.lang3.builder.MultilineRecursiveToStringStyleTest#nestedElements,FAILED,,,,,,,BASELINE_FAILED,5.54,
commons-lang,https://github.com/apache/commons-lang,7c32e527651a8a235d1b78b2f5d3f53d5e9bb6cb,.,nondex,org.apache.commons.lang3.builder.MultilineRecursiveToStringStyleTest#noArray,org.apache.commons.lang3.builder.MultilineRecursiveToStringStyleTest#noArray,FAILED,,,,,,,BASELINE_FAILED,5.64,
commons-lang,https://github.com/apache/commons-lang,7c32e527651a8a235d1b78b2f5d3f53d5e9bb6cb,.,nondex,org.apache.commons.lang3.builder.MultilineRecursiveToStringStyleTest#simpleObject,org.apache.commons.lang3.builder.MultilineRecursiveToStringStyleTest#simpleObject,FAILED,,,,,,,BASELINE_FAILED,5.58,
commons-lang,https://github.com/apache/commons-lang,7c32e527651a8a235d1b78b2f5d3f53d5e9bb6cb,.,nondex,org.apache.commons.lang3.builder.MultilineRecursiveToStringStyleTest#stringArray,org.apache.commons.lang3.builder.MultilineRecursiveToStringStyleTest#stringArray,FAILED,,,,,,,BASELINE_FAILED,5.49,
commons-lang,https://github.com/apache/commons-lang,7c32e527651a8a235d1b78b2f5d3f53d5e9bb6cb,.,nondex,org.apache.commons.lang3.builder.RecursiveToStringStyleTest#testPerson,org.apache.commons.lang3.builder.RecursiveToStringStyleTest#testPerson,FAILED,,,,,,,BASELINE_FAILED,5.44,
commons-lang,https://github.com/apache/commons-lang,7c32e527651a8a235d1b78b2f5d3f53d5e9bb6cb,.,nondex,org.apache.commons.lang3.builder.ReflectionToStringBuilderSummaryTest#testSummary,org.apache.commons.lang3.builder.ReflectionToStringBuilderSummaryTest#testSummary,FAILED,,,,,,,BASELINE_FAILED,5.48,
commons-lang,https://github.com/apache/commons-lang,7c32e527651a8a235d1b78b2f5d3f53d5e9bb6cb,.,nondex,org.apache.commons.lang3.builder.ToStringBuilderTest#testInheritedReflectionStatics,org.apache.commons.lang3.builder.ToStringBuilderTest#testInheritedReflectionStatics,FAILED,,,,,,,BASELINE_FAILED,5.59,
commons-lang,https://github.com/apache/commons-lang,7c32e527651a8a235d1b78b2f5d3f53d5e9bb6cb,.,nondex,org.apache.commons.lang3.builder.ToStringBuilderTest#testReflectionHierarchy,org.apache.commons.lang3.builder.ToStringBuilderTest#testReflectionHierarchy,FAILED,,,,,,,BASELINE_FAILED,5.59,
commons-lang,https://github.com/apache/commons-lang,7c32e527651a8a235d1b78b2f5d3f53d5e9bb6cb,.,nondex,org.apache.commons.lang3.builder.ToStringBuilderTest#testReflectionStatics,org.apache.commons.lang3.builder.ToStringBuilderTest#testReflectionStatics,FAILED,,,,,,,BASELINE_FAILED,5.54,
commons-lang,https://github.com/apache/commons-lang,7c32e527651a8a235d1b78b2f5d3f53d5e9bb6cb,.,nondex,org.apache.commons.lang3.builder.ToStringBuilderTest#testSelfInstanceTwoVarsReflectionObjectCycle,org.apache.commons.lang3.builder.ToStringBuilderTest#testSelfInstanceTwoVarsReflectionObjectCycle,FAILED,,,,,,,BASELINE_FAILED,5.49,
commons-lang,https://github.com/apache/commons-lang,7c32e527651a8a235d1b78b2f5d3f53d5e9bb6cb,.,nondex,org.apache.commons.lang3.builder.ToStringBuilderTest#testSimpleReflectionStatics,org.apache.commons.lang3.builder.ToStringBuilderTest#testSimpleReflectionStatics,FAILED,,,,,,,BASELINE_FAILED,5.64,
commons-lang,https://github.com/apache/commons-lang,7c32e527651a8a235d1b78b2f5d3f53d5e9bb6cb,.,nondex,org.apache.commons.lang3.reflect.FieldUtilsTest#testGetAllFields,org.apache.commons.lang3.reflect.FieldUtilsTest#testGetAllFields,FAILED,,,,,,,BASELINE_FAILED,5.49,
commons-lang,https://github.com/apache/commons-lang,7c32e527651a8a235d1b78b2f5d3f53d5e9bb6cb,.,nondex,org.apache.commons.lang3.reflect.FieldUtilsTest#testGetAllFieldsList,org.apache.commons.lang3.reflect.FieldUtilsTest#testGetAllFieldsList,FAILED,,,,,,,BASELINE_FAILED,5.49,
commons-lang,https://github.com/apache/commons-lang,7c32e527651a8a235d1b78b2f5d3f53d5e9bb6cb,.,nondex,org.apache.commons.lang3.reflect.FieldUtilsTest#testGetFieldsWithAnnotation,org.apache.commons.lang3.reflect.FieldUtilsTest#testGetFieldsWithAnnotation,FAILED,,,,,,,BASELINE_FAILED,5.79,
datadog-kafka-connect-logs,https://github.com/DataDog/datadog-kafka-connect-logs,e453f0c9efb50f2d7aaf2186ff024b15bca9742b,.,nondex,com.datadoghq.connect.logs.sink.DatadogLogsApiWriterTest#writer_readingMultipleTopics_shouldBatchSeparate,com.datadoghq.connect.logs.sink.DatadogLogsApiWriterTest#writer_readingMultipleTopics_shouldBatchSeparate,SUCCESS,SUCCESS,SUCCESS,SUCCESS,SUCCESS,FAILED,,BARRIERPOINTSEARCH_FAILED,40.31,/home/a360/research/flaky-test-detection-results/FlakeSyncResults/artifacts/datadog-kafka-connect-logs/com.datadoghq.connect.logs.sink.DatadogLogsApiWriterTest_writer_readingMultipleTopics_shouldBatchSeparate
depgraph-maven-plugin,https://github.com/ferstl/depgraph-maven-plugin,f93bf3b39986dd7eafff30f5858439a9879e1618,.,nondex,com.github.ferstl.depgraph.dependency.json.JsonDependencyEdgeRendererTest#renderWithConflictShowingVersion,com.github.ferstl.depgraph.dependency.json.JsonDependencyEdgeRendererTest#renderWithConflictShowingVersion,SUCCESS,SUCCESS,SUCCESS,SUCCESS,SUCCESS,FAILED,,BARRIERPOINTSEARCH_FAILED,78.11,/home/a360/research/flaky-test-detection-results/FlakeSyncResults/artifacts/depgraph-maven-plugin/com.github.ferstl.depgraph.dependency.json.JsonDependencyEdgeRendererTest_renderWithConflictShowingVersion
depgraph-maven-plugin,https://github.com/ferstl/depgraph-maven-plugin,f93bf3b39986dd7eafff30f5858439a9879e1618,.,nondex,com.github.ferstl.depgraph.dependency.json.JsonDependencyNodeNameRendererTest#omitScope,com.github.ferstl.depgraph.dependency.json.JsonDependencyNodeNameRendererTest#omitScope,SUCCESS,SUCCESS,SUCCESS,SUCCESS,SUCCESS,FAILED,,BARRIERPOINTSEARCH_FAILED,79.09,/home/a360/research/flaky-test-detection-results/FlakeSyncResults/artifacts/depgraph-maven-plugin/com.github.ferstl.depgraph.dependency.json.JsonDependencyNodeNameRendererTest_omitScope
depgraph-maven-plugin,https://github.com/ferstl/depgraph-maven-plugin,f93bf3b39986dd7eafff30f5858439a9879e1618,.,nondex,com.github.ferstl.depgraph.dependency.json.JsonDependencyNodeNameRendererTest#renderAll,com.github.ferstl.depgraph.dependency.json.JsonDependencyNodeNameRendererTest#renderAll,SUCCESS,SUCCESS,SUCCESS,SUCCESS,SUCCESS,FAILED,,BARRIERPOINTSEARCH_FAILED,79.0,/home/a360/research/flaky-test-detection-results/FlakeSyncResults/artifacts/depgraph-maven-plugin/com.github.ferstl.depgraph.dependency.json.JsonDependencyNodeNameRendererTest_renderAll
depgraph-maven-plugin,https://github.com/ferstl/depgraph-maven-plugin,f93bf3b39986dd7eafff30f5858439a9879e1618,.,nondex,com.github.ferstl.depgraph.dependency.json.JsonDependencyNodeNameRendererTest#renderArtifactId,com.github.ferstl.depgraph.dependency.json.JsonDependencyNodeNameRendererTest#renderArtifactId,SUCCESS,SUCCESS,SUCCESS,SUCCESS,SUCCESS,FAILED,,BARRIERPOINTSEARCH_FAILED,78.35,/home/a360/research/flaky-test-detection-results/FlakeSyncResults/artifacts/depgraph-maven-plugin/com.github.ferstl.depgraph.dependency.json.JsonDependencyNodeNameRendererTest_renderArtifactId
depgraph-maven-plugin,https://github.com/ferstl/depgraph-maven-plugin,f93bf3b39986dd7eafff30f5858439a9879e1618,.,nondex,com.github.ferstl.depgraph.dependency.json.JsonDependencyNodeNameRendererTest#renderArtifactIdVersion,com.github.ferstl.depgraph.dependency.json.JsonDependencyNodeNameRendererTest#renderArtifactIdVersion,SUCCESS,SUCCESS,SUCCESS,SUCCESS,SUCCESS,FAILED,,BARRIERPOINTSEARCH_FAILED,78.69,/home/a360/research/flaky-test-detection-results/FlakeSyncResults/artifacts/depgraph-maven-plugin/com.github.ferstl.depgraph.dependency.json.JsonDependencyNodeNameRendererTest_renderArtifactIdVersion
depgraph-maven-plugin,https://github.com/ferstl/depgraph-maven-plugin,f93bf3b39986dd7eafff30f5858439a9879e1618,.,nondex,com.github.ferstl.depgraph.dependency.json.JsonDependencyNodeNameRendererTest#renderArtifactIdVersionOptional,com.github.ferstl.depgraph.dependency.json.JsonDependencyNodeNameRendererTest#renderArtifactIdVersionOptional,SUCCESS,SUCCESS,SUCCESS,SUCCESS,SUCCESS,FAILED,,BARRIERPOINTSEARCH_FAILED,77.84,/home/a360/research/flaky-test-detection-results/FlakeSyncResults/artifacts/depgraph-maven-plugin/com.github.ferstl.depgraph.dependency.json.JsonDependencyNodeNameRendererTest_renderArtifactIdVersionOptional
depgraph-maven-plugin,https://github.com/ferstl/depgraph-maven-plugin,f93bf3b39986dd7eafff30f5858439a9879e1618,.,nondex,com.github.ferstl.depgraph.dependency.json.JsonDependencyNodeNameRendererTest#renderClassifiers,com.github.ferstl.depgraph.dependency.json.JsonDependencyNodeNameRendererTest#renderClassifiers,SUCCESS,SUCCESS,SUCCESS,SUCCESS,SUCCESS,FAILED,,BARRIERPOINTSEARCH_FAILED,78.85,/home/a360/research/flaky-test-detection-results/FlakeSyncResults/artifacts/depgraph-maven-plugin/com.github.ferstl.depgraph.dependency.json.JsonDependencyNodeNameRendererTest_renderClassifiers
depgraph-maven-plugin,https://github.com/ferstl/depgraph-maven-plugin,f93bf3b39986dd7eafff30f5858439a9879e1618,.,nondex,com.github.ferstl.depgraph.dependency.json.JsonDependencyNodeNameRendererTest#renderEmptyClassifier,com.github.ferstl.depgraph.dependency.json.JsonDependencyNodeNameRendererTest#renderEmptyClassifier,SUCCESS,SUCCESS,SUCCESS,SUCCESS,SUCCESS,FAILED,,BARRIERPOINTSEARCH_FAILED,78.26,/home/a360/research/flaky-test-detection-results/FlakeSyncResults/artifacts/depgraph-maven-plugin/com.github.ferstl.depgraph.dependency.json.JsonDependencyNodeNameRendererTest_renderEmptyClassifier
depgraph-maven-plugin,https://github.com/ferstl/depgraph-maven-plugin,f93bf3b39986dd7eafff30f5858439a9879e1618,.,nondex,com.github.ferstl.depgraph.dependency.json.JsonDependencyNodeNameRendererTest#renderGroupIdArtifactId,com.github.ferstl.depgraph.dependency.json.JsonDependencyNodeNameRendererTest#renderGroupIdArtifactId,SUCCESS,SUCCESS,SUCCESS,SUCCESS,SUCCESS,FAILED,,BARRIERPOINTSEARCH_FAILED,78.04,/home/a360/research/flaky-test-detection-results/FlakeSyncResults/artifacts/depgraph-maven-plugin/com.github.ferstl.depgraph.dependency.json.JsonDependencyNodeNameRendererTest_renderGroupIdArtifactId
depgraph-maven-plugin,https://github.com/ferstl/depgraph-maven-plugin,f93bf3b39986dd7eafff30f5858439a9879e1618,.,nondex,com.github.ferstl.depgraph.dependency.json.JsonDependencyNodeNameRendererTest#renderGroupIdArtifactIdOptional,com.github.ferstl.depgraph.dependency.json.JsonDependencyNodeNameRendererTest#renderGroupIdArtifactIdOptional,SUCCESS,SUCCESS,SUCCESS,SUCCESS,SUCCESS,FAILED,,BARRIERPOINTSEARCH_FAILED,78.7,/home/a360/research/flaky-test-detection-results/FlakeSyncResults/artifacts/depgraph-maven-plugin/com.github.ferstl.depgraph.dependency.json.JsonDependencyNodeNameRendererTest_renderGroupIdArtifactIdOptional
depgraph-maven-plugin,https://github.com/ferstl/depgraph-maven-plugin,f93bf3b39986dd7eafff30f5858439a9879e1618,.,nondex,com.github.ferstl.depgraph.dependency.json.JsonDependencyNodeNameRendererTest#renderGroupIdArtifactIdVersion,com.github.ferstl.depgraph.dependency.json.JsonDependencyNodeNameRendererTest#renderGroupIdArtifactIdVersion,SUCCESS,SUCCESS,SUCCESS,SUCCESS,SUCCESS,FAILED,,BARRIERPOINTSEARCH_FAILED,79.55,/home/a360/research/flaky-test-detection-results/FlakeSyncResults/artifacts/depgraph-maven-plugin/com.github.ferstl.depgraph.dependency.json.JsonDependencyNodeNameRendererTest_renderGroupIdArtifactIdVersion
depgraph-maven-plugin,https://github.com/ferstl/depgraph-maven-plugin,f93bf3b39986dd7eafff30f5858439a9879e1618,.,nondex,com.github.ferstl.depgraph.dependency.json.JsonDependencyNodeNameRendererTest#renderGroupIdArtifactIdVersionOptional,com.github.ferstl.depgraph.dependency.json.JsonDependencyNodeNameRendererTest#renderGroupIdArtifactIdVersionOptional,SUCCESS,SUCCESS,SUCCESS,SUCCESS,SUCCESS,FAILED,,BARRIERPOINTSEARCH_FAILED,79.41,/home/a360/research/flaky-test-detection-results/FlakeSyncResults/artifacts/depgraph-maven-plugin/com.github.ferstl.depgraph.dependency.json.JsonDependencyNodeNameRendererTest_renderGroupIdArtifactIdVersionOptional
depgraph-maven-plugin,https://github.com/ferstl/depgraph-maven-plugin,f93bf3b39986dd7eafff30f5858439a9879e1618,.,nondex,com.github.ferstl.depgraph.dependency.json.JsonDependencyNodeNameRendererTest#renderGroupIdVersion,com.github.ferstl.depgraph.dependency.json.JsonDependencyNodeNameRendererTest#renderGroupIdVersion,SUCCESS,SUCCESS,SUCCESS,SUCCESS,SUCCESS,FAILED,,BARRIERPOINTSEARCH_FAILED,78.85,/home/a360/research/flaky-test-detection-results/FlakeSyncResults/artifacts/depgraph-maven-plugin/com.github.ferstl.depgraph.dependency.json.JsonDependencyNodeNameRendererTest_renderGroupIdVersion
depgraph-maven-plugin,https://github.com/ferstl/depgraph-maven-plugin,f93bf3b39986dd7eafff30f5858439a9879e1618,.,nondex,com.github.ferstl.depgraph.dependency.json.JsonDependencyNodeNameRendererTest#renderGroupIdVersionOptional,com.github.ferstl.depgraph.dependency.json.JsonDependencyNodeNameRendererTest#renderGroupIdVersionOptional,SUCCESS,SUCCESS,SUCCESS,SUCCESS,SUCCESS,FAILED,,BARRIERPOINTSEARCH_FAILED,79.11,/home/a360/research/flaky-test-detection-results/FlakeSyncResults/artifacts/depgraph-maven-plugin/com.github.ferstl.depgraph.dependency.json.JsonDependencyNodeNameRendererTest_renderGroupIdVersionOptional
depgraph-maven-plugin,https://github.com/ferstl/depgraph-maven-plugin,f93bf3b39986dd7eafff30f5858439a9879e1618,.,nondex,com.github.ferstl.depgraph.dependency.json.JsonDependencyNodeNameRendererTest#renderJarTypeOnly,com.github.ferstl.depgraph.dependency.json.JsonDependencyNodeNameRendererTest#renderJarTypeOnly,SUCCESS,SUCCESS,SUCCESS,SUCCESS,SUCCESS,FAILED,,BARRIERPOINTSEARCH_FAILED,78.94,/home/a360/research/flaky-test-detection-results/FlakeSyncResults/artifacts/depgraph-maven-plugin/com.github.ferstl.depgraph.dependency.json.JsonDependencyNodeNameRendererTest_renderJarTypeOnly
depgraph-maven-plugin,https://github.com/ferstl/depgraph-maven-plugin,f93bf3b39986dd7eafff30f5858439a9879e1618,.,nondex,com.github.ferstl.depgraph.dependency.json.JsonDependencyNodeNameRendererTest#renderOptional,com.github.ferstl.depgraph.dependency.json.JsonDependencyNodeNameRendererTest#renderOptional,SUCCESS,SUCCESS,SUCCESS,SUCCESS,SUCCESS,FAILED,,BARRIERPOINTSEARCH_FAILED,78.6,/home/a360/research/flaky-test-detection-results/FlakeSyncResults/artifacts/depgraph-maven-plugin/com.github.ferstl.depgraph.dependency.json.JsonDependencyNodeNameRendererTest_renderOptional
depgraph-maven-plugin,https://github.com/ferstl/depgraph-maven-plugin,f93bf3b39986dd7eafff30f5858439a9879e1618,.,nondex,com.github.ferstl.depgraph.dependency.json.JsonDependencyNodeNameRendererTest#renderTypes,com.github.ferstl.depgraph.dependency.json.JsonDependencyNodeNameRendererTest#renderTypes,SUCCESS,SUCCESS,SUCCESS,SUCCESS,SUCCESS,FAILED,,BARRIERPOINTSEARCH_FAILED,78.65,/home/a360/research/flaky-test-detection-results/FlakeSyncResults/artifacts/depgraph-maven-plugin/com.github.ferstl.depgraph.dependency.json.JsonDependencyNodeNameRendererTest_renderTypes
depgraph-maven-plugin,https://github.com/ferstl/depgraph-maven-plugin,f93bf3b39986dd7eafff30f5858439a9879e1618,.,nondex,com.github.ferstl.depgraph.dependency.json.JsonDependencyNodeNameRendererTest#renderVersion,com.github.ferstl.depgraph.dependency.json.JsonDependencyNodeNameRendererTest#renderVersion,SUCCESS,SUCCESS,SUCCESS,SUCCESS,SUCCESS,FAILED,,BARRIERPOINTSEARCH_FAILED,79.65,/home/a360/research/flaky-test-detection-results/FlakeSyncResults/artifacts/depgraph-maven-plugin/com.github.ferstl.depgraph.dependency.json.JsonDependencyNodeNameRendererTest_renderVersion
depgraph-maven-plugin,https://github.com/ferstl/depgraph-maven-plugin,f93bf3b39986dd7eafff30f5858439a9879e1618,.,nondex,com.github.ferstl.depgraph.graph.json.JsonGraphFormatterTest#format,com.github.ferstl.depgraph.graph.json.JsonGraphFormatterTest#format,SUCCESS,SUCCESS,SUCCESS,SUCCESS,SUCCESS,FAILED,,BARRIERPOINTSEARCH_FAILED,78.21,/home/a360/research/flaky-test-detection-results/FlakeSyncResults/artifacts/depgraph-maven-plugin/com.github.ferstl.depgraph.graph.json.JsonGraphFormatterTest_format
edn-java,https://github.com/bpsm/edn-java,4cf29ffe2d063269cb09c9bf4f6fd5c1a3cb4e1b,.,nondex,us.bpsm.edn.printer.PrinterTest#testPrettyPrinting,us.bpsm.edn.printer.PrinterTest#testPrettyPrinting,SUCCESS,SUCCESS,SUCCESS,SUCCESS,SUCCESS,FAILED,,BARRIERPOINTSEARCH_FAILED,33.72,/home/a360/research/flaky-test-detection-results/FlakeSyncResults/artifacts/edn-java/us.bpsm.edn.printer.PrinterTest_testPrettyPrinting
feign-vertx,https://github.com/OpenFeign/feign-vertx,5c64572a72581178e9e7f382a5b45d7503af7ea9,.,nondex,feign.vertx.VertxHttpClientTest$WhenMakePostRequest#testWillMakeOrder,feign.vertx.VertxHttpClientTest$WhenMakePostRequest#testWillMakeOrder,SUCCESS,SUCCESS,SUCCESS,SUCCESS,SUCCESS,FAILED,,BARRIERPOINTSEARCH_FAILED,76.6,/home/a360/research/flaky-test-detection-results/FlakeSyncResults/artifacts/feign-vertx/feign.vertx.VertxHttpClientTest_WhenMakePostRequest_testWillMakeOrder
groupmeal-java-sdk,https://github.com/Meituan-Dianping/groupmeal-java-sdk,39547d3c2568eba11cab02c18827a68478d7cb47,.,nondex,JsonTest#payCallBackParam,JsonTest#payCallBackParam,SUCCESS,SUCCESS,SUCCESS,SUCCESS,SUCCESS,FAILED,,BARRIERPOINTSEARCH_FAILED,28.9,/home/a360/research/flaky-test-detection-results/FlakeSyncResults/artifacts/groupmeal-java-sdk/JsonTest_payCallBackParam
ignite-3,https://github.com/apache/ignite-3,a1aa7fd4e2398c72827777ec5417d67915ff4da3,modules/core,nondex,org.apache.ignite.internal.tostring.IgniteToStringBuilderSelfTest#testHierarchy,org.apache.ignite.internal.tostring.IgniteToStringBuilderSelfTest#testHierarchy,SUCCESS,SUCCESS,SUCCESS,SUCCESS,SUCCESS,FAILED,,BARRIERPOINTSEARCH_FAILED,80.99,/home/a360/research/flaky-test-detection-results/FlakeSyncResults/artifacts/ignite-3/org.apache.ignite.internal.tostring.IgniteToStringBuilderSelfTest_testHierarchy
ignite-3,https://github.com/apache/ignite-3,a1aa7fd4e2398c72827777ec5417d67915ff4da3,modules/core,nondex,org.apache.ignite.internal.tostring.IgniteToStringBuilderSelfTest#testToString,org.apache.ignite.internal.tostring.IgniteToStringBuilderSelfTest#testToString,SUCCESS,SUCCESS,SUCCESS,SUCCESS,SUCCESS,FAILED,,BARRIERPOINTSEARCH_FAILED,74.47,/home/a360/research/flaky-test-detection-results/FlakeSyncResults/artifacts/ignite-3/org.apache.ignite.internal.tostring.IgniteToStringBuilderSelfTest_testToString
ignite-3,https://github.com/apache/ignite-3,a1aa7fd4e2398c72827777ec5417d67915ff4da3,modules/core,nondex,org.apache.ignite.internal.tostring.IgniteToStringBuilderSelfTest#testToStringCheckConcurrentModificationExceptionFromMap,org.apache.ignite.internal.tostring.IgniteToStringBuilderSelfTest#testToStringCheckConcurrentModificationExceptionFromMap,SUCCESS,SUCCESS,TIMEOUT,,,,,DELAYLOCS_TIMEOUT,1822.9,/home/a360/research/flaky-test-detection-results/FlakeSyncResults/artifacts/ignite-3/org.apache.ignite.internal.tostring.IgniteToStringBuilderSelfTest_testToStringCheckConcurrentModificationExceptionFromMap
ignite-3,https://github.com/apache/ignite-3,a1aa7fd4e2398c72827777ec5417d67915ff4da3,modules/core,nondex,org.apache.ignite.internal.tostring.IgniteToStringBuilderSelfTest#testToStringSizeLimits,org.apache.ignite.internal.tostring.IgniteToStringBuilderSelfTest#testToStringSizeLimits,SUCCESS,SUCCESS,SUCCESS,SUCCESS,SUCCESS,FAILED,,BARRIERPOINTSEARCH_FAILED,81.36,/home/a360/research/flaky-test-detection-results/FlakeSyncResults/artifacts/ignite-3/org.apache.ignite.internal.tostring.IgniteToStringBuilderSelfTest_testToStringSizeLimits
ignite-3,https://github.com/apache/ignite-3,a1aa7fd4e2398c72827777ec5417d67915ff4da3,modules/core,nondex,org.apache.ignite.internal.tostring.IgniteToStringBuilderSelfTest#testToStringWithAdditions,org.apache.ignite.internal.tostring.IgniteToStringBuilderSelfTest#testToStringWithAdditions,SUCCESS,SUCCESS,SUCCESS,SUCCESS,SUCCESS,FAILED,,BARRIERPOINTSEARCH_FAILED,77.08,/home/a360/research/flaky-test-detection-results/FlakeSyncResults/artifacts/ignite-3/org.apache.ignite.internal.tostring.IgniteToStringBuilderSelfTest_testToStringWithAdditions
incubator-kie-drools,https://github.com/apache/incubator-kie-drools,8440dc2d4b95412a05a3c7b9501993e1ace9b496,drools-alphanetwork-compiler,nondex,org.drools.ancompiler.AlphaNetworkCompilerTest#testAlphaConstraintWithModification,org.drools.ancompiler.AlphaNetworkCompilerTest#testAlphaConstraintWithModification,FAILED,,,,,,,BASELINE_FAILED,13.88,
incubator-kie-drools,https://github.com/apache/incubator-kie-drools,8440dc2d4b95412a05a3c7b9501993e1ace9b496,drools-alphanetwork-compiler,nondex,org.drools.ancompiler.AlphaNetworkCompilerTest#testHashedInteger,org.drools.ancompiler.AlphaNetworkCompilerTest#testHashedInteger,FAILED,,,,,,,BASELINE_FAILED,10.05,
incubator-kie-drools,https://github.com/apache/incubator-kie-drools,8440dc2d4b95412a05a3c7b9501993e1ace9b496,drools-alphanetwork-compiler,nondex,org.drools.ancompiler.AlphaNetworkCompilerTest#testNodeHashingWith2LevelConditionsCheckFirstCondition,org.drools.ancompiler.AlphaNetworkCompilerTest#testNodeHashingWith2LevelConditionsCheckFirstCondition,FAILED,,,,,,,BASELINE_FAILED,9.6,
incubator-kie-drools,https://github.com/apache/incubator-kie-drools,8440dc2d4b95412a05a3c7b9501993e1ace9b496,drools-alphanetwork-compiler,nondex,org.drools.ancompiler.AlphaNetworkCompilerTest#testNodeHashingWith2LevelConditionsCheckFirstConditionWithLong,org.drools.ancompiler.AlphaNetworkCompilerTest#testNodeHashingWith2LevelConditionsCheckFirstConditionWithLong,FAILED,,,,,,,BASELINE_FAILED,9.45,
incubator-kie-drools,https://github.com/apache/incubator-kie-drools,8440dc2d4b95412a05a3c7b9501993e1ace9b496,drools-alphanetwork-compiler,nondex,org.drools.ancompiler.AlphaNetworkCompilerTest#testNodeHashingWithMultipleConditions,org.drools.ancompiler.AlphaNetworkCompilerTest#testNodeHashingWithMultipleConditions,FAILED,,,,,,,BASELINE_FAILED,9.5,
incubator-kie-drools,https://github.com/apache/incubator-kie-drools,8440dc2d4b95412a05a3c7b9501993e1ace9b496,drools-alphanetwork-compiler,nondex,org.drools.ancompiler.AlphaNetworkCompilerTest#testNonHashedAlphaNode,org.drools.ancompiler.AlphaNetworkCompilerTest#testNonHashedAlphaNode,FAILED,,,,,,,BASELINE_FAILED,9.4,
incubator-kie-drools,https://github.com/apache/incubator-kie-drools,8440dc2d4b95412a05a3c7b9501993e1ace9b496,drools-alphanetwork-compiler,nondex,org.drools.ancompiler.LargeAlphaNetworkTest#testLargeCompiledAlphaNetwork,org.drools.ancompiler.LargeAlphaNetworkTest#testLargeCompiledAlphaNetwork,FAILED,,,,,,,BASELINE_FAILED,9.35,
incubator-kie-drools,https://github.com/apache/incubator-kie-drools,8440dc2d4b95412a05a3c7b9501993e1ace9b496,drools-alphanetwork-compiler,nondex,org.drools.ancompiler.MultipleIndexableConstraintsTest#testMultipleIndexedConstraintTest,org.drools.ancompiler.MultipleIndexableConstraintsTest#testMultipleIndexedConstraintTest,FAILED,,,,,,,BASELINE_FAILED,9.65,
jackson-annotations,https://github.com/FasterXML/jackson-annotations,381d6abcefd0e5fd19529f244173313b7f91954f,.,nondex,com.fasterxml.jackson.annotation.JsonIncludePropertiesTest#testFromAnnotation,com.fasterxml.jackson.annotation.JsonIncludePropertiesTest#testFromAnnotation,SUCCESS,SUCCESS,SUCCESS,SUCCESS,SUCCESS,FAILED,,BARRIERPOINTSEARCH_FAILED,47.72,/home/a360/research/flaky-test-detection-results/FlakeSyncResults/artifacts/jackson-annotations/com.fasterxml.jackson.annotation.JsonIncludePropertiesTest_testFromAnnotation
java-classmate,https://github.com/FasterXML/java-classmate,912adde71f67719c7b1ed7df3c7ba28e8ba97876,.,nondex,com.fasterxml.classmate.members.GhostTypeParameterInFieldTest#testGhostTypeParameterWithClass,com.fasterxml.classmate.members.GhostTypeParameterInFieldTest#testGhostTypeParameterWithClass,SUCCESS,SUCCESS,SUCCESS,SUCCESS,SUCCESS,FAILED,,BARRIERPOINTSEARCH_FAILED,51.89,/home/a360/research/flaky-test-detection-results/FlakeSyncResults/artifacts/java-classmate/com.fasterxml.classmate.members.GhostTypeParameterInFieldTest_testGhostTypeParameterWithClass
java-classmate,https://github.com/FasterXML/java-classmate,912adde71f67719c7b1ed7df3c7ba28e8ba97876,.,nondex,com.fasterxml.classmate.members.GhostTypeParameterInFieldTest#testGhostTypeParameterWithInterface,com.fasterxml.classmate.members.GhostTypeParameterInFieldTest#testGhostTypeParameterWithInterface,SUCCESS,SUCCESS,SUCCESS,SUCCESS,SUCCESS,FAILED,,BARRIERPOINTSEARCH_FAILED,52.99,/home/a360/research/flaky-test-detection-results/FlakeSyncResults/artifacts/java-classmate/com.fasterxml.classmate.members.GhostTypeParameterInFieldTest_testGhostTypeParameterWithInterface
java-sdk-core,https://github.com/IBM/java-sdk-core,1bfa41c6ca27265866abb91d66ea99223668296a,.,nondex,com.ibm.cloud.sdk.core.test.model.DynamicModelSerializationTest#testAddlPropsNull,com.ibm.cloud.sdk.core.test.model.DynamicModelSerializationTest#testAddlPropsNull,SUCCESS,SUCCESS,SUCCESS,SUCCESS,SUCCESS,FAILED,,BARRIERPOINTSEARCH_FAILED,50.93,/home/a360/research/flaky-test-detection-results/FlakeSyncResults/artifacts/java-sdk-core/com.ibm.cloud.sdk.core.test.model.DynamicModelSerializationTest_testAddlPropsNull
java-sdk-core,https://github.com/IBM/java-sdk-core,1bfa41c6ca27265866abb91d66ea99223668296a,.,nondex,com.ibm.cloud.sdk.core.test.model.DynamicModelSerializationTest#testAlternatePropertyNames,com.ibm.cloud.sdk.core.test.model.DynamicModelSerializationTest#testAlternatePropertyNames,SUCCESS,SUCCESS,SUCCESS,SUCCESS,SUCCESS,FAILED,,BARRIERPOINTSEARCH_FAILED,50.45,/home/a360/research/flaky-test-detection-results/FlakeSyncResults/artifacts/java-sdk-core/com.ibm.cloud.sdk.core.test.model.DynamicModelSerializationTest_testAlternatePropertyNames
java-sdk-core,https://github.com/IBM/java-sdk-core,1bfa41c6ca27265866abb91d66ea99223668296a,.,nondex,com.ibm.cloud.sdk.core.test.model.DynamicModelSerializationTest#testDynamicModelMethods,com.ibm.cloud.sdk.core.test.model.DynamicModelSerializationTest#testDynamicModelMethods,SUCCESS,SUCCESS,SUCCESS,SUCCESS,SUCCESS,FAILED,,BARRIERPOINTSEARCH_FAILED,51.24,/home/a360/research/flaky-test-detection-results/FlakeSyncResults/artifacts/java-sdk-core/com.ibm.cloud.sdk.core.test.model.DynamicModelSerializationTest_testDynamicModelMethods
java-sdk-core,https://github.com/IBM/java-sdk-core,1bfa41c6ca27265866abb91d66ea99223668296a,.,nondex,com.ibm.cloud.sdk.core.test.model.DynamicModelSerializationTest#testModelAPFoo,com.ibm.cloud.sdk.core.test.model.DynamicModelSerializationTest#testModelAPFoo,SUCCESS,SUCCESS,SUCCESS,SUCCESS,SUCCESS,FAILED,,BARRIERPOINTSEARCH_FAILED,51.44,/home/a360/research/flaky-test-detection-results/FlakeSyncResults/artifacts/java-sdk-core/com.ibm.cloud.sdk.core.test.model.DynamicModelSerializationTest_testModelAPFoo
java-sdk-core,https://github.com/IBM/java-sdk-core,1bfa41c6ca27265866abb91d66ea99223668296a,.,nondex,com.ibm.cloud.sdk.core.test.model.DynamicModelSerializationTest#testModelAPFooNullTypeToken,com.ibm.cloud.sdk.core.test.model.DynamicModelSerializationTest#testModelAPFooNullTypeToken,SUCCESS,SUCCESS,SUCCESS,SUCCESS,SUCCESS,FAILED,,BARRIERPOINTSEARCH_FAILED,50.54,/home/a360/research/flaky-test-detection-results/FlakeSyncResults/artifacts/java-sdk-core/com.ibm.cloud.sdk.core.test.model.DynamicModelSerializationTest_testModelAPFooNullTypeToken
java-sdk-core,https://github.com/IBM/java-sdk-core,1bfa41c6ca27265866abb91d66ea99223668296a,.,nondex,com.ibm.cloud.sdk.core.test.model.DynamicModelSerializationTest#testModelAPInteger,com.ibm.cloud.sdk.core.test.model.DynamicModelSerializationTest#testModelAPInteger,SUCCESS,SUCCESS,SUCCESS,SUCCESS,SUCCESS,FAILED,,BARRIERPOINTSEARCH_FAILED,50.69,/home/a360/research/flaky-test-detection-results/FlakeSyncResults/artifacts/java-sdk-core/com.ibm.cloud.sdk.core.test.model.DynamicModelSerializationTest_testModelAPInteger
java-sdk-core,https://github.com/IBM/java-sdk-core,1bfa41c6ca27265866abb91d66ea99223668296a,.,nondex,com.ibm.cloud.sdk.core.test.model.DynamicModelSerializationTest#testModelAPObject,com.ibm.cloud.sdk.core.test.model.DynamicModelSerializationTest#testModelAPObject,SUCCESS,SUCCESS,SUCCESS,SUCCESS,SUCCESS,FAILED,,BARRIERPOINTSEARCH_FAILED,51.24,/home/a360/research/flaky-test-detection-results/FlakeSyncResults/artifacts/java-sdk-core/com.ibm.cloud.sdk.core.test.model.DynamicModelSerializationTest_testModelAPObject
java-sdk-core,https://github.com/IBM/java-sdk-core,1bfa41c6ca27265866abb91d66ea99223668296a,.,nondex,com.ibm.cloud.sdk.core.test.model.DynamicModelSerializationTest#testModelAPProtectedCtor,com.ibm.cloud.sdk.core.test.model.DynamicModelSerializationTest#testModelAPProtectedCtor,SUCCESS,SUCCESS,SUCCESS,SUCCESS,SUCCESS,FAILED,,BARRIERPOINTSEARCH_FAILED,51.19,/home/a360/research/flaky-test-detection-results/FlakeSyncResults/artifacts/java-sdk-core/com.ibm.cloud.sdk.core.test.model.DynamicModelSerializationTest_testModelAPProtectedCtor
java-sdk-core,https://github.com/IBM/java-sdk-core,1bfa41c6ca27265866abb91d66ea99223668296a,.,nondex,com.ibm.cloud.sdk.core.test.model.DynamicModelSerializationTest#testModelAPString,com.ibm.cloud.sdk.core.test.model.DynamicModelSerializationTest#testModelAPString,SUCCESS,SUCCESS,SUCCESS,SUCCESS,SUCCESS,FAILED,,BARRIERPOINTSEARCH_FAILED,50.59,/home/a360/research/flaky-test-detection-results/FlakeSyncResults/artifacts/java-sdk-core/com.ibm.cloud.sdk.core.test.model.DynamicModelSerializationTest_testModelAPString
java-sdk-core,https://github.com/IBM/java-sdk-core,1bfa41c6ca27265866abb91d66ea99223668296a,.,nondex,com.ibm.cloud.sdk.core.test.model.DynamicModelSerializationTest#testNullValues,com.ibm.cloud.sdk.core.test.model.DynamicModelSerializationTest#testNullValues,SUCCESS,SUCCESS,SUCCESS,SUCCESS,SUCCESS,FAILED,,BARRIERPOINTSEARCH_FAILED,50.03,/home/a360/research/flaky-test-detection-results/FlakeSyncResults/artifacts/java-sdk-core/com.ibm.cloud.sdk.core.test.model.DynamicModelSerializationTest_testNullValues
java-sdk-core,https://github.com/IBM/java-sdk-core,1bfa41c6ca27265866abb91d66ea99223668296a,.,nondex,com.ibm.cloud.sdk.core.test.service.RequestBuilderTest#testBodyContent1,com.ibm.cloud.sdk.core.test.service.RequestBuilderTest#testBodyContent1,SUCCESS,SUCCESS,SUCCESS,SUCCESS,SUCCESS,FAILED,,BARRIERPOINTSEARCH_FAILED,52.36,/home/a360/research/flaky-test-detection-results/FlakeSyncResults/artifacts/java-sdk-core/com.ibm.cloud.sdk.core.test.service.RequestBuilderTest_testBodyContent1
java-sdk-core,https://github.com/IBM/java-sdk-core,1bfa41c6ca27265866abb91d66ea99223668296a,.,nondex,com.ibm.cloud.sdk.core.test.service.RequestBuilderTest#testBodyContent3,com.ibm.cloud.sdk.core.test.service.RequestBuilderTest#testBodyContent3,SUCCESS,SUCCESS,SUCCESS,SUCCESS,SUCCESS,FAILED,,BARRIERPOINTSEARCH_FAILED,53.75,/home/a360/research/flaky-test-detection-results/FlakeSyncResults/artifacts/java-sdk-core/com.ibm.cloud.sdk.core.test.service.RequestBuilderTest_testBodyContent3
java-sdk-core,https://github.com/IBM/java-sdk-core,1bfa41c6ca27265866abb91d66ea99223668296a,.,nondex,com.ibm.cloud.sdk.core.test.service.RequestBuilderTest#testBodyContentList,com.ibm.cloud.sdk.core.test.service.RequestBuilderTest#testBodyContentList,SUCCESS,SUCCESS,SUCCESS,SUCCESS,SUCCESS,FAILED,,BARRIERPOINTSEARCH_FAILED,53.21,/home/a360/research/flaky-test-detection-results/FlakeSyncResults/artifacts/java-sdk-core/com.ibm.cloud.sdk.core.test.service.RequestBuilderTest_testBodyContentList
java-sdk-core,https://github.com/IBM/java-sdk-core,1bfa41c6ca27265866abb91d66ea99223668296a,.,nondex,com.ibm.cloud.sdk.core.util.RequestUtilsTest#testOmitWithNulls,com.ibm.cloud.sdk.core.util.RequestUtilsTest#testOmitWithNulls,SUCCESS,SUCCESS,SUCCESS,SUCCESS,SUCCESS,FAILED,,BARRIERPOINTSEARCH_FAILED,49.13,/home/a360/research/flaky-test-detection-results/FlakeSyncResults/artifacts/java-sdk-core/com.ibm.cloud.sdk.core.util.RequestUtilsTest_testOmitWithNulls
java-sdk-core,https://github.com/IBM/java-sdk-core,1bfa41c6ca27265866abb91d66ea99223668296a,.,nondex,com.ibm.cloud.sdk.core.util.RequestUtilsTest#testPickWithNulls,com.ibm.cloud.sdk.core.util.RequestUtilsTest#testPickWithNulls,SUCCESS,SUCCESS,SUCCESS,SUCCESS,SUCCESS,FAILED,,BARRIERPOINTSEARCH_FAILED,49.33,/home/a360/research/flaky-test-detection-results/FlakeSyncResults/artifacts/java-sdk-core/com.ibm.cloud.sdk.core.util.RequestUtilsTest_testPickWithNulls
java-util,https://github.com/jdereg/java-util,245458a912e04bf85116b10f240e7b4be217cd4f,.,nondex,com.cedarsoftware.util.TestGraphComparator#testNewArrayElement,com.cedarsoftware.util.TestGraphComparator#testNewArrayElement,SUCCESS,SUCCESS,SUCCESS,SUCCESS,SUCCESS,FAILED,,BARRIERPOINTSEARCH_FAILED,46.96,/home/a360/research/flaky-test-detection-results/FlakeSyncResults/artifacts/java-util/com.cedarsoftware.util.TestGraphComparator_testNewArrayElement
jbpm,https://github.com/kiegroup/jbpm,f7e80e82b7670c09485ce83869a287ef51dcb59c,jbpm-case-mgmt/jbpm-case-mgmt-impl,nondex,org.jbpm.casemgmt.impl.AdHocConditionsTest#testEnrichmentFlowNotValidDirectlyApproved,org.jbpm.casemgmt.impl.AdHocConditionsTest#testEnrichmentFlowNotValidDirectlyApproved,FAILED,,,,,,,BASELINE_FAILED,53.91,
jbpm,https://github.com/kiegroup/jbpm,f7e80e82b7670c09485ce83869a287ef51dcb59c,jbpm-case-mgmt/jbpm-case-mgmt-impl,nondex,org.jbpm.casemgmt.impl.AdHocConditionsTest#testEnrichmentFlowNotValidDirectlyRejected,org.jbpm.casemgmt.impl.AdHocConditionsTest#testEnrichmentFlowNotValidDirectlyRejected,FAILED,,,,,,,BASELINE_FAILED,17.09,
jbpm,https://github.com/kiegroup/jbpm,f7e80e82b7670c09485ce83869a287ef51dcb59c,jbpm-case-mgmt/jbpm-case-mgmt-impl,nondex,org.jbpm.casemgmt.impl.AdHocConditionsTest#testEnrichmentFlowNotValidManuallyApproved,org.jbpm.casemgmt.impl.AdHocConditionsTest#testEnrichmentFlowNotValidManuallyApproved,FAILED,,,,,,,BASELINE_FAILED,16.83,
jbpm,https://github.com/kiegroup/jbpm,f7e80e82b7670c09485ce83869a287ef51dcb59c,jbpm-case-mgmt/jbpm-case-mgmt-impl,nondex,org.jbpm.casemgmt.impl.AdHocConditionsTest#testEnrichmentFlowNotValidManuallyRejected,org.jbpm.casemgmt.impl.AdHocConditionsTest#testEnrichmentFlowNotValidManuallyRejected,FAILED,,,,,,,BASELINE_FAILED,16.43,
jbpm,https://github.com/kiegroup/jbpm,f7e80e82b7670c09485ce83869a287ef51dcb59c,jbpm-case-mgmt/jbpm-case-mgmt-impl,nondex,org.jbpm.casemgmt.impl.AdvanceCaseRuntimeDataServiceImplTest#queryCaseByVariablesAndTask,org.jbpm.casemgmt.impl.AdvanceCaseRuntimeDataServiceImplTest#queryCaseByVariablesAndTask,FAILED,,,,,,,BASELINE_FAILED,16.98,
jbpm,https://github.com/kiegroup/jbpm,f7e80e82b7670c09485ce83869a287ef51dcb59c,jbpm-case-mgmt/jbpm-case-mgmt-impl,nondex,org.jbpm.casemgmt.impl.AdvanceCaseRuntimeDataServiceImplTest#testQueryCaseByVariablesAndTaskByPotOwnersDefaultALL,org.jbpm.casemgmt.impl.AdvanceCaseRuntimeDataServiceImplTest#testQueryCaseByVariablesAndTaskByPotOwnersDefaultALL,FAILED,,,,,,,BASELINE_FAILED,16.53,
jbpm,https://github.com/kiegroup/jbpm,f7e80e82b7670c09485ce83869a287ef51dcb59c,jbpm-case-mgmt/jbpm-case-mgmt-impl,nondex,org.jbpm.casemgmt.impl.AdvanceCaseRuntimeDataServiceImplTest#testQueryCaseByVariablesAndTaskByPotOwnersDefaultANY,org.jbpm.casemgmt.impl.AdvanceCaseRuntimeDataServiceImplTest#testQueryCaseByVariablesAndTaskByPotOwnersDefaultANY,FAILED,,,,,,,BASELINE_FAILED,16.73,
jbpm,https://github.com/kiegroup/jbpm,f7e80e82b7670c09485ce83869a287ef51dcb59c,jbpm-case-mgmt/jbpm-case-mgmt-impl,nondex,org.jbpm.casemgmt.impl.AdvanceCaseRuntimeDataServiceImplTest#testQueryUserTasksByVariablesByPotOwnersANY,org.jbpm.casemgmt.impl.AdvanceCaseRuntimeDataServiceImplTest#testQueryUserTasksByVariablesByPotOwnersANY,FAILED,,,,,,,BASELINE_FAILED,16.48,
jbpm,https://github.com/kiegroup/jbpm,f7e80e82b7670c09485ce83869a287ef51dcb59c,jbpm-case-mgmt/jbpm-case-mgmt-impl,nondex,org.jbpm.casemgmt.impl.AdvanceCaseRuntimeDataServiceImplTest#testQueryUserTasksByVariablesByPotOwnersDefaultALL,org.jbpm.casemgmt.impl.AdvanceCaseRuntimeDataServiceImplTest#testQueryUserTasksByVariablesByPotOwnersDefaultALL,FAILED,,,,,,,BASELINE_FAILED,16.53,
jbpm,https://github.com/kiegroup/jbpm,f7e80e82b7670c09485ce83869a287ef51dcb59c,jbpm-case-mgmt/jbpm-case-mgmt-impl,nondex,org.jbpm.casemgmt.impl.AdvanceCaseRuntimeDataServiceImplTest#testSearchByVariable,org.jbpm.casemgmt.impl.AdvanceCaseRuntimeDataServiceImplTest#testSearchByVariable,FAILED,,,,,,,BASELINE_FAILED,16.48,
jbpm,https://github.com/kiegroup/jbpm,f7e80e82b7670c09485ce83869a287ef51dcb59c,jbpm-case-mgmt/jbpm-case-mgmt-impl,nondex,org.jbpm.casemgmt.impl.AdvanceCaseRuntimeDataServiceImplTest#testSearchUserByVariable,org.jbpm.casemgmt.impl.AdvanceCaseRuntimeDataServiceImplTest#testSearchUserByVariable,FAILED,,,,,,,BASELINE_FAILED,16.38,
jbpm,https://github.com/kiegroup/jbpm,f7e80e82b7670c09485ce83869a287ef51dcb59c,jbpm-case-mgmt/jbpm-case-mgmt-impl,nondex,org.jbpm.casemgmt.impl.CMMNCaseTest#testAchieveMilestoneAfterReopen,org.jbpm.casemgmt.impl.CMMNCaseTest#testAchieveMilestoneAfterReopen,FAILED,,,,,,,BASELINE_FAILED,16.48,
jbpm,https://github.com/kiegroup/jbpm,f7e80e82b7670c09485ce83869a287ef51dcb59c,jbpm-case-mgmt/jbpm-case-mgmt-impl,nondex,org.jbpm.casemgmt.impl.CMMNCaseTest#testAchieveMilestoneBeforeReopen,org.jbpm.casemgmt.impl.CMMNCaseTest#testAchieveMilestoneBeforeReopen,FAILED,,,,,,,BASELINE_FAILED,16.48,
jbpm,https://github.com/kiegroup/jbpm,f7e80e82b7670c09485ce83869a287ef51dcb59c,jbpm-case-mgmt/jbpm-case-mgmt-impl,nondex,org.jbpm.casemgmt.impl.CMMNCaseTest#testStartDMNDecisionTaskCase,org.jbpm.casemgmt.impl.CMMNCaseTest#testStartDMNDecisionTaskCase,FAILED,,,,,,,BASELINE_FAILED,16.63,
jbpm,https://github.com/kiegroup/jbpm,f7e80e82b7670c09485ce83869a287ef51dcb59c,jbpm-case-mgmt/jbpm-case-mgmt-impl,nondex,org.jbpm.casemgmt.impl.CMMNCaseTest#testStartDMNDecisionTaskCaseApprovalRequired,org.jbpm.casemgmt.impl.CMMNCaseTest#testStartDMNDecisionTaskCaseApprovalRequired,FAILED,,,,,,,BASELINE_FAILED,16.53,
jbpm,https://github.com/kiegroup/jbpm,f7e80e82b7670c09485ce83869a287ef51dcb59c,jbpm-case-mgmt/jbpm-case-mgmt-impl,nondex,org.jbpm.casemgmt.impl.CMMNCaseTest#testStartDMNDecisionTaskCaseNoApprovalRequired,org.jbpm.casemgmt.impl.CMMNCaseTest#testStartDMNDecisionTaskCaseNoApprovalRequired,FAILED,,,,,,,BASELINE_FAILED,16.58,
jbpm,https://github.com/kiegroup/jbpm,f7e80e82b7670c09485ce83869a287ef51dcb59c,jbpm-case-mgmt/jbpm-case-mgmt-impl,nondex,org.jbpm.casemgmt.impl.CMMNCaseTest#testStartDataMappingHumanTaskCase,org.jbpm.casemgmt.impl.CMMNCaseTest#testStartDataMappingHumanTaskCase,FAILED,,,,,,,BASELINE_FAILED,16.58,
jbpm,https://github.com/kiegroup/jbpm,f7e80e82b7670c09485ce83869a287ef51dcb59c,jbpm-case-mgmt/jbpm-case-mgmt-impl,nondex,org.jbpm.casemgmt.impl.CMMNCaseTest#testStartHumanTaskByCompletingAnotherOneCase,org.jbpm.casemgmt.impl.CMMNCaseTest#testStartHumanTaskByCompletingAnotherOneCase,FAILED,,,,,,,BASELINE_FAILED,16.74,
jbpm,https://github.com/kiegroup/jbpm,f7e80e82b7670c09485ce83869a287ef51dcb59c,jbpm-case-mgmt/jbpm-case-mgmt-impl,nondex,org.jbpm.casemgmt.impl.CMMNCaseTest#testStartHumanTaskRuleSentryCase,org.jbpm.casemgmt.impl.CMMNCaseTest#testStartHumanTaskRuleSentryCase,FAILED,,,,,,,BASELINE_FAILED,16.48,
jbpm,https://github.com/kiegroup/jbpm,f7e80e82b7670c09485ce83869a287ef51dcb59c,jbpm-case-mgmt/jbpm-case-mgmt-impl,nondex,org.jbpm.casemgmt.impl.CMMNCaseTest#testStartMilestoneAndHumanTaskCase,org.jbpm.casemgmt.impl.CMMNCaseTest#testStartMilestoneAndHumanTaskCase,FAILED,,,,,,,BASELINE_FAILED,16.58,
jbpm,https://github.com/kiegroup/jbpm,f7e80e82b7670c09485ce83869a287ef51dcb59c,jbpm-case-mgmt/jbpm-case-mgmt-impl,nondex,org.jbpm.casemgmt.impl.CMMNCaseTest#testStartStageAndHumanTaskCase,org.jbpm.casemgmt.impl.CMMNCaseTest#testStartStageAndHumanTaskCase,FAILED,,,,,,,BASELINE_FAILED,16.33,
jbpm,https://github.com/kiegroup/jbpm,f7e80e82b7670c09485ce83869a287ef51dcb59c,jbpm-case-mgmt/jbpm-case-mgmt-impl,nondex,org.jbpm.casemgmt.impl.CMMNOrderITHardwareCaseTest#testStartOrderITHardwareCase,org.jbpm.casemgmt.impl.CMMNOrderITHardwareCaseTest#testStartOrderITHardwareCase,FAILED,,,,,,,BASELINE_FAILED,16.58,
jbpm,https://github.com/kiegroup/jbpm,f7e80e82b7670c09485ce83869a287ef51dcb59c,jbpm-case-mgmt/jbpm-case-mgmt-impl,nondex,org.jbpm.casemgmt.impl.CMMNOrderITHardwareCaseTest#testStartOrderITHardwareCaseManagerRejected,org.jbpm.casemgmt.impl.CMMNOrderITHardwareCaseTest#testStartOrderITHardwareCaseManagerRejected,FAILED,,,,,,,BASELINE_FAILED,16.58,
jbpm,https://github.com/kiegroup/jbpm,f7e80e82b7670c09485ce83869a287ef51dcb59c,jbpm-case-mgmt/jbpm-case-mgmt-impl,nondex,org.jbpm.casemgmt.impl.CarInsuranceClaimCaseTest#testCarInsuranceClaimCase,org.jbpm.casemgmt.impl.CarInsuranceClaimCaseTest#testCarInsuranceClaimCase,FAILED,,,,,,,BASELINE_FAILED,16.53,
jbpm,https://github.com/kiegroup/jbpm,f7e80e82b7670c09485ce83869a287ef51dcb59c,jbpm-case-mgmt/jbpm-case-mgmt-impl,nondex,org.jbpm.casemgmt.impl.CarInsuranceClaimCaseTest#testCarInsuranceClaimCaseCloseCaseFromAsyncCommand,org.jbpm.casemgmt.impl.CarInsuranceClaimCaseTest#testCarInsuranceClaimCaseCloseCaseFromAsyncCommand,FAILED,,,,,,,BASELINE_FAILED,16.53,
jbpm,https://github.com/kiegroup/jbpm,f7e80e82b7670c09485ce83869a287ef51dcb59c,jbpm-case-mgmt/jbpm-case-mgmt-impl,nondex,org.jbpm.casemgmt.impl.CarInsuranceClaimCaseTest#testCarInsuranceClaimCaseCloseCaseFromRules,org.jbpm.casemgmt.impl.CarInsuranceClaimCaseTest#testCarInsuranceClaimCaseCloseCaseFromRules,FAILED,,,,,,,BASELINE_FAILED,15.92,
jbpm,https://github.com/kiegroup/jbpm,f7e80e82b7670c09485ce83869a287ef51dcb59c,jbpm-case-mgmt/jbpm-case-mgmt-impl,nondex,org.jbpm.casemgmt.impl.CarInsuranceClaimCaseTest#testCarInsuranceClaimCaseCloseCaseFromRulesViaBusinessTask,org.jbpm.casemgmt.impl.CarInsuranceClaimCaseTest#testCarInsuranceClaimCaseCloseCaseFromRulesViaBusinessTask,FAILED,,,,,,,BASELINE_FAILED,16.54,
jbpm,https://github.com/kiegroup/jbpm,f7e80e82b7670c09485ce83869a287ef51dcb59c,jbpm-case-mgmt/jbpm-case-mgmt-impl,nondex,org.jbpm.casemgmt.impl.CarInsuranceClaimCaseTest#testCarInsuranceClaimCaseCloseCaseFromRulesViaProcess,org.jbpm.casemgmt.impl.CarInsuranceClaimCaseTest#testCarInsuranceClaimCaseCloseCaseFromRulesViaProcess,FAILED,,,,,,,BASELINE_FAILED,16.78,
jbpm,https://github.com/kiegroup/jbpm,f7e80e82b7670c09485ce83869a287ef51dcb59c,jbpm-case-mgmt/jbpm-case-mgmt-impl,nondex,org.jbpm.casemgmt.impl.CarInsuranceClaimCaseTest#testCarInsuranceClaimCaseWithAssessorInvolved,org.jbpm.casemgmt.impl.CarInsuranceClaimCaseTest#testCarInsuranceClaimCaseWithAssessorInvolved,FAILED,,,,,,,BASELINE_FAILED,16.53,
jbpm,https://github.com/kiegroup/jbpm,f7e80e82b7670c09485ce83869a287ef51dcb59c,jbpm-case-mgmt/jbpm-case-mgmt-impl,nondex,org.jbpm.casemgmt.impl.CarInsuranceClaimCaseTest#testCarInsuranceClaimCaseWithContactByInsured,org.jbpm.casemgmt.impl.CarInsuranceClaimCaseTest#testCarInsuranceClaimCaseWithContactByInsured,FAILED,,,,,,,BASELINE_FAILED,16.48,
jbpm,https://github.com/kiegroup/jbpm,f7e80e82b7670c09485ce83869a287ef51dcb59c,jbpm-case-mgmt/jbpm-case-mgmt-impl,nondex,org.jbpm.casemgmt.impl.CarInsuranceClaimCaseTest#testCarInsuranceClaimCaseWithExtraTaskFromRules,org.jbpm.casemgmt.impl.CarInsuranceClaimCaseTest#testCarInsuranceClaimCaseWithExtraTaskFromRules,FAILED,,,,,,,BASELINE_FAILED,16.63,
jbpm,https://github.com/kiegroup/jbpm,f7e80e82b7670c09485ce83869a287ef51dcb59c,jbpm-case-mgmt/jbpm-case-mgmt-impl,nondex,org.jbpm.casemgmt.impl.CarInsuranceClaimCaseTest#testCarInsuranceClaimCaseWithNegotiations,org.jbpm.casemgmt.impl.CarInsuranceClaimCaseTest#testCarInsuranceClaimCaseWithNegotiations,FAILED,,,,,,,BASELINE_FAILED,16.24,
jbpm,https://github.com/kiegroup/jbpm,f7e80e82b7670c09485ce83869a287ef51dcb59c,jbpm-case-mgmt/jbpm-case-mgmt-impl,nondex,org.jbpm.casemgmt.impl.CarInsuranceClaimCaseTest#testCarInsuranceClaimCaseWithPoliceReport,org.jbpm.casemgmt.impl.CarInsuranceClaimCaseTest#testCarInsuranceClaimCaseWithPoliceReport,FAILED,,,,,,,BASELINE_FAILED,16.68,
jbpm,https://github.com/kiegroup/jbpm,f7e80e82b7670c09485ce83869a287ef51dcb59c,jbpm-case-mgmt/jbpm-case-mgmt-impl,nondex,org.jbpm.casemgmt.impl.CaseAssignmentServiceImplTest#testProperRoleAssigned,org.jbpm.casemgmt.impl.CaseAssignmentServiceImplTest#testProperRoleAssigned,FAILED,,,,,,,BASELINE_FAILED,16.98,
jbpm,https://github.com/kiegroup/jbpm,f7e80e82b7670c09485ce83869a287ef51dcb59c,jbpm-case-mgmt/jbpm-case-mgmt-impl,nondex,org.jbpm.casemgmt.impl.CaseAssignmentServiceImplTest#testProperRoleAssignedAutoStart,org.jbpm.casemgmt.impl.CaseAssignmentServiceImplTest#testProperRoleAssignedAutoStart,FAILED,,,,,,,BASELINE_FAILED,17.28,
jbpm,https://github.com/kiegroup/jbpm,f7e80e82b7670c09485ce83869a287ef51dcb59c,jbpm-case-mgmt/jbpm-case-mgmt-impl,nondex,org.jbpm.casemgmt.impl.CaseAssignmentServiceImplTest#testRoleAssignedMissingGroupAutoStart,org.jbpm.casemgmt.impl.CaseAssignmentServiceImplTest#testRoleAssignedMissingGroupAutoStart,FAILED,,,,,,,BASELINE_FAILED,17.18,
jbpm,https://github.com/kiegroup/jbpm,f7e80e82b7670c09485ce83869a287ef51dcb59c,jbpm-case-mgmt/jbpm-case-mgmt-impl,nondex,org.jbpm.casemgmt.impl.CaseAssignmentServiceImplTest#testRoleAssignedMissingRole,org.jbpm.casemgmt.impl.CaseAssignmentServiceImplTest#testRoleAssignedMissingRole,FAILED,,,,,,,BASELINE_FAILED,16.38,
jbpm,https://github.com/kiegroup/jbpm,f7e80e82b7670c09485ce83869a287ef51dcb59c,jbpm-case-mgmt/jbpm-case-mgmt-impl,nondex,org.jbpm.casemgmt.impl.CaseAssignmentServiceImplTest#testRoleAssignedMissingUser,org.jbpm.casemgmt.impl.CaseAssignmentServiceImplTest#testRoleAssignedMissingUser,FAILED,,,,,,,BASELINE_FAILED,16.43,
jbpm,https://github.com/kiegroup/jbpm,f7e80e82b7670c09485ce83869a287ef51dcb59c,jbpm-case-mgmt/jbpm-case-mgmt-impl,nondex,org.jbpm.casemgmt.impl.CaseAssignmentServiceImplTest#testRoleAssignedMissingUserAutoStart,org.jbpm.casemgmt.impl.CaseAssignmentServiceImplTest#testRoleAssignedMissingUserAutoStart,FAILED,,,,,,,BASELINE_FAILED,16.63,
jbpm,https://github.com/kiegroup/jbpm,f7e80e82b7670c09485ce83869a287ef51dcb59c,jbpm-case-mgmt/jbpm-case-mgmt-impl,nondex,org.jbpm.casemgmt.impl.CaseCommentNotificationTest#testCommentsNotificationWithTemplate,org.jbpm.casemgmt.impl.CaseCommentNotificationTest#testCommentsNotificationWithTemplate,FAILED,,,,,,,BASELINE_FAILED,16.33,
jbpm,https://github.com/kiegroup/jbpm,f7e80e82b7670c09485ce83869a287ef51dcb59c,jbpm-case-mgmt/jbpm-case-mgmt-impl,nondex,org.jbpm.casemgmt.impl.CaseCommentNotificationTest#testCommentsNotificationWithoutTemplate,org.jbpm.casemgmt.impl.CaseCommentNotificationTest#testCommentsNotificationWithoutTemplate,FAILED,,,,,,,BASELINE_FAILED,16.53,
jbpm,https://github.com/kiegroup/jbpm,f7e80e82b7670c09485ce83869a287ef51dcb59c,jbpm-case-mgmt/jbpm-case-mgmt-impl,nondex,org.jbpm.casemgmt.impl.CaseDynamicNodesTest#testAddDynamicSubprocessToCaseByProcessInstanceId,org.jbpm.casemgmt.impl.CaseDynamicNodesTest#testAddDynamicSubprocessToCaseByProcessInstanceId,FAILED,,,,,,,BASELINE_FAILED,16.98,
jbpm,https://github.com/kiegroup/jbpm,f7e80e82b7670c09485ce83869a287ef51dcb59c,jbpm-case-mgmt/jbpm-case-mgmt-impl,nondex,org.jbpm.casemgmt.impl.CaseDynamicNodesTest#testAddDynamicSubprocessToNotActiveStage,org.jbpm.casemgmt.impl.CaseDynamicNodesTest#testAddDynamicSubprocessToNotActiveStage,FAILED,,,,,,,BASELINE_FAILED,16.73,
jbpm,https://github.com/kiegroup/jbpm,f7e80e82b7670c09485ce83869a287ef51dcb59c,jbpm-case-mgmt/jbpm-case-mgmt-impl,nondex,org.jbpm.casemgmt.impl.CaseDynamicNodesTest#testAddDynamicSubprocessToNotExistingCase,org.jbpm.casemgmt.impl.CaseDynamicNodesTest#testAddDynamicSubprocessToNotExistingCase,FAILED,,,,,,,BASELINE_FAILED,16.68,
jbpm,https://github.com/kiegroup/jbpm,f7e80e82b7670c09485ce83869a287ef51dcb59c,jbpm-case-mgmt/jbpm-case-mgmt-impl,nondex,org.jbpm.casemgmt.impl.CaseDynamicNodesTest#testAddDynamicSubprocessToNotExistingCaseByProcessInstanceId,org.jbpm.casemgmt.impl.CaseDynamicNodesTest#testAddDynamicSubprocessToNotExistingCaseByProcessInstanceId,FAILED,,,,,,,BASELINE_FAILED,16.53,
jbpm,https://github.com/kiegroup/jbpm,f7e80e82b7670c09485ce83869a287ef51dcb59c,jbpm-case-mgmt/jbpm-case-mgmt-impl,nondex,org.jbpm.casemgmt.impl.CaseDynamicNodesTest#testAddDynamicSubprocessToNotExistingStage,org.jbpm.casemgmt.impl.CaseDynamicNodesTest#testAddDynamicSubprocessToNotExistingStage,FAILED,,,,,,,BASELINE_FAILED,16.53,
jbpm,https://github.com/kiegroup/jbpm,f7e80e82b7670c09485ce83869a287ef51dcb59c,jbpm-case-mgmt/jbpm-case-mgmt-impl,nondex,org.jbpm.casemgmt.impl.CaseDynamicNodesTest#testAddDynamicSubprocessToNotExistingStageByProcessInstanceId,org.jbpm.casemgmt.impl.CaseDynamicNodesTest#testAddDynamicSubprocessToNotExistingStageByProcessInstanceId,FAILED,,,,,,,BASELINE_FAILED,16.38,
jbpm,https://github.com/kiegroup/jbpm,f7e80e82b7670c09485ce83869a287ef51dcb59c,jbpm-case-mgmt/jbpm-case-mgmt-impl,nondex,org.jbpm.casemgmt.impl.CaseDynamicNodesTest#testAddDynamicSubprocessToStageByProcessInstanceId,org.jbpm.casemgmt.impl.CaseDynamicNodesTest#testAddDynamicSubprocessToStageByProcessInstanceId,FAILED,,,,,,,BASELINE_FAILED,16.33,
jbpm,https://github.com/kiegroup/jbpm,f7e80e82b7670c09485ce83869a287ef51dcb59c,jbpm-case-mgmt/jbpm-case-mgmt-impl,nondex,org.jbpm.casemgmt.impl.CaseDynamicNodesTest#testAddDynamicSubprocessToStageNotExistingCase,org.jbpm.casemgmt.impl.CaseDynamicNodesTest#testAddDynamicSubprocessToStageNotExistingCase,FAILED,,,,,,,BASELINE_FAILED,16.98,
jbpm,https://github.com/kiegroup/jbpm,f7e80e82b7670c09485ce83869a287ef51dcb59c,jbpm-case-mgmt/jbpm-case-mgmt-impl,nondex,org.jbpm.casemgmt.impl.CaseDynamicNodesTest#testAddDynamicSubprocessToStageNotExistingCaseByProcessInstanceId,org.jbpm.casemgmt.impl.CaseDynamicNodesTest#testAddDynamicSubprocessToStageNotExistingCaseByProcessInstanceId,FAILED,,,,,,,BASELINE_FAILED,16.58,
jbpm,https://github.com/kiegroup/jbpm,f7e80e82b7670c09485ce83869a287ef51dcb59c,jbpm-case-mgmt/jbpm-case-mgmt-impl,nondex,org.jbpm.casemgmt.impl.CaseDynamicNodesTest#testAddDynamicSubprocessToStageWithNotExistingProcessId,org.jbpm.casemgmt.impl.CaseDynamicNodesTest#testAddDynamicSubprocessToStageWithNotExistingProcessId,FAILED,,,,,,,BASELINE_FAILED,16.58,
jbpm,https://github.com/kiegroup/jbpm,f7e80e82b7670c09485ce83869a287ef51dcb59c,jbpm-case-mgmt/jbpm-case-mgmt-impl,nondex,org.jbpm.casemgmt.impl.CaseDynamicNodesTest#testAddDynamicSubprocessWithNotExistingProcessId,org.jbpm.casemgmt.impl.CaseDynamicNodesTest#testAddDynamicSubprocessWithNotExistingProcessId,FAILED,,,,,,,BASELINE_FAILED,16.93,
jbpm,https://github.com/kiegroup/jbpm,f7e80e82b7670c09485ce83869a287ef51dcb59c,jbpm-case-mgmt/jbpm-case-mgmt-impl,nondex,org.jbpm.casemgmt.impl.CaseDynamicNodesTest#testAddDynamicTaskToNotActiveStage,org.jbpm.casemgmt.impl.CaseDynamicNodesTest#testAddDynamicTaskToNotActiveStage,FAILED,,,,,,,BASELINE_FAILED,16.53,
jbpm,https://github.com/kiegroup/jbpm,f7e80e82b7670c09485ce83869a287ef51dcb59c,jbpm-case-mgmt/jbpm-case-mgmt-impl,nondex,org.jbpm.casemgmt.impl.CaseDynamicNodesTest#testAddDynamicTaskToNotExistingCase,org.jbpm.casemgmt.impl.CaseDynamicNodesTest#testAddDynamicTaskToNotExistingCase,FAILED,,,,,,,BASELINE_FAILED,16.48,
jbpm,https://github.com/kiegroup/jbpm,f7e80e82b7670c09485ce83869a287ef51dcb59c,jbpm-case-mgmt/jbpm-case-mgmt-impl,nondex,org.jbpm.casemgmt.impl.CaseDynamicNodesTest#testAddDynamicTaskToNotExistingCaseByProcessInstanceId,org.jbpm.casemgmt.impl.CaseDynamicNodesTest#testAddDynamicTaskToNotExistingCaseByProcessInstanceId,FAILED,,,,,,,BASELINE_FAILED,16.73,
jbpm,https://github.com/kiegroup/jbpm,f7e80e82b7670c09485ce83869a287ef51dcb59c,jbpm-case-mgmt/jbpm-case-mgmt-impl,nondex,org.jbpm.casemgmt.impl.CaseDynamicNodesTest#testAddDynamicTaskToNotExistingStage,org.jbpm.casemgmt.impl.CaseDynamicNodesTest#testAddDynamicTaskToNotExistingStage,FAILED,,,,,,,BASELINE_FAILED,16.22,
jbpm,https://github.com/kiegroup/jbpm,f7e80e82b7670c09485ce83869a287ef51dcb59c,jbpm-case-mgmt/jbpm-case-mgmt-impl,nondex,org.jbpm.casemgmt.impl.CaseDynamicNodesTest#testAddDynamicTaskToNotExistingStageByProcessInstanceId,org.jbpm.casemgmt.impl.CaseDynamicNodesTest#testAddDynamicTaskToNotExistingStageByProcessInstanceId,FAILED,,,,,,,BASELINE_FAILED,16.58,
jbpm,https://github.com/kiegroup/jbpm,f7e80e82b7670c09485ce83869a287ef51dcb59c,jbpm-case-mgmt/jbpm-case-mgmt-impl,nondex,org.jbpm.casemgmt.impl.CaseDynamicNodesTest#testAddDynamicTaskToStageNotExistingCase,org.jbpm.casemgmt.impl.CaseDynamicNodesTest#testAddDynamicTaskToStageNotExistingCase,FAILED,,,,,,,BASELINE_FAILED,16.98,
jbpm,https://github.com/kiegroup/jbpm,f7e80e82b7670c09485ce83869a287ef51dcb59c,jbpm-case-mgmt/jbpm-case-mgmt-impl,nondex,org.jbpm.casemgmt.impl.CaseDynamicNodesTest#testAddDynamicTaskToStageNotExistingCaseByProcessInstanceId,org.jbpm.casemgmt.impl.CaseDynamicNodesTest#testAddDynamicTaskToStageNotExistingCaseByProcessInstanceId,FAILED,,,,,,,BASELINE_FAILED,17.58,
jbpm,https://github.com/kiegroup/jbpm,f7e80e82b7670c09485ce83869a287ef51dcb59c,jbpm-case-mgmt/jbpm-case-mgmt-impl,nondex,org.jbpm.casemgmt.impl.CaseDynamicNodesTest#testAddDynamicUserTaskToEmptyStage,org.jbpm.casemgmt.impl.CaseDynamicNodesTest#testAddDynamicUserTaskToEmptyStage,FAILED,,,,,,,BASELINE_FAILED,18.68,
jbpm,https://github.com/kiegroup/jbpm,f7e80e82b7670c09485ce83869a287ef51dcb59c,jbpm-case-mgmt/jbpm-case-mgmt-impl,nondex,org.jbpm.casemgmt.impl.CaseDynamicNodesTest#testAddMultipleDynamicSubprocessesToCase,org.jbpm.casemgmt.impl.CaseDynamicNodesTest#testAddMultipleDynamicSubprocessesToCase,FAILED,,,,,,,BASELINE_FAILED,19.54,
jbpm,https://github.com/kiegroup/jbpm,f7e80e82b7670c09485ce83869a287ef51dcb59c,jbpm-case-mgmt/jbpm-case-mgmt-impl,nondex,org.jbpm.casemgmt.impl.CaseDynamicNodesTest#testAddMultipleDynamicSubprocessesToStage,org.jbpm.casemgmt.impl.CaseDynamicNodesTest#testAddMultipleDynamicSubprocessesToStage,FAILED,,,,,,,BASELINE_FAILED,13.61,
jbpm,https://github.com/kiegroup/jbpm,f7e80e82b7670c09485ce83869a287ef51dcb59c,jbpm-case-mgmt/jbpm-case-mgmt-impl,nondex,org.jbpm.casemgmt.impl.CaseDynamicNodesTest#testAddMultipleDynamicTasksToStage,org.jbpm.casemgmt.impl.CaseDynamicNodesTest#testAddMultipleDynamicTasksToStage,FAILED,,,,,,,BASELINE_FAILED,15.92,
jbpm,https://github.com/kiegroup/jbpm,f7e80e82b7670c09485ce83869a287ef51dcb59c,jbpm-case-mgmt/jbpm-case-mgmt-impl,nondex,org.jbpm.casemgmt.impl.CaseEventEmittingTest#testCaseCommentEventsEmitting,org.jbpm.casemgmt.impl.CaseEventEmittingTest#testCaseCommentEventsEmitting,FAILED,,,,,,,BASELINE_FAILED,13.51,
jbpm,https://github.com/kiegroup/jbpm,f7e80e82b7670c09485ce83869a287ef51dcb59c,jbpm-case-mgmt/jbpm-case-mgmt-impl,nondex,org.jbpm.casemgmt.impl.CaseIdGeneratorTest#testErrorWhenNoVariableIsSupplied,org.jbpm.casemgmt.impl.CaseIdGeneratorTest#testErrorWhenNoVariableIsSupplied,FAILED,,,,,,,BASELINE_FAILED,14.06,
jbpm,https://github.com/kiegroup/jbpm,f7e80e82b7670c09485ce83869a287ef51dcb59c,jbpm-case-mgmt/jbpm-case-mgmt-impl,nondex,org.jbpm.casemgmt.impl.CaseIdGeneratorTest#testStartEmptyCaseImplicitVariableWithExpression,org.jbpm.casemgmt.impl.CaseIdGeneratorTest#testStartEmptyCaseImplicitVariableWithExpression,FAILED,,,,,,,BASELINE_FAILED,12.16,
jbpm,https://github.com/kiegroup/jbpm,f7e80e82b7670c09485ce83869a287ef51dcb59c,jbpm-case-mgmt/jbpm-case-mgmt-impl,nondex,org.jbpm.casemgmt.impl.CaseIdGeneratorTest#testStartEmptyCaseWithIdCaseExpression,org.jbpm.casemgmt.impl.CaseIdGeneratorTest#testStartEmptyCaseWithIdCaseExpression,FAILED,,,,,,,BASELINE_FAILED,12.05,
jbpm,https://github.com/kiegroup/jbpm,f7e80e82b7670c09485ce83869a287ef51dcb59c,jbpm-case-mgmt/jbpm-case-mgmt-impl,nondex,org.jbpm.casemgmt.impl.CaseIdGeneratorTest#testStartEmptyCaseWithIdCaseExpressionWithOverridingMetadata,org.jbpm.casemgmt.impl.CaseIdGeneratorTest#testStartEmptyCaseWithIdCaseExpressionWithOverridingMetadata,FAILED,,,,,,,BASELINE_FAILED,11.8,
jbpm,https://github.com/kiegroup/jbpm,f7e80e82b7670c09485ce83869a287ef51dcb59c,jbpm-case-mgmt/jbpm-case-mgmt-impl,nondex,org.jbpm.casemgmt.impl.CaseIdGeneratorTest#testStartEmptyCaseWithOverridingSequence,org.jbpm.casemgmt.impl.CaseIdGeneratorTest#testStartEmptyCaseWithOverridingSequence,FAILED,,,,,,,BASELINE_FAILED,12.0,
jbpm,https://github.com/kiegroup/jbpm,f7e80e82b7670c09485ce83869a287ef51dcb59c,jbpm-case-mgmt/jbpm-case-mgmt-impl,nondex,org.jbpm.casemgmt.impl.CaseRuntimeDataServiceDefinitionImplTest#testGetCaseDefinitionById,org.jbpm.casemgmt.impl.CaseRuntimeDataServiceDefinitionImplTest#testGetCaseDefinitionById,FAILED,,,,,,,BASELINE_FAILED,14.56,
jbpm,https://github.com/kiegroup/jbpm,f7e80e82b7670c09485ce83869a287ef51dcb59c,jbpm-case-mgmt/jbpm-case-mgmt-impl,nondex,org.jbpm.casemgmt.impl.CaseRuntimeDataServiceDefinitionImplTest#testGetCaseDefinitionByIdWithBoundaryEvent,org.jbpm.casemgmt.impl.CaseRuntimeDataServiceDefinitionImplTest#testGetCaseDefinitionByIdWithBoundaryEvent,FAILED,,,,,,,BASELINE_FAILED,11.15,
jbpm,https://github.com/kiegroup/jbpm,f7e80e82b7670c09485ce83869a287ef51dcb59c,jbpm-case-mgmt/jbpm-case-mgmt-impl,nondex,org.jbpm.casemgmt.impl.CaseRuntimeDataServiceDefinitionImplTest#testGetCaseDefinitions,org.jbpm.casemgmt.impl.CaseRuntimeDataServiceDefinitionImplTest#testGetCaseDefinitions,FAILED,,,,,,,BASELINE_FAILED,10.95,
jbpm,https://github.com/kiegroup/jbpm,f7e80e82b7670c09485ce83869a287ef51dcb59c,jbpm-case-mgmt/jbpm-case-mgmt-impl,nondex,org.jbpm.casemgmt.impl.CaseRuntimeDataServiceDefinitionImplTest#testGetCaseDefinitionsByDeploymentId,org.jbpm.casemgmt.impl.CaseRuntimeDataServiceDefinitionImplTest#testGetCaseDefinitionsByDeploymentId,FAILED,,,,,,,BASELINE_FAILED,11.3,
jbpm,https://github.com/kiegroup/jbpm,f7e80e82b7670c09485ce83869a287ef51dcb59c,jbpm-case-mgmt/jbpm-case-mgmt-impl,nondex,org.jbpm.casemgmt.impl.CaseRuntimeDataServiceDefinitionImplTest#testGetCaseDefinitionsByDeploymentIdSorted,org.jbpm.casemgmt.impl.CaseRuntimeDataServiceDefinitionImplTest#testGetCaseDefinitionsByDeploymentIdSorted,FAILED,,,,,,,BASELINE_FAILED,17.93,
jbpm,https://github.com/kiegroup/jbpm,f7e80e82b7670c09485ce83869a287ef51dcb59c,jbpm-case-mgmt/jbpm-case-mgmt-impl,nondex,org.jbpm.casemgmt.impl.CaseRuntimeDataServiceDefinitionImplTest#testGetCaseDefinitionsByFilter,org.jbpm.casemgmt.impl.CaseRuntimeDataServiceDefinitionImplTest#testGetCaseDefinitionsByFilter,FAILED,,,,,,,BASELINE_FAILED,17.43,
jbpm,https://github.com/kiegroup/jbpm,f7e80e82b7670c09485ce83869a287ef51dcb59c,jbpm-case-mgmt/jbpm-case-mgmt-impl,nondex,org.jbpm.casemgmt.impl.CaseRuntimeDataServiceDefinitionImplTest#testGetCaseDefinitionsByFilterSorted,org.jbpm.casemgmt.impl.CaseRuntimeDataServiceDefinitionImplTest#testGetCaseDefinitionsByFilterSorted,FAILED,,,,,,,BASELINE_FAILED,11.3,
jbpm,https://github.com/kiegroup/jbpm,f7e80e82b7670c09485ce83869a287ef51dcb59c,jbpm-case-mgmt/jbpm-case-mgmt-impl,nondex,org.jbpm.casemgmt.impl.CaseRuntimeDataServiceDefinitionImplTest#testGetCaseDefinitionsSorted,org.jbpm.casemgmt.impl.CaseRuntimeDataServiceDefinitionImplTest#testGetCaseDefinitionsSorted,FAILED,,,,,,,BASELINE_FAILED,10.95,
jbpm,https://github.com/kiegroup/jbpm,f7e80e82b7670c09485ce83869a287ef51dcb59c,jbpm-case-mgmt/jbpm-case-mgmt-impl,nondex,org.jbpm.casemgmt.impl.CaseRuntimeDataServiceImplTest#testAddSubprocessToEmptyCaseCheckCaseNodes,org.jbpm.casemgmt.impl.CaseRuntimeDataServiceImplTest#testAddSubprocessToEmptyCaseCheckCaseNodes,FAILED,,,,,,,BASELINE_FAILED,11.05,
jbpm,https://github.com/kiegroup/jbpm,f7e80e82b7670c09485ce83869a287ef51dcb59c,jbpm-case-mgmt/jbpm-case-mgmt-impl,nondex,org.jbpm.casemgmt.impl.CaseRuntimeDataServiceImplTest#testCaseStatusCreation,org.jbpm.casemgmt.impl.CaseRuntimeDataServiceImplTest#testCaseStatusCreation,FAILED,,,,,,,BASELINE_FAILED,11.35,
jbpm,https://github.com/kiegroup/jbpm,f7e80e82b7670c09485ce83869a287ef51dcb59c,jbpm-case-mgmt/jbpm-case-mgmt-impl,nondex,org.jbpm.casemgmt.impl.CaseRuntimeDataServiceImplTest#testGetProcessDefinitions,org.jbpm.casemgmt.impl.CaseRuntimeDataServiceImplTest#testGetProcessDefinitions,FAILED,,,,,,,BASELINE_FAILED,11.35,
jbpm,https://github.com/kiegroup/jbpm,f7e80e82b7670c09485ce83869a287ef51dcb59c,jbpm-case-mgmt/jbpm-case-mgmt-impl,nondex,org.jbpm.casemgmt.impl.CaseRuntimeDataServiceImplTest#testGroupTasksInCaseAsBusinessAdmin,org.jbpm.casemgmt.impl.CaseRuntimeDataServiceImplTest#testGroupTasksInCaseAsBusinessAdmin,FAILED,,,,,,,BASELINE_FAILED,11.3,
jbpm,https://github.com/kiegroup/jbpm,f7e80e82b7670c09485ce83869a287ef51dcb59c,jbpm-case-mgmt/jbpm-case-mgmt-impl,nondex,org.jbpm.casemgmt.impl.CaseRuntimeDataServiceImplTest#testGroupTasksInCaseAsPotentialOwners,org.jbpm.casemgmt.impl.CaseRuntimeDataServiceImplTest#testGroupTasksInCaseAsPotentialOwners,FAILED,,,,,,,BASELINE_FAILED,11.25,
jbpm,https://github.com/kiegroup/jbpm,f7e80e82b7670c09485ce83869a287ef51dcb59c,jbpm-case-mgmt/jbpm-case-mgmt-impl,nondex,org.jbpm.casemgmt.impl.CaseRuntimeDataServiceImplTest#testGroupTasksInCaseAsStakeholder,org.jbpm.casemgmt.impl.CaseRuntimeDataServiceImplTest#testGroupTasksInCaseAsStakeholder,FAILED,,,,,,,BASELINE_FAILED,11.4,
jbpm,https://github.com/kiegroup/jbpm,f7e80e82b7670c09485ce83869a287ef51dcb59c,jbpm-case-mgmt/jbpm-case-mgmt-impl,nondex,org.jbpm.casemgmt.impl.CaseRuntimeDataServiceImplTest#testResolveCaseStatuses,org.jbpm.casemgmt.impl.CaseRuntimeDataServiceImplTest#testResolveCaseStatuses,FAILED,,,,,,,BASELINE_FAILED,11.61,
jbpm,https://github.com/kiegroup/jbpm,f7e80e82b7670c09485ce83869a287ef51dcb59c,jbpm-case-mgmt/jbpm-case-mgmt-impl,nondex,org.jbpm.casemgmt.impl.CaseRuntimeDataServiceImplTest#testStartEmptyCaseWithCaseFile,org.jbpm.casemgmt.impl.CaseRuntimeDataServiceImplTest#testStartEmptyCaseWithCaseFile,FAILED,,,,,,,BASELINE_FAILED,11.75,
jbpm,https://github.com/kiegroup/jbpm,f7e80e82b7670c09485ce83869a287ef51dcb59c,jbpm-case-mgmt/jbpm-case-mgmt-impl,nondex,org.jbpm.casemgmt.impl.CaseRuntimeDataServiceImplTest#testTransitionBetweenStagesInCase,org.jbpm.casemgmt.impl.CaseRuntimeDataServiceImplTest#testTransitionBetweenStagesInCase,FAILED,,,,,,,BASELINE_FAILED,11.65,
jbpm,https://github.com/kiegroup/jbpm,f7e80e82b7670c09485ce83869a287ef51dcb59c,jbpm-case-mgmt/jbpm-case-mgmt-impl,nondex,org.jbpm.casemgmt.impl.CaseRuntimeDataServiceImplTest#testTransitionBetweenStagesInCaseWithActiveElements,org.jbpm.casemgmt.impl.CaseRuntimeDataServiceImplTest#testTransitionBetweenStagesInCaseWithActiveElements,FAILED,,,,,,,BASELINE_FAILED,12.3,
jbpm,https://github.com/kiegroup/jbpm,f7e80e82b7670c09485ce83869a287ef51dcb59c,jbpm-case-mgmt/jbpm-case-mgmt-impl,nondex,org.jbpm.casemgmt.impl.CaseRuntimeDataServiceImplTest#testTransitionBetweenStagesWithConditionsInCase,org.jbpm.casemgmt.impl.CaseRuntimeDataServiceImplTest#testTransitionBetweenStagesWithConditionsInCase,FAILED,,,,,,,BASELINE_FAILED,11.7,
jbpm,https://github.com/kiegroup/jbpm,f7e80e82b7670c09485ce83869a287ef51dcb59c,jbpm-case-mgmt/jbpm-case-mgmt-impl,nondex,org.jbpm.casemgmt.impl.CaseRuntimeDataServiceImplTest#testUserTasksInCaseAsBusinessAdmin,org.jbpm.casemgmt.impl.CaseRuntimeDataServiceImplTest#testUserTasksInCaseAsBusinessAdmin,FAILED,,,,,,,BASELINE_FAILED,11.7,
jbpm,https://github.com/kiegroup/jbpm,f7e80e82b7670c09485ce83869a287ef51dcb59c,jbpm-case-mgmt/jbpm-case-mgmt-impl,nondex,org.jbpm.casemgmt.impl.CaseRuntimeDataServiceImplTest#testUserTasksInCaseAsPotentialOwners,org.jbpm.casemgmt.impl.CaseRuntimeDataServiceImplTest#testUserTasksInCaseAsPotentialOwners,FAILED,,,,,,,BASELINE_FAILED,11.8,
jbpm,https://github.com/kiegroup/jbpm,f7e80e82b7670c09485ce83869a287ef51dcb59c,jbpm-case-mgmt/jbpm-case-mgmt-impl,nondex,org.jbpm.casemgmt.impl.CaseRuntimeDataServiceImplTest#testUserTasksInCaseAsStakeholder,org.jbpm.casemgmt.impl.CaseRuntimeDataServiceImplTest#testUserTasksInCaseAsStakeholder,FAILED,,,,,,,BASELINE_FAILED,11.75,
jbpm,https://github.com/kiegroup/jbpm,f7e80e82b7670c09485ce83869a287ef51dcb59c,jbpm-case-mgmt/jbpm-case-mgmt-impl,nondex,org.jbpm.casemgmt.impl.CaseRuntimeDataServiceImplTest#testUserTasksInCaseWithSubprocess,org.jbpm.casemgmt.impl.CaseRuntimeDataServiceImplTest#testUserTasksInCaseWithSubprocess,FAILED,,,,,,,BASELINE_FAILED,11.4,
jbpm,https://github.com/kiegroup/jbpm,f7e80e82b7670c09485ce83869a287ef51dcb59c,jbpm-case-mgmt/jbpm-case-mgmt-impl,nondex,org.jbpm.casemgmt.impl.CaseSLAComplianceTest#testStartCaseWithSLAEscalation,org.jbpm.casemgmt.impl.CaseSLAComplianceTest#testStartCaseWithSLAEscalation,FAILED,,,,,,,BASELINE_FAILED,11.65,
jbpm,https://github.com/kiegroup/jbpm,f7e80e82b7670c09485ce83869a287ef51dcb59c,jbpm-case-mgmt/jbpm-case-mgmt-impl,nondex,org.jbpm.casemgmt.impl.CaseSLAComplianceTest#testStartCaseWithSLAForGoldCustomerByRules,org.jbpm.casemgmt.impl.CaseSLAComplianceTest#testStartCaseWithSLAForGoldCustomerByRules,FAILED,,,,,,,BASELINE_FAILED,11.6,
jbpm,https://github.com/kiegroup/jbpm,f7e80e82b7670c09485ce83869a287ef51dcb59c,jbpm-case-mgmt/jbpm-case-mgmt-impl,nondex,org.jbpm.casemgmt.impl.CaseSLAComplianceTest#testStartCaseWithSLAForNewCustomerByRules,org.jbpm.casemgmt.impl.CaseSLAComplianceTest#testStartCaseWithSLAForNewCustomerByRules,FAILED,,,,,,,BASELINE_FAILED,11.55,
jbpm,https://github.com/kiegroup/jbpm,f7e80e82b7670c09485ce83869a287ef51dcb59c,jbpm-case-mgmt/jbpm-case-mgmt-impl,nondex,org.jbpm.casemgmt.impl.CaseSLAComplianceTest#testStartCaseWithSLAForSilverCustomerByRules,org.jbpm.casemgmt.impl.CaseSLAComplianceTest#testStartCaseWithSLAForSilverCustomerByRules,FAILED,,,,,,,BASELINE_FAILED,11.45,
jbpm,https://github.com/kiegroup/jbpm,f7e80e82b7670c09485ce83869a287ef51dcb59c,jbpm-case-mgmt/jbpm-case-mgmt-impl,nondex,org.jbpm.casemgmt.impl.CaseSLAComplianceTest#testStartCaseWithSLANotification,org.jbpm.casemgmt.impl.CaseSLAComplianceTest#testStartCaseWithSLANotification,FAILED,,,,,,,BASELINE_FAILED,11.65,
jbpm,https://github.com/kiegroup/jbpm,f7e80e82b7670c09485ce83869a287ef51dcb59c,jbpm-case-mgmt/jbpm-case-mgmt-impl,nondex,org.jbpm.casemgmt.impl.CaseSLAComplianceTest#testStartCaseWithSLASubprocess,org.jbpm.casemgmt.impl.CaseSLAComplianceTest#testStartCaseWithSLASubprocess,FAILED,,,,,,,BASELINE_FAILED,12.6,
jbpm,https://github.com/kiegroup/jbpm,f7e80e82b7670c09485ce83869a287ef51dcb59c,jbpm-case-mgmt/jbpm-case-mgmt-impl,nondex,org.jbpm.casemgmt.impl.CaseServiceImplTest#testAddAndRemoveMultipleDataFromCaseFile,org.jbpm.casemgmt.impl.CaseServiceImplTest#testAddAndRemoveMultipleDataFromCaseFile,FAILED,,,,,,,BASELINE_FAILED,13.11,
jbpm,https://github.com/kiegroup/jbpm,f7e80e82b7670c09485ce83869a287ef51dcb59c,jbpm-case-mgmt/jbpm-case-mgmt-impl,nondex,org.jbpm.casemgmt.impl.CaseServiceImplTest#testAddDataCaseWithViolatingRestrictedCaseFileItem,org.jbpm.casemgmt.impl.CaseServiceImplTest#testAddDataCaseWithViolatingRestrictedCaseFileItem,FAILED,,,,,,,BASELINE_FAILED,12.71,
jbpm,https://github.com/kiegroup/jbpm,f7e80e82b7670c09485ce83869a287ef51dcb59c,jbpm-case-mgmt/jbpm-case-mgmt-impl,nondex,org.jbpm.casemgmt.impl.CaseServiceImplTest#testAddServiceTaskToEmptyCase,org.jbpm.casemgmt.impl.CaseServiceImplTest#testAddServiceTaskToEmptyCase,FAILED,,,,,,,BASELINE_FAILED,13.01,
jbpm,https://github.com/kiegroup/jbpm,f7e80e82b7670c09485ce83869a287ef51dcb59c,jbpm-case-mgmt/jbpm-case-mgmt-impl,nondex,org.jbpm.casemgmt.impl.CaseServiceImplTest#testAddSubprocessToCaseWithStage,org.jbpm.casemgmt.impl.CaseServiceImplTest#testAddSubprocessToCaseWithStage,FAILED,,,,,,,BASELINE_FAILED,13.16,
jbpm,https://github.com/kiegroup/jbpm,f7e80e82b7670c09485ce83869a287ef51dcb59c,jbpm-case-mgmt/jbpm-case-mgmt-impl,nondex,org.jbpm.casemgmt.impl.CaseServiceImplTest#testAddSubprocessToEmptyCase,org.jbpm.casemgmt.impl.CaseServiceImplTest#testAddSubprocessToEmptyCase,FAILED,,,,,,,BASELINE_FAILED,13.41,
jbpm,https://github.com/kiegroup/jbpm,f7e80e82b7670c09485ce83869a287ef51dcb59c,jbpm-case-mgmt/jbpm-case-mgmt-impl,nondex,org.jbpm.casemgmt.impl.CaseServiceImplTest#testAddSubprocessToEmptyCaseAndClose,org.jbpm.casemgmt.impl.CaseServiceImplTest#testAddSubprocessToEmptyCaseAndClose,FAILED,,,,,,,BASELINE_FAILED,13.36,
jbpm,https://github.com/kiegroup/jbpm,f7e80e82b7670c09485ce83869a287ef51dcb59c,jbpm-case-mgmt/jbpm-case-mgmt-impl,nondex,org.jbpm.casemgmt.impl.CaseServiceImplTest#testAddUserTaskToCaseWithStage,org.jbpm.casemgmt.impl.CaseServiceImplTest#testAddUserTaskToCaseWithStage,FAILED,,,,,,,BASELINE_FAILED,12.3,
jbpm,https://github.com/kiegroup/jbpm,f7e80e82b7670c09485ce83869a287ef51dcb59c,jbpm-case-mgmt/jbpm-case-mgmt-impl,nondex,org.jbpm.casemgmt.impl.CaseServiceImplTest#testAddUserTaskToEmptyCase,org.jbpm.casemgmt.impl.CaseServiceImplTest#testAddUserTaskToEmptyCase,FAILED,,,,,,,BASELINE_FAILED,12.8,
jbpm,https://github.com/kiegroup/jbpm,f7e80e82b7670c09485ce83869a287ef51dcb59c,jbpm-case-mgmt/jbpm-case-mgmt-impl,nondex,org.jbpm.casemgmt.impl.CaseServiceImplTest#testCaseAuthorization,org.jbpm.casemgmt.impl.CaseServiceImplTest#testCaseAuthorization,FAILED,,,,,,,BASELINE_FAILED,12.81,
jbpm,https://github.com/kiegroup/jbpm,f7e80e82b7670c09485ce83869a287ef51dcb59c,jbpm-case-mgmt/jbpm-case-mgmt-impl,nondex,org.jbpm.casemgmt.impl.CaseServiceImplTest#testCaseAuthorizationImplicitOwner,org.jbpm.casemgmt.impl.CaseServiceImplTest#testCaseAuthorizationImplicitOwner,FAILED,,,,,,,BASELINE_FAILED,12.91,
jbpm,https://github.com/kiegroup/jbpm,f7e80e82b7670c09485ce83869a287ef51dcb59c,jbpm-case-mgmt/jbpm-case-mgmt-impl,nondex,org.jbpm.casemgmt.impl.CaseServiceImplTest#testCaseOwnedBy,org.jbpm.casemgmt.impl.CaseServiceImplTest#testCaseOwnedBy,FAILED,,,,,,,BASELINE_FAILED,13.36,
jbpm,https://github.com/kiegroup/jbpm,f7e80e82b7670c09485ce83869a287ef51dcb59c,jbpm-case-mgmt/jbpm-case-mgmt-impl,nondex,org.jbpm.casemgmt.impl.CaseServiceImplTest#testCaseReadOnlyCaseFileItemAddDataOnce,org.jbpm.casemgmt.impl.CaseServiceImplTest#testCaseReadOnlyCaseFileItemAddDataOnce,FAILED,,,,,,,BASELINE_FAILED,13.1,
jbpm,https://github.com/kiegroup/jbpm,f7e80e82b7670c09485ce83869a287ef51dcb59c,jbpm-case-mgmt/jbpm-case-mgmt-impl,nondex,org.jbpm.casemgmt.impl.CaseServiceImplTest#testCaseReadOnlyCaseFileItemRemoveData,org.jbpm.casemgmt.impl.CaseServiceImplTest#testCaseReadOnlyCaseFileItemRemoveData,FAILED,,,,,,,BASELINE_FAILED,13.16,
jbpm,https://github.com/kiegroup/jbpm,f7e80e82b7670c09485ce83869a287ef51dcb59c,jbpm-case-mgmt/jbpm-case-mgmt-impl,nondex,org.jbpm.casemgmt.impl.CaseServiceImplTest#testCaseReopenWithViolatingReadOnlyCaseFileItemReopen,org.jbpm.casemgmt.impl.CaseServiceImplTest#testCaseReopenWithViolatingReadOnlyCaseFileItemReopen,FAILED,,,,,,,BASELINE_FAILED,12.65,
jbpm,https://github.com/kiegroup/jbpm,f7e80e82b7670c09485ce83869a287ef51dcb59c,jbpm-case-mgmt/jbpm-case-mgmt-impl,nondex,org.jbpm.casemgmt.impl.CaseServiceImplTest#testCaseReopenWithViolatingRestrictedCaseFileItem,org.jbpm.casemgmt.impl.CaseServiceImplTest#testCaseReopenWithViolatingRestrictedCaseFileItem,FAILED,,,,,,,BASELINE_FAILED,11.7,
jbpm,https://github.com/kiegroup/jbpm,f7e80e82b7670c09485ce83869a287ef51dcb59c,jbpm-case-mgmt/jbpm-case-mgmt-impl,nondex,org.jbpm.casemgmt.impl.CaseServiceImplTest#testCaseRolesCardinality,org.jbpm.casemgmt.impl.CaseServiceImplTest#testCaseRolesCardinality,FAILED,,,,,,,BASELINE_FAILED,11.45,
jbpm,https://github.com/kiegroup/jbpm,f7e80e82b7670c09485ce83869a287ef51dcb59c,jbpm-case-mgmt/jbpm-case-mgmt-impl,nondex,org.jbpm.casemgmt.impl.CaseServiceImplTest#testCaseRolesWithDynamicTask,org.jbpm.casemgmt.impl.CaseServiceImplTest#testCaseRolesWithDynamicTask,FAILED,,,,,,,BASELINE_FAILED,11.5,
jbpm,https://github.com/kiegroup/jbpm,f7e80e82b7670c09485ce83869a287ef51dcb59c,jbpm-case-mgmt/jbpm-case-mgmt-impl,nondex,org.jbpm.casemgmt.impl.CaseServiceImplTest#testCaseRolesWithQueries,org.jbpm.casemgmt.impl.CaseServiceImplTest#testCaseRolesWithQueries,FAILED,,,,,,,BASELINE_FAILED,11.35,
jbpm,https://github.com/kiegroup/jbpm,f7e80e82b7670c09485ce83869a287ef51dcb59c,jbpm-case-mgmt/jbpm-case-mgmt-impl,nondex,org.jbpm.casemgmt.impl.CaseServiceImplTest#testCaseViolatingReadOnlyCaseFileItemAddData,org.jbpm.casemgmt.impl.CaseServiceImplTest#testCaseViolatingReadOnlyCaseFileItemAddData,FAILED,,,,,,,BASELINE_FAILED,11.65,
jbpm,https://github.com/kiegroup/jbpm,f7e80e82b7670c09485ce83869a287ef51dcb59c,jbpm-case-mgmt/jbpm-case-mgmt-impl,nondex,org.jbpm.casemgmt.impl.CaseServiceImplTest#testCaseWithBoundaryTimerFiredAtStage,org.jbpm.casemgmt.impl.CaseServiceImplTest#testCaseWithBoundaryTimerFiredAtStage,FAILED,,,,,,,BASELINE_FAILED,11.35,
jbpm,https://github.com/kiegroup/jbpm,f7e80e82b7670c09485ce83869a287ef51dcb59c,jbpm-case-mgmt/jbpm-case-mgmt-impl,nondex,org.jbpm.casemgmt.impl.CaseServiceImplTest#testCaseWithBoundaryTimerFiredAtStageAndThenReopen,org.jbpm.casemgmt.impl.CaseServiceImplTest#testCaseWithBoundaryTimerFiredAtStageAndThenReopen,FAILED,,,,,,,BASELINE_FAILED,16.12,
jbpm,https://github.com/kiegroup/jbpm,f7e80e82b7670c09485ce83869a287ef51dcb59c,jbpm-case-mgmt/jbpm-case-mgmt-impl,nondex,org.jbpm.casemgmt.impl.CaseServiceImplTest#testCaseWithComments,org.jbpm.casemgmt.impl.CaseServiceImplTest#testCaseWithComments,FAILED,,,,,,,BASELINE_FAILED,12.36,
jbpm,https://github.com/kiegroup/jbpm,f7e80e82b7670c09485ce83869a287ef51dcb59c,jbpm-case-mgmt/jbpm-case-mgmt-impl,nondex,org.jbpm.casemgmt.impl.CaseServiceImplTest#testCaseWithCommentsPagination,org.jbpm.casemgmt.impl.CaseServiceImplTest#testCaseWithCommentsPagination,FAILED,,,,,,,BASELINE_FAILED,11.45,
jbpm,https://github.com/kiegroup/jbpm,f7e80e82b7670c09485ce83869a287ef51dcb59c,jbpm-case-mgmt/jbpm-case-mgmt-impl,nondex,org.jbpm.casemgmt.impl.CaseServiceImplTest#testCaseWithCommentsWithRestrictions,org.jbpm.casemgmt.impl.CaseServiceImplTest#testCaseWithCommentsWithRestrictions,FAILED,,,,,,,BASELINE_FAILED,11.5,
jbpm,https://github.com/kiegroup/jbpm,f7e80e82b7670c09485ce83869a287ef51dcb59c,jbpm-case-mgmt/jbpm-case-mgmt-impl,nondex,org.jbpm.casemgmt.impl.CaseServiceImplTest#testCaseWithDefinedDataRestrictions,org.jbpm.casemgmt.impl.CaseServiceImplTest#testCaseWithDefinedDataRestrictions,FAILED,,,,,,,BASELINE_FAILED,11.45,
jbpm,https://github.com/kiegroup/jbpm,f7e80e82b7670c09485ce83869a287ef51dcb59c,jbpm-case-mgmt/jbpm-case-mgmt-impl,nondex,org.jbpm.casemgmt.impl.CaseServiceImplTest#testCaseWithDefinedDataRestrictionsSetViaUserTask,org.jbpm.casemgmt.impl.CaseServiceImplTest#testCaseWithDefinedDataRestrictionsSetViaUserTask,FAILED,,,,,,,BASELINE_FAILED,11.75,
jbpm,https://github.com/kiegroup/jbpm,f7e80e82b7670c09485ce83869a287ef51dcb59c,jbpm-case-mgmt/jbpm-case-mgmt-impl,nondex,org.jbpm.casemgmt.impl.CaseServiceImplTest#testCaseWithHumanTaskAfterReopen,org.jbpm.casemgmt.impl.CaseServiceImplTest#testCaseWithHumanTaskAfterReopen,FAILED,,,,,,,BASELINE_FAILED,11.75,
jbpm,https://github.com/kiegroup/jbpm,f7e80e82b7670c09485ce83869a287ef51dcb59c,jbpm-case-mgmt/jbpm-case-mgmt-impl,nondex,org.jbpm.casemgmt.impl.CaseServiceImplTest#testCaseWithIndexedFromVariableUpdates,org.jbpm.casemgmt.impl.CaseServiceImplTest#testCaseWithIndexedFromVariableUpdates,FAILED,,,,,,,BASELINE_FAILED,11.9,
jbpm,https://github.com/kiegroup/jbpm,f7e80e82b7670c09485ce83869a287ef51dcb59c,jbpm-case-mgmt/jbpm-case-mgmt-impl,nondex,org.jbpm.casemgmt.impl.CaseServiceImplTest#testCaseWithIndexedFromVariableUpdatesResetVariable,org.jbpm.casemgmt.impl.CaseServiceImplTest#testCaseWithIndexedFromVariableUpdatesResetVariable,FAILED,,,,,,,BASELINE_FAILED,11.95,
jbpm,https://github.com/kiegroup/jbpm,f7e80e82b7670c09485ce83869a287ef51dcb59c,jbpm-case-mgmt/jbpm-case-mgmt-impl,nondex,org.jbpm.casemgmt.impl.CaseServiceImplTest#testCaseWithMissingRequiredCaseFileItem,org.jbpm.casemgmt.impl.CaseServiceImplTest#testCaseWithMissingRequiredCaseFileItem,FAILED,,,,,,,BASELINE_FAILED,11.85,
jbpm,https://github.com/kiegroup/jbpm,f7e80e82b7670c09485ce83869a287ef51dcb59c,jbpm-case-mgmt/jbpm-case-mgmt-impl,nondex,org.jbpm.casemgmt.impl.CaseServiceImplTest#testCaseWithMissingRequiredEmptyCaseFileItem,org.jbpm.casemgmt.impl.CaseServiceImplTest#testCaseWithMissingRequiredEmptyCaseFileItem,FAILED,,,,,,,BASELINE_FAILED,15.47,
jbpm,https://github.com/kiegroup/jbpm,f7e80e82b7670c09485ce83869a287ef51dcb59c,jbpm-case-mgmt/jbpm-case-mgmt-impl,nondex,org.jbpm.casemgmt.impl.CaseServiceImplTest#testCaseWithRequiredCaseFileItem,org.jbpm.casemgmt.impl.CaseServiceImplTest#testCaseWithRequiredCaseFileItem,FAILED,,,,,,,BASELINE_FAILED,11.71,
jbpm,https://github.com/kiegroup/jbpm,f7e80e82b7670c09485ce83869a287ef51dcb59c,jbpm-case-mgmt/jbpm-case-mgmt-impl,nondex,org.jbpm.casemgmt.impl.CaseServiceImplTest#testCaseWithRequiredRestrictedCaseFileItem,org.jbpm.casemgmt.impl.CaseServiceImplTest#testCaseWithRequiredRestrictedCaseFileItem,FAILED,,,,,,,BASELINE_FAILED,14.11,
jbpm,https://github.com/kiegroup/jbpm,f7e80e82b7670c09485ce83869a287ef51dcb59c,jbpm-case-mgmt/jbpm-case-mgmt-impl,nondex,org.jbpm.casemgmt.impl.CaseServiceImplTest#testCaseWithRestrictedCaseFileItem,org.jbpm.casemgmt.impl.CaseServiceImplTest#testCaseWithRestrictedCaseFileItem,FAILED,,,,,,,BASELINE_FAILED,11.55,
jbpm,https://github.com/kiegroup/jbpm,f7e80e82b7670c09485ce83869a287ef51dcb59c,jbpm-case-mgmt/jbpm-case-mgmt-impl,nondex,org.jbpm.casemgmt.impl.CaseServiceImplTest#testCaseWithStageAndBoundaryTimerFired,org.jbpm.casemgmt.impl.CaseServiceImplTest#testCaseWithStageAndBoundaryTimerFired,FAILED,,,,,,,BASELINE_FAILED,11.3,
jbpm,https://github.com/kiegroup/jbpm,f7e80e82b7670c09485ce83869a287ef51dcb59c,jbpm-case-mgmt/jbpm-case-mgmt-impl,nondex,org.jbpm.casemgmt.impl.CaseServiceImplTest#testCaseWithStageAutoStartNodes,org.jbpm.casemgmt.impl.CaseServiceImplTest#testCaseWithStageAutoStartNodes,FAILED,,,,,,,BASELINE_FAILED,11.7,
jbpm,https://github.com/kiegroup/jbpm,f7e80e82b7670c09485ce83869a287ef51dcb59c,jbpm-case-mgmt/jbpm-case-mgmt-impl,nondex,org.jbpm.casemgmt.impl.CaseServiceImplTest#testCaseWithViolatingRestrictedCaseFileItem,org.jbpm.casemgmt.impl.CaseServiceImplTest#testCaseWithViolatingRestrictedCaseFileItem,FAILED,,,,,,,BASELINE_FAILED,11.65,
jbpm,https://github.com/kiegroup/jbpm,f7e80e82b7670c09485ce83869a287ef51dcb59c,jbpm-case-mgmt/jbpm-case-mgmt-impl,nondex,org.jbpm.casemgmt.impl.CaseServiceImplTest#testCreateCaseFileInstanceForNotExistingCase,org.jbpm.casemgmt.impl.CaseServiceImplTest#testCreateCaseFileInstanceForNotExistingCase,FAILED,,,,,,,BASELINE_FAILED,11.45,
jbpm,https://github.com/kiegroup/jbpm,f7e80e82b7670c09485ce83869a287ef51dcb59c,jbpm-case-mgmt/jbpm-case-mgmt-impl,nondex,org.jbpm.casemgmt.impl.CaseServiceImplTest#testGetCaseFileInstanceForNotExistingCase,org.jbpm.casemgmt.impl.CaseServiceImplTest#testGetCaseFileInstanceForNotExistingCase,FAILED,,,,,,,BASELINE_FAILED,11.4,
jbpm,https://github.com/kiegroup/jbpm,f7e80e82b7670c09485ce83869a287ef51dcb59c,jbpm-case-mgmt/jbpm-case-mgmt-impl,nondex,org.jbpm.casemgmt.impl.CaseServiceImplTest#testInclusiveGatewayWithDynamicActivity,org.jbpm.casemgmt.impl.CaseServiceImplTest#testInclusiveGatewayWithDynamicActivity,FAILED,,,,,,,BASELINE_FAILED,11.2,
jbpm,https://github.com/kiegroup/jbpm,f7e80e82b7670c09485ce83869a287ef51dcb59c,jbpm-case-mgmt/jbpm-case-mgmt-impl,nondex,org.jbpm.casemgmt.impl.CaseServiceImplTest#testPerCaseCleanup,org.jbpm.casemgmt.impl.CaseServiceImplTest#testPerCaseCleanup,FAILED,,,,,,,BASELINE_FAILED,11.51,
jbpm,https://github.com/kiegroup/jbpm,f7e80e82b7670c09485ce83869a287ef51dcb59c,jbpm-case-mgmt/jbpm-case-mgmt-impl,nondex,org.jbpm.casemgmt.impl.CaseServiceImplTest#testPerCaseEnsureCleanupInDisposeEngine,org.jbpm.casemgmt.impl.CaseServiceImplTest#testPerCaseEnsureCleanupInDisposeEngine,FAILED,,,,,,,BASELINE_FAILED,11.4,
jbpm,https://github.com/kiegroup/jbpm,f7e80e82b7670c09485ce83869a287ef51dcb59c,jbpm-case-mgmt/jbpm-case-mgmt-impl,nondex,org.jbpm.casemgmt.impl.CaseServiceImplTest#testRemoveNotExistingCaseComment,org.jbpm.casemgmt.impl.CaseServiceImplTest#testRemoveNotExistingCaseComment,FAILED,,,,,,,BASELINE_FAILED,11.55,
jbpm,https://github.com/kiegroup/jbpm,f7e80e82b7670c09485ce83869a287ef51dcb59c,jbpm-case-mgmt/jbpm-case-mgmt-impl,nondex,org.jbpm.casemgmt.impl.CaseServiceImplTest#testReopenAfterAddingDynamicSubprocess,org.jbpm.casemgmt.impl.CaseServiceImplTest#testReopenAfterAddingDynamicSubprocess,FAILED,,,,,,,BASELINE_FAILED,11.3,
jbpm,https://github.com/kiegroup/jbpm,f7e80e82b7670c09485ce83869a287ef51dcb59c,jbpm-case-mgmt/jbpm-case-mgmt-impl,nondex,org.jbpm.casemgmt.impl.CaseServiceImplTest#testStartCaseForMultiInstanceStagesAddDynamicNodes,org.jbpm.casemgmt.impl.CaseServiceImplTest#testStartCaseForMultiInstanceStagesAddDynamicNodes,FAILED,,,,,,,BASELINE_FAILED,11.6,
jbpm,https://github.com/kiegroup/jbpm,f7e80e82b7670c09485ce83869a287ef51dcb59c,jbpm-case-mgmt/jbpm-case-mgmt-impl,nondex,org.jbpm.casemgmt.impl.CaseServiceImplTest#testStartCaseForMultiInstanceStagesTriggerAdHocFragment,org.jbpm.casemgmt.impl.CaseServiceImplTest#testStartCaseForMultiInstanceStagesTriggerAdHocFragment,FAILED,,,,,,,BASELINE_FAILED,11.8,
jbpm,https://github.com/kiegroup/jbpm,f7e80e82b7670c09485ce83869a287ef51dcb59c,jbpm-case-mgmt/jbpm-case-mgmt-impl,nondex,org.jbpm.casemgmt.impl.CaseServiceImplTest#testStartCaseWithConditionalEvent,org.jbpm.casemgmt.impl.CaseServiceImplTest#testStartCaseWithConditionalEvent,FAILED,,,,,,,BASELINE_FAILED,13.11,
jbpm,https://github.com/kiegroup/jbpm,f7e80e82b7670c09485ce83869a287ef51dcb59c,jbpm-case-mgmt/jbpm-case-mgmt-impl,nondex,org.jbpm.casemgmt.impl.CaseServiceImplTest#testStartCaseWithConditionalEventCompleteCase,org.jbpm.casemgmt.impl.CaseServiceImplTest#testStartCaseWithConditionalEventCompleteCase,FAILED,,,,,,,BASELINE_FAILED,13.06,
jbpm,https://github.com/kiegroup/jbpm,f7e80e82b7670c09485ce83869a287ef51dcb59c,jbpm-case-mgmt/jbpm-case-mgmt-impl,nondex,org.jbpm.casemgmt.impl.CaseServiceImplTest#testStartCaseWithStageAndAdHocFragments,org.jbpm.casemgmt.impl.CaseServiceImplTest#testStartCaseWithStageAndAdHocFragments,FAILED,,,,,,,BASELINE_FAILED,12.81,
jbpm,https://github.com/kiegroup/jbpm,f7e80e82b7670c09485ce83869a287ef51dcb59c,jbpm-case-mgmt/jbpm-case-mgmt-impl,nondex,org.jbpm.casemgmt.impl.CaseServiceImplTest#testStartCaseWithoutStartNode,org.jbpm.casemgmt.impl.CaseServiceImplTest#testStartCaseWithoutStartNode,FAILED,,,,,,,BASELINE_FAILED,13.16,
jbpm,https://github.com/kiegroup/jbpm,f7e80e82b7670c09485ce83869a287ef51dcb59c,jbpm-case-mgmt/jbpm-case-mgmt-impl,nondex,org.jbpm.casemgmt.impl.CaseServiceImplTest#testStartEmptyCase,org.jbpm.casemgmt.impl.CaseServiceImplTest#testStartEmptyCase,FAILED,,,,,,,BASELINE_FAILED,12.96,
jbpm,https://github.com/kiegroup/jbpm,f7e80e82b7670c09485ce83869a287ef51dcb59c,jbpm-case-mgmt/jbpm-case-mgmt-impl,nondex,org.jbpm.casemgmt.impl.CaseServiceImplTest#testStartEmptyCaseAndClose,org.jbpm.casemgmt.impl.CaseServiceImplTest#testStartEmptyCaseAndClose,FAILED,,,,,,,BASELINE_FAILED,13.16,
jbpm,https://github.com/kiegroup/jbpm,f7e80e82b7670c09485ce83869a287ef51dcb59c,jbpm-case-mgmt/jbpm-case-mgmt-impl,nondex,org.jbpm.casemgmt.impl.CaseServiceImplTest#testStartEmptyCaseAndDestroy,org.jbpm.casemgmt.impl.CaseServiceImplTest#testStartEmptyCaseAndDestroy,FAILED,,,,,,,BASELINE_FAILED,13.16,
jbpm,https://github.com/kiegroup/jbpm,f7e80e82b7670c09485ce83869a287ef51dcb59c,jbpm-case-mgmt/jbpm-case-mgmt-impl,nondex,org.jbpm.casemgmt.impl.CaseServiceImplTest#testStartEmptyCaseChangeOwner,org.jbpm.casemgmt.impl.CaseServiceImplTest#testStartEmptyCaseChangeOwner,FAILED,,,,,,,BASELINE_FAILED,13.36,
jbpm,https://github.com/kiegroup/jbpm,f7e80e82b7670c09485ce83869a287ef51dcb59c,jbpm-case-mgmt/jbpm-case-mgmt-impl,nondex,org.jbpm.casemgmt.impl.CaseServiceImplTest#testStartEmptyCaseUsingCaseFileOwner,org.jbpm.casemgmt.impl.CaseServiceImplTest#testStartEmptyCaseUsingCaseFileOwner,FAILED,,,,,,,BASELINE_FAILED,11.65,
jbpm,https://github.com/kiegroup/jbpm,f7e80e82b7670c09485ce83869a287ef51dcb59c,jbpm-case-mgmt/jbpm-case-mgmt-impl,nondex,org.jbpm.casemgmt.impl.CaseServiceImplTest#testStartEmptyCaseUsingCaseFileOwnerAsLoggedInUser,org.jbpm.casemgmt.impl.CaseServiceImplTest#testStartEmptyCaseUsingCaseFileOwnerAsLoggedInUser,FAILED,,,,,,,BASELINE_FAILED,11.65,
jbpm,https://github.com/kiegroup/jbpm,f7e80e82b7670c09485ce83869a287ef51dcb59c,jbpm-case-mgmt/jbpm-case-mgmt-impl,nondex,org.jbpm.casemgmt.impl.CaseServiceImplTest#testStartEmptyCaseUsingLoggedInOwner,org.jbpm.casemgmt.impl.CaseServiceImplTest#testStartEmptyCaseUsingLoggedInOwner,FAILED,,,,,,,BASELINE_FAILED,11.7,
jbpm,https://github.com/kiegroup/jbpm,f7e80e82b7670c09485ce83869a287ef51dcb59c,jbpm-case-mgmt/jbpm-case-mgmt-impl,nondex,org.jbpm.casemgmt.impl.CaseServiceImplTest#testStartEmptyCaseViaProcessService,org.jbpm.casemgmt.impl.CaseServiceImplTest#testStartEmptyCaseViaProcessService,FAILED,,,,,,,BASELINE_FAILED,11.65,
jbpm,https://github.com/kiegroup/jbpm,f7e80e82b7670c09485ce83869a287ef51dcb59c,jbpm-case-mgmt/jbpm-case-mgmt-impl,nondex,org.jbpm.casemgmt.impl.CaseServiceImplTest#testStartEmptyCaseViaProcessServiceWithoutCorrelationKey,org.jbpm.casemgmt.impl.CaseServiceImplTest#testStartEmptyCaseViaProcessServiceWithoutCorrelationKey,FAILED,,,,,,,BASELINE_FAILED,11.45,
jbpm,https://github.com/kiegroup/jbpm,f7e80e82b7670c09485ce83869a287ef51dcb59c,jbpm-case-mgmt/jbpm-case-mgmt-impl,nondex,org.jbpm.casemgmt.impl.CaseServiceImplTest#testStartEmptyCaseViaProcessServiceWithoutCorrelationKeyWithMilestones,org.jbpm.casemgmt.impl.CaseServiceImplTest#testStartEmptyCaseViaProcessServiceWithoutCorrelationKeyWithMilestones,FAILED,,,,,,,BASELINE_FAILED,11.4,
jbpm,https://github.com/kiegroup/jbpm,f7e80e82b7670c09485ce83869a287ef51dcb59c,jbpm-case-mgmt/jbpm-case-mgmt-impl,nondex,org.jbpm.casemgmt.impl.CaseServiceImplTest#testStartEmptyCaseWithCaseFile,org.jbpm.casemgmt.impl.CaseServiceImplTest#testStartEmptyCaseWithCaseFile,FAILED,,,,,,,BASELINE_FAILED,12.05,
jbpm,https://github.com/kiegroup/jbpm,f7e80e82b7670c09485ce83869a287ef51dcb59c,jbpm-case-mgmt/jbpm-case-mgmt-impl,nondex,org.jbpm.casemgmt.impl.CaseServiceImplTest#testStartEmptyCaseWithCaseFileAndDocument,org.jbpm.casemgmt.impl.CaseServiceImplTest#testStartEmptyCaseWithCaseFileAndDocument,FAILED,,,,,,,BASELINE_FAILED,11.45,
jbpm,https://github.com/kiegroup/jbpm,f7e80e82b7670c09485ce83869a287ef51dcb59c,jbpm-case-mgmt/jbpm-case-mgmt-impl,nondex,org.jbpm.casemgmt.impl.CaseServiceImplTest#testStartEmptyCaseWithCaseFileValueTooLong,org.jbpm.casemgmt.impl.CaseServiceImplTest#testStartEmptyCaseWithCaseFileValueTooLong,FAILED,,,,,,,BASELINE_FAILED,23.43,
jbpm,https://github.com/kiegroup/jbpm,f7e80e82b7670c09485ce83869a287ef51dcb59c,jbpm-case-mgmt/jbpm-case-mgmt-impl,nondex,org.jbpm.casemgmt.impl.CaseServiceImplTest#testStartExpressionCaseWithCaseFile,org.jbpm.casemgmt.impl.CaseServiceImplTest#testStartExpressionCaseWithCaseFile,FAILED,,,,,,,BASELINE_FAILED,11.9,
jbpm,https://github.com/kiegroup/jbpm,f7e80e82b7670c09485ce83869a287ef51dcb59c,jbpm-case-mgmt/jbpm-case-mgmt-impl,nondex,org.jbpm.casemgmt.impl.CaseServiceImplTest#testStartScriptRoleAssignmentCase,org.jbpm.casemgmt.impl.CaseServiceImplTest#testStartScriptRoleAssignmentCase,FAILED,,,,,,,BASELINE_FAILED,16.27,
jbpm,https://github.com/kiegroup/jbpm,f7e80e82b7670c09485ce83869a287ef51dcb59c,jbpm-case-mgmt/jbpm-case-mgmt-impl,nondex,org.jbpm.casemgmt.impl.CaseServiceImplTest#testStartThenCancelRetrieveCaseFile,org.jbpm.casemgmt.impl.CaseServiceImplTest#testStartThenCancelRetrieveCaseFile,FAILED,,,,,,,BASELINE_FAILED,17.63,
jbpm,https://github.com/kiegroup/jbpm,f7e80e82b7670c09485ce83869a287ef51dcb59c,jbpm-case-mgmt/jbpm-case-mgmt-impl,nondex,org.jbpm.casemgmt.impl.CaseServiceImplTest#testStartThenReopenActiveCase,org.jbpm.casemgmt.impl.CaseServiceImplTest#testStartThenReopenActiveCase,FAILED,,,,,,,BASELINE_FAILED,17.23,
jbpm,https://github.com/kiegroup/jbpm,f7e80e82b7670c09485ce83869a287ef51dcb59c,jbpm-case-mgmt/jbpm-case-mgmt-impl,nondex,org.jbpm.casemgmt.impl.CaseServiceImplTest#testStartThenReopenDestroyedCase,org.jbpm.casemgmt.impl.CaseServiceImplTest#testStartThenReopenDestroyedCase,FAILED,,,,,,,BASELINE_FAILED,17.03,
jbpm,https://github.com/kiegroup/jbpm,f7e80e82b7670c09485ce83869a287ef51dcb59c,jbpm-case-mgmt/jbpm-case-mgmt-impl,nondex,org.jbpm.casemgmt.impl.CaseServiceImplTest#testStartThenReopenEmptyCase,org.jbpm.casemgmt.impl.CaseServiceImplTest#testStartThenReopenEmptyCase,FAILED,,,,,,,BASELINE_FAILED,16.88,
jbpm,https://github.com/kiegroup/jbpm,f7e80e82b7670c09485ce83869a287ef51dcb59c,jbpm-case-mgmt/jbpm-case-mgmt-impl,nondex,org.jbpm.casemgmt.impl.CaseServiceImplTest#testStartThenReopenEmptyCaseUpdateData,org.jbpm.casemgmt.impl.CaseServiceImplTest#testStartThenReopenEmptyCaseUpdateData,FAILED,,,,,,,BASELINE_FAILED,16.67,
jbpm,https://github.com/kiegroup/jbpm,f7e80e82b7670c09485ce83869a287ef51dcb59c,jbpm-case-mgmt/jbpm-case-mgmt-impl,nondex,org.jbpm.casemgmt.impl.CaseServiceImplTest#testStartThenReopenEmptyCaseUpdateDescription,org.jbpm.casemgmt.impl.CaseServiceImplTest#testStartThenReopenEmptyCaseUpdateDescription,FAILED,,,,,,,BASELINE_FAILED,12.76,
jbpm,https://github.com/kiegroup/jbpm,f7e80e82b7670c09485ce83869a287ef51dcb59c,jbpm-case-mgmt/jbpm-case-mgmt-impl,nondex,org.jbpm.casemgmt.impl.CaseServiceImplTest#testSystemUserCaseAuthorization,org.jbpm.casemgmt.impl.CaseServiceImplTest#testSystemUserCaseAuthorization,FAILED,,,,,,,BASELINE_FAILED,15.17,
jbpm,https://github.com/kiegroup/jbpm,f7e80e82b7670c09485ce83869a287ef51dcb59c,jbpm-case-mgmt/jbpm-case-mgmt-impl,nondex,org.jbpm.casemgmt.impl.CaseServiceImplTest#testSystemUserCaseCommentsAuthorization,org.jbpm.casemgmt.impl.CaseServiceImplTest#testSystemUserCaseCommentsAuthorization,FAILED,,,,,,,BASELINE_FAILED,16.42,
jbpm,https://github.com/kiegroup/jbpm,f7e80e82b7670c09485ce83869a287ef51dcb59c,jbpm-case-mgmt/jbpm-case-mgmt-impl,nondex,org.jbpm.casemgmt.impl.CaseServiceImplTest#testSystemUserCaseDataAuthorization,org.jbpm.casemgmt.impl.CaseServiceImplTest#testSystemUserCaseDataAuthorization,FAILED,,,,,,,BASELINE_FAILED,12.81,
jbpm,https://github.com/kiegroup/jbpm,f7e80e82b7670c09485ce83869a287ef51dcb59c,jbpm-case-mgmt/jbpm-case-mgmt-impl,nondex,org.jbpm.casemgmt.impl.CaseServiceImplTest#testTriggerAdHocTasksFromCurrentAndNextStage,org.jbpm.casemgmt.impl.CaseServiceImplTest#testTriggerAdHocTasksFromCurrentAndNextStage,FAILED,,,,,,,BASELINE_FAILED,16.78,
jbpm,https://github.com/kiegroup/jbpm,f7e80e82b7670c09485ce83869a287ef51dcb59c,jbpm-case-mgmt/jbpm-case-mgmt-impl,nondex,org.jbpm.casemgmt.impl.CaseServiceImplTest#testTriggerMultipleAdHocTasks,org.jbpm.casemgmt.impl.CaseServiceImplTest#testTriggerMultipleAdHocTasks,FAILED,,,,,,,BASELINE_FAILED,16.68,
jbpm,https://github.com/kiegroup/jbpm,f7e80e82b7670c09485ce83869a287ef51dcb59c,jbpm-case-mgmt/jbpm-case-mgmt-impl,nondex,org.jbpm.casemgmt.impl.CaseServiceImplTest#testTriggerNotExistingAdHocFragment,org.jbpm.casemgmt.impl.CaseServiceImplTest#testTriggerNotExistingAdHocFragment,FAILED,,,,,,,BASELINE_FAILED,16.72,
jbpm,https://github.com/kiegroup/jbpm,f7e80e82b7670c09485ce83869a287ef51dcb59c,jbpm-case-mgmt/jbpm-case-mgmt-impl,nondex,org.jbpm.casemgmt.impl.CaseServiceImplTest#testTriggerTaskAndMilestoneInCase,org.jbpm.casemgmt.impl.CaseServiceImplTest#testTriggerTaskAndMilestoneInCase,FAILED,,,,,,,BASELINE_FAILED,16.62,
jbpm,https://github.com/kiegroup/jbpm,f7e80e82b7670c09485ce83869a287ef51dcb59c,jbpm-case-mgmt/jbpm-case-mgmt-impl,nondex,org.jbpm.casemgmt.impl.CaseServiceImplTest#testTriggerTaskAndMilestoneInCaseFakeMatchCreated,org.jbpm.casemgmt.impl.CaseServiceImplTest#testTriggerTaskAndMilestoneInCaseFakeMatchCreated,FAILED,,,,,,,BASELINE_FAILED,16.78,
jbpm,https://github.com/kiegroup/jbpm,f7e80e82b7670c09485ce83869a287ef51dcb59c,jbpm-case-mgmt/jbpm-case-mgmt-impl,nondex,org.jbpm.casemgmt.impl.CaseServiceImplTest#testUpdateNotExistingCaseComment,org.jbpm.casemgmt.impl.CaseServiceImplTest#testUpdateNotExistingCaseComment,FAILED,,,,,,,BASELINE_FAILED,15.57,
jbpm,https://github.com/kiegroup/jbpm,f7e80e82b7670c09485ce83869a287ef51dcb59c,jbpm-case-mgmt/jbpm-case-mgmt-impl,nondex,org.jbpm.casemgmt.impl.CaseServiceImplTest#testUserTaskCaseDataItemWithRestrictions,org.jbpm.casemgmt.impl.CaseServiceImplTest#testUserTaskCaseDataItemWithRestrictions,FAILED,,,,,,,BASELINE_FAILED,16.58,
jbpm,https://github.com/kiegroup/jbpm,f7e80e82b7670c09485ce83869a287ef51dcb59c,jbpm-case-mgmt/jbpm-case-mgmt-impl,nondex,org.jbpm.casemgmt.impl.CaseServiceImplTest#testUserTaskCaseSearchByInitialCaseFileData,org.jbpm.casemgmt.impl.CaseServiceImplTest#testUserTaskCaseSearchByInitialCaseFileData,FAILED,,,,,,,BASELINE_FAILED,16.77,
jbpm,https://github.com/kiegroup/jbpm,f7e80e82b7670c09485ce83869a287ef51dcb59c,jbpm-case-mgmt/jbpm-case-mgmt-impl,nondex,org.jbpm.casemgmt.impl.CaseServiceImplTest#testUserTaskToCaseSearchByCaseFileData,org.jbpm.casemgmt.impl.CaseServiceImplTest#testUserTaskToCaseSearchByCaseFileData,FAILED,,,,,,,BASELINE_FAILED,16.78,
jbpm,https://github.com/kiegroup/jbpm,f7e80e82b7670c09485ce83869a287ef51dcb59c,jbpm-case-mgmt/jbpm-case-mgmt-impl,nondex,org.jbpm.casemgmt.impl.CaseServiceImplTest#testUserTaskToCaseWithStageComplete,org.jbpm.casemgmt.impl.CaseServiceImplTest#testUserTaskToCaseWithStageComplete,FAILED,,,,,,,BASELINE_FAILED,17.08,
jbpm,https://github.com/kiegroup/jbpm,f7e80e82b7670c09485ce83869a287ef51dcb59c,jbpm-case-mgmt/jbpm-case-mgmt-impl,nondex,org.jbpm.casemgmt.impl.CaseServiceImplTest#testUserTaskToCaseWithStageCompleteCaseDataItem,org.jbpm.casemgmt.impl.CaseServiceImplTest#testUserTaskToCaseWithStageCompleteCaseDataItem,FAILED,,,,,,,BASELINE_FAILED,16.73,
jbpm,https://github.com/kiegroup/jbpm,f7e80e82b7670c09485ce83869a287ef51dcb59c,jbpm-case-mgmt/jbpm-case-mgmt-impl,nondex,org.jbpm.casemgmt.impl.CaseWithJPADataTest#testStartCaseInOneGoWithJPAData,org.jbpm.casemgmt.impl.CaseWithJPADataTest#testStartCaseInOneGoWithJPAData,FAILED,,,,,,,BASELINE_FAILED,16.17,
jbpm,https://github.com/kiegroup/jbpm,f7e80e82b7670c09485ce83869a287ef51dcb59c,jbpm-case-mgmt/jbpm-case-mgmt-impl,nondex,org.jbpm.casemgmt.impl.CaseWithJPADataTest#testStartEmptyCaseWithJPAData,org.jbpm.casemgmt.impl.CaseWithJPADataTest#testStartEmptyCaseWithJPAData,FAILED,,,,,,,BASELINE_FAILED,17.13,
jbpm,https://github.com/kiegroup/jbpm,f7e80e82b7670c09485ce83869a287ef51dcb59c,jbpm-case-mgmt/jbpm-case-mgmt-impl,nondex,org.jbpm.casemgmt.impl.StageActivationConditionTest#testAutoComplete,org.jbpm.casemgmt.impl.StageActivationConditionTest#testAutoComplete,FAILED,,,,,,,BASELINE_FAILED,15.52,
jbpm,https://github.com/kiegroup/jbpm,f7e80e82b7670c09485ce83869a287ef51dcb59c,jbpm-case-mgmt/jbpm-case-mgmt-impl,nondex,org.jbpm.casemgmt.impl.StageActivationConditionTest#testAutoCompleteCheckActivationData,org.jbpm.casemgmt.impl.StageActivationConditionTest#testAutoCompleteCheckActivationData,FAILED,,,,,,,BASELINE_FAILED,12.55,
jbpm,https://github.com/kiegroup/jbpm,f7e80e82b7670c09485ce83869a287ef51dcb59c,jbpm-case-mgmt/jbpm-case-mgmt-impl,nondex,org.jbpm.casemgmt.impl.StageActivationConditionTest#testReopenWithCaseFileReevaluation,org.jbpm.casemgmt.impl.StageActivationConditionTest#testReopenWithCaseFileReevaluation,FAILED,,,,,,,BASELINE_FAILED,11.7,
jbpm,https://github.com/kiegroup/jbpm,f7e80e82b7670c09485ce83869a287ef51dcb59c,jbpm-case-mgmt/jbpm-case-mgmt-impl,nondex,org.jbpm.casemgmt.impl.StageCancelTest#testCancelStageAutoComplete,org.jbpm.casemgmt.impl.StageCancelTest#testCancelStageAutoComplete,FAILED,,,,,,,BASELINE_FAILED,12.15,
jbpm,https://github.com/kiegroup/jbpm,f7e80e82b7670c09485ce83869a287ef51dcb59c,jbpm-case-mgmt/jbpm-case-mgmt-impl,nondex,org.jbpm.casemgmt.impl.StageCancelTest#testCancelStageForMultiInstanceStages,org.jbpm.casemgmt.impl.StageCancelTest#testCancelStageForMultiInstanceStages,FAILED,,,,,,,BASELINE_FAILED,12.55,
jbpm,https://github.com/kiegroup/jbpm,f7e80e82b7670c09485ce83869a287ef51dcb59c,jbpm-case-mgmt/jbpm-case-mgmt-impl,nondex,org.jbpm.casemgmt.impl.StageCancelTest#testCancelStageNoAutoComplete,org.jbpm.casemgmt.impl.StageCancelTest#testCancelStageNoAutoComplete,FAILED,,,,,,,BASELINE_FAILED,12.96,
jbpm,https://github.com/kiegroup/jbpm,f7e80e82b7670c09485ce83869a287ef51dcb59c,jbpm-case-mgmt/jbpm-case-mgmt-impl,nondex,org.jbpm.casemgmt.impl.StageCompletionConditionTest#testAutoComplete,org.jbpm.casemgmt.impl.StageCompletionConditionTest#testAutoComplete,FAILED,,,,,,,BASELINE_FAILED,12.91,
jbpm,https://github.com/kiegroup/jbpm,f7e80e82b7670c09485ce83869a287ef51dcb59c,jbpm-case-mgmt/jbpm-case-mgmt-impl,nondex,org.jbpm.casemgmt.impl.StageCompletionConditionTest#testAutoCompleteDynamicSubProcess,org.jbpm.casemgmt.impl.StageCompletionConditionTest#testAutoCompleteDynamicSubProcess,FAILED,,,,,,,BASELINE_FAILED,12.71,
jbpm,https://github.com/kiegroup/jbpm,f7e80e82b7670c09485ce83869a287ef51dcb59c,jbpm-case-mgmt/jbpm-case-mgmt-impl,nondex,org.jbpm.casemgmt.impl.StageCompletionConditionTest#testAutoCompleteDynamicTask,org.jbpm.casemgmt.impl.StageCompletionConditionTest#testAutoCompleteDynamicTask,FAILED,,,,,,,BASELINE_FAILED,13.01,
jbpm,https://github.com/kiegroup/jbpm,f7e80e82b7670c09485ce83869a287ef51dcb59c,jbpm-case-mgmt/jbpm-case-mgmt-impl,nondex,org.jbpm.casemgmt.impl.StageCompletionConditionTest#testAutoCompleteNoAutoStartTask,org.jbpm.casemgmt.impl.StageCompletionConditionTest#testAutoCompleteNoAutoStartTask,FAILED,,,,,,,BASELINE_FAILED,12.96,
jbpm,https://github.com/kiegroup/jbpm,f7e80e82b7670c09485ce83869a287ef51dcb59c,jbpm-case-mgmt/jbpm-case-mgmt-impl,nondex,org.jbpm.casemgmt.impl.StageCompletionConditionTest#testAutoCompleteNoAutoStartTaskAdHocInNotExistingStage,org.jbpm.casemgmt.impl.StageCompletionConditionTest#testAutoCompleteNoAutoStartTaskAdHocInNotExistingStage,FAILED,,,,,,,BASELINE_FAILED,12.71,
jbpm,https://github.com/kiegroup/jbpm,f7e80e82b7670c09485ce83869a287ef51dcb59c,jbpm-case-mgmt/jbpm-case-mgmt-impl,nondex,org.jbpm.casemgmt.impl.StageCompletionConditionTest#testAutoCompleteNoAutoStartTaskAdHocInStage,org.jbpm.casemgmt.impl.StageCompletionConditionTest#testAutoCompleteNoAutoStartTaskAdHocInStage,FAILED,,,,,,,BASELINE_FAILED,12.86,
jbpm,https://github.com/kiegroup/jbpm,f7e80e82b7670c09485ce83869a287ef51dcb59c,jbpm-case-mgmt/jbpm-case-mgmt-impl,nondex,org.jbpm.casemgmt.impl.StageCompletionConditionTest#testAutoCompleteNoAutoStartTaskNotExistingAdHocInStage,org.jbpm.casemgmt.impl.StageCompletionConditionTest#testAutoCompleteNoAutoStartTaskNotExistingAdHocInStage,FAILED,,,,,,,BASELINE_FAILED,13.31,
jbpm,https://github.com/kiegroup/jbpm,f7e80e82b7670c09485ce83869a287ef51dcb59c,jbpm-case-mgmt/jbpm-case-mgmt-impl,nondex,org.jbpm.casemgmt.impl.StageCompletionConditionTest#testCaseDataVariableBoolean,org.jbpm.casemgmt.impl.StageCompletionConditionTest#testCaseDataVariableBoolean,FAILED,,,,,,,BASELINE_FAILED,12.96,
jbpm,https://github.com/kiegroup/jbpm,f7e80e82b7670c09485ce83869a287ef51dcb59c,jbpm-case-mgmt/jbpm-case-mgmt-impl,nondex,org.jbpm.casemgmt.impl.StageCompletionConditionTest#testCaseDataVariableCompleteTask,org.jbpm.casemgmt.impl.StageCompletionConditionTest#testCaseDataVariableCompleteTask,FAILED,,,,,,,BASELINE_FAILED,13.01,
jbpm,https://github.com/kiegroup/jbpm,f7e80e82b7670c09485ce83869a287ef51dcb59c,jbpm-case-mgmt/jbpm-case-mgmt-impl,nondex,org.jbpm.casemgmt.impl.StageCompletionConditionTest#testCaseDataVariableInteger,org.jbpm.casemgmt.impl.StageCompletionConditionTest#testCaseDataVariableInteger,FAILED,,,,,,,BASELINE_FAILED,12.55,
jbpm,https://github.com/kiegroup/jbpm,f7e80e82b7670c09485ce83869a287ef51dcb59c,jbpm-case-mgmt/jbpm-case-mgmt-impl,nondex,org.jbpm.casemgmt.impl.StageCompletionConditionTest#testCaseDataVariableString,org.jbpm.casemgmt.impl.StageCompletionConditionTest#testCaseDataVariableString,FAILED,,,,,,,BASELINE_FAILED,11.7,
jbpm,https://github.com/kiegroup/jbpm,f7e80e82b7670c09485ce83869a287ef51dcb59c,jbpm-case-mgmt/jbpm-case-mgmt-impl,nondex,org.jbpm.casemgmt.impl.StageCompletionConditionTest#testCaseFileVariable,org.jbpm.casemgmt.impl.StageCompletionConditionTest#testCaseFileVariable,FAILED,,,,,,,BASELINE_FAILED,11.6,
jbpm,https://github.com/kiegroup/jbpm,f7e80e82b7670c09485ce83869a287ef51dcb59c,jbpm-case-mgmt/jbpm-case-mgmt-impl,nondex,org.jbpm.casemgmt.impl.StageCompletionConditionTest#testCaseFileVariableWithProcessVariable,org.jbpm.casemgmt.impl.StageCompletionConditionTest#testCaseFileVariableWithProcessVariable,FAILED,,,,,,,BASELINE_FAILED,11.55,
jbpm,https://github.com/kiegroup/jbpm,f7e80e82b7670c09485ce83869a287ef51dcb59c,jbpm-case-mgmt/jbpm-case-mgmt-impl,nondex,org.jbpm.casemgmt.impl.StageCompletionConditionTest#testCaseFileVariableWithoutPrefix,org.jbpm.casemgmt.impl.StageCompletionConditionTest#testCaseFileVariableWithoutPrefix,FAILED,,,,,,,BASELINE_FAILED,11.6,
jbpm,https://github.com/kiegroup/jbpm,f7e80e82b7670c09485ce83869a287ef51dcb59c,jbpm-case-mgmt/jbpm-case-mgmt-impl,nondex,org.jbpm.casemgmt.impl.StageCompletionConditionTest#testNoActiveTasksCondition,org.jbpm.casemgmt.impl.StageCompletionConditionTest#testNoActiveTasksCondition,FAILED,,,,,,,BASELINE_FAILED,11.75,
jbpm,https://github.com/kiegroup/jbpm,f7e80e82b7670c09485ce83869a287ef51dcb59c,jbpm-case-mgmt/jbpm-case-mgmt-impl,nondex,org.jbpm.casemgmt.impl.StageCompletionConditionTest#testProcessVariable,org.jbpm.casemgmt.impl.StageCompletionConditionTest#testProcessVariable,FAILED,,,,,,,BASELINE_FAILED,12.1,
jbpm,https://github.com/kiegroup/jbpm,f7e80e82b7670c09485ce83869a287ef51dcb59c,jbpm-case-mgmt/jbpm-case-mgmt-impl,nondex,org.jbpm.casemgmt.impl.SubCaseServiceImplTest#testCaseWithSubCaseQuery,org.jbpm.casemgmt.impl.SubCaseServiceImplTest#testCaseWithSubCaseQuery,FAILED,,,,,,,BASELINE_FAILED,11.45,
jbpm,https://github.com/kiegroup/jbpm,f7e80e82b7670c09485ce83869a287ef51dcb59c,jbpm-case-mgmt/jbpm-case-mgmt-impl,nondex,org.jbpm.casemgmt.impl.SubCaseServiceImplTest#testStartCaseWithDynamicSubCaseAbortMainCase,org.jbpm.casemgmt.impl.SubCaseServiceImplTest#testStartCaseWithDynamicSubCaseAbortMainCase,FAILED,,,,,,,BASELINE_FAILED,11.4,
jbpm,https://github.com/kiegroup/jbpm,f7e80e82b7670c09485ce83869a287ef51dcb59c,jbpm-case-mgmt/jbpm-case-mgmt-impl,nondex,org.jbpm.casemgmt.impl.SubCaseServiceImplTest#testStartCaseWithDynamicSubCaseCancelSubCase,org.jbpm.casemgmt.impl.SubCaseServiceImplTest#testStartCaseWithDynamicSubCaseCancelSubCase,FAILED,,,,,,,BASELINE_FAILED,11.3,
jbpm,https://github.com/kiegroup/jbpm,f7e80e82b7670c09485ce83869a287ef51dcb59c,jbpm-case-mgmt/jbpm-case-mgmt-impl,nondex,org.jbpm.casemgmt.impl.SubCaseServiceImplTest#testStartCaseWithDynamicSubCaseCloseSubCase,org.jbpm.casemgmt.impl.SubCaseServiceImplTest#testStartCaseWithDynamicSubCaseCloseSubCase,FAILED,,,,,,,BASELINE_FAILED,11.15,
jbpm,https://github.com/kiegroup/jbpm,f7e80e82b7670c09485ce83869a287ef51dcb59c,jbpm-case-mgmt/jbpm-case-mgmt-impl,nondex,org.jbpm.casemgmt.impl.SubCaseServiceImplTest#testStartCaseWithDynamicSubCaseDestroySubCase,org.jbpm.casemgmt.impl.SubCaseServiceImplTest#testStartCaseWithDynamicSubCaseDestroySubCase,FAILED,,,,,,,BASELINE_FAILED,11.4,
jbpm,https://github.com/kiegroup/jbpm,f7e80e82b7670c09485ce83869a287ef51dcb59c,jbpm-case-mgmt/jbpm-case-mgmt-impl,nondex,org.jbpm.casemgmt.impl.SubCaseServiceImplTest#testStartCaseWithIndependentDynamicSubCaseAbortMainCase,org.jbpm.casemgmt.impl.SubCaseServiceImplTest#testStartCaseWithIndependentDynamicSubCaseAbortMainCase,FAILED,,,,,,,BASELINE_FAILED,11.5,
jbpm,https://github.com/kiegroup/jbpm,f7e80e82b7670c09485ce83869a287ef51dcb59c,jbpm-case-mgmt/jbpm-case-mgmt-impl,nondex,org.jbpm.casemgmt.impl.SubCaseServiceImplTest#testStartCaseWithIndependentDynamicSubCaseCancelSubCase,org.jbpm.casemgmt.impl.SubCaseServiceImplTest#testStartCaseWithIndependentDynamicSubCaseCancelSubCase,FAILED,,,,,,,BASELINE_FAILED,11.2,
jbpm,https://github.com/kiegroup/jbpm,f7e80e82b7670c09485ce83869a287ef51dcb59c,jbpm-case-mgmt/jbpm-case-mgmt-impl,nondex,org.jbpm.casemgmt.impl.SubCaseServiceImplTest#testStartCaseWithIndependentDynamicSubCaseCloseSubCase,org.jbpm.casemgmt.impl.SubCaseServiceImplTest#testStartCaseWithIndependentDynamicSubCaseCloseSubCase,FAILED,,,,,,,BASELINE_FAILED,11.45,
jbpm,https://github.com/kiegroup/jbpm,f7e80e82b7670c09485ce83869a287ef51dcb59c,jbpm-case-mgmt/jbpm-case-mgmt-impl,nondex,org.jbpm.casemgmt.impl.SubCaseServiceImplTest#testStartCaseWithIndependentDynamicSubCaseDestroySubCase,org.jbpm.casemgmt.impl.SubCaseServiceImplTest#testStartCaseWithIndependentDynamicSubCaseDestroySubCase,FAILED,,,,,,,BASELINE_FAILED,11.45,
jbpm,https://github.com/kiegroup/jbpm,f7e80e82b7670c09485ce83869a287ef51dcb59c,jbpm-case-mgmt/jbpm-case-mgmt-impl,nondex,org.jbpm.casemgmt.impl.SubCaseServiceImplTest#testStartCaseWithSubCaseAbortProcessInstanceOfSubCase,org.jbpm.casemgmt.impl.SubCaseServiceImplTest#testStartCaseWithSubCaseAbortProcessInstanceOfSubCase,FAILED,,,,,,,BASELINE_FAILED,11.7,
jbpm,https://github.com/kiegroup/jbpm,f7e80e82b7670c09485ce83869a287ef51dcb59c,jbpm-case-mgmt/jbpm-case-mgmt-impl,nondex,org.jbpm.casemgmt.impl.SubCaseServiceImplTest#testStartCaseWithSubCaseDestroySubCase,org.jbpm.casemgmt.impl.SubCaseServiceImplTest#testStartCaseWithSubCaseDestroySubCase,FAILED,,,,,,,BASELINE_FAILED,11.4,
jbpm,https://github.com/kiegroup/jbpm,f7e80e82b7670c09485ce83869a287ef51dcb59c,jbpm-case-mgmt/jbpm-case-mgmt-impl,nondex,org.jbpm.casemgmt.impl.SubCaseServiceImplTest#testStartProcessWithSubCaseDestroySubCase,org.jbpm.casemgmt.impl.SubCaseServiceImplTest#testStartProcessWithSubCaseDestroySubCase,FAILED,,,,,,,BASELINE_FAILED,11.35,
jbpm,https://github.com/kiegroup/jbpm,f7e80e82b7670c09485ce83869a287ef51dcb59c,jbpm-case-mgmt/jbpm-case-mgmt-impl,nondex,org.jbpm.casemgmt.impl.admin.CaseInstanceMigrationServiceImplTest#testMigrateSingleCaseInstance,org.jbpm.casemgmt.impl.admin.CaseInstanceMigrationServiceImplTest#testMigrateSingleCaseInstance,FAILED,,,,,,,BASELINE_FAILED,11.4,
jbpm,https://github.com/kiegroup/jbpm,f7e80e82b7670c09485ce83869a287ef51dcb59c,jbpm-case-mgmt/jbpm-case-mgmt-impl,nondex,org.jbpm.casemgmt.impl.admin.CaseInstanceMigrationServiceImplTest#testMigrateSingleCaseInstanceMissingMapping,org.jbpm.casemgmt.impl.admin.CaseInstanceMigrationServiceImplTest#testMigrateSingleCaseInstanceMissingMapping,FAILED,,,,,,,BASELINE_FAILED,11.55,
jbpm,https://github.com/kiegroup/jbpm,f7e80e82b7670c09485ce83869a287ef51dcb59c,jbpm-case-mgmt/jbpm-case-mgmt-impl,nondex,org.jbpm.casemgmt.impl.admin.CaseInstanceMigrationServiceImplTest#testMigrateSingleCaseInstanceNotExisting,org.jbpm.casemgmt.impl.admin.CaseInstanceMigrationServiceImplTest#testMigrateSingleCaseInstanceNotExisting,FAILED,,,,,,,BASELINE_FAILED,11.65,
jbpm,https://github.com/kiegroup/jbpm,f7e80e82b7670c09485ce83869a287ef51dcb59c,jbpm-case-mgmt/jbpm-case-mgmt-impl,nondex,org.jbpm.casemgmt.impl.admin.CaseInstanceMigrationServiceImplTest#testMigrateSingleCaseInstanceWithDynamicSubprocess,org.jbpm.casemgmt.impl.admin.CaseInstanceMigrationServiceImplTest#testMigrateSingleCaseInstanceWithDynamicSubprocess,FAILED,,,,,,,BASELINE_FAILED,11.6,
jbpm,https://github.com/kiegroup/jbpm,f7e80e82b7670c09485ce83869a287ef51dcb59c,jbpm-case-mgmt/jbpm-case-mgmt-impl,nondex,org.jbpm.casemgmt.impl.admin.CaseInstanceMigrationServiceImplTest#testMigrateSingleCaseInstanceWithDynamicSubprocessNodeMapping,org.jbpm.casemgmt.impl.admin.CaseInstanceMigrationServiceImplTest#testMigrateSingleCaseInstanceWithDynamicSubprocessNodeMapping,FAILED,,,,,,,BASELINE_FAILED,11.4,
jbpm,https://github.com/kiegroup/jbpm,f7e80e82b7670c09485ce83869a287ef51dcb59c,jbpm-case-mgmt/jbpm-case-mgmt-impl,nondex,org.jbpm.casemgmt.impl.admin.CaseInstanceMigrationServiceImplTest#testMigrateSingleCaseInstanceWithDynamicSubprocessRevert,org.jbpm.casemgmt.impl.admin.CaseInstanceMigrationServiceImplTest#testMigrateSingleCaseInstanceWithDynamicSubprocessRevert,FAILED,,,,,,,BASELINE_FAILED,11.45,
jbpm,https://github.com/kiegroup/jbpm,f7e80e82b7670c09485ce83869a287ef51dcb59c,jbpm-case-mgmt/jbpm-case-mgmt-impl,nondex,org.jbpm.casemgmt.impl.event.CommentNotificationEventListenerTest#testNotificationOnCommentAdded,org.jbpm.casemgmt.impl.event.CommentNotificationEventListenerTest#testNotificationOnCommentAdded,FAILED,,,,,,,BASELINE_FAILED,11.4,
jbpm,https://github.com/kiegroup/jbpm,f7e80e82b7670c09485ce83869a287ef51dcb59c,jbpm-case-mgmt/jbpm-case-mgmt-impl,nondex,org.jbpm.casemgmt.impl.event.CommentNotificationEventListenerTest#testNotificationOnCommentAddedWithRawBody,org.jbpm.casemgmt.impl.event.CommentNotificationEventListenerTest#testNotificationOnCommentAddedWithRawBody,FAILED,,,,,,,BASELINE_FAILED,11.9,
jmeter-maven-plugin,https://github.com/jmeter-maven-plugin/jmeter-maven-plugin,618363c461843ec2849cdc15d53ee85bdbaec3f2,.,nondex,com.lazerycode.jmeter.json.TestConfigTest#createConfigFromResourceFile,com.lazerycode.jmeter.json.TestConfigTest#createConfigFromResourceFile,SUCCESS,SUCCESS,SUCCESS,SUCCESS,SUCCESS,FAILED,,BARRIERPOINTSEARCH_FAILED,64.97,/home/a360/research/flaky-test-detection-results/FlakeSyncResults/artifacts/jmeter-maven-plugin/com.lazerycode.jmeter.json.TestConfigTest_createConfigFromResourceFile
json-io,https://github.com/jdereg/json-io,8d46689078710b044c80ff577c486e323d035eb5,.,nondex,com.cedarsoftware.util.io.AtomicBooleanTest#testAssignAtomicBoolean,com.cedarsoftware.util.io.AtomicBooleanTest#testAssignAtomicBoolean,SUCCESS,SUCCESS,SUCCESS,SUCCESS,SUCCESS,FAILED,,BARRIERPOINTSEARCH_FAILED,83.03,/home/a360/research/flaky-test-detection-results/FlakeSyncResults/artifacts/json-io/com.cedarsoftware.util.io.AtomicBooleanTest_testAssignAtomicBoolean
json-io,https://github.com/jdereg/json-io,8d46689078710b044c80ff577c486e323d035eb5,.,nondex,com.cedarsoftware.util.io.AtomicIntegerTest#testAssignAtomicInteger,com.cedarsoftware.util.io.AtomicIntegerTest#testAssignAtomicInteger,SUCCESS,SUCCESS,SUCCESS,SUCCESS,SUCCESS,FAILED,,BARRIERPOINTSEARCH_FAILED,67.35,/home/a360/research/flaky-test-detection-results/FlakeSyncResults/artifacts/json-io/com.cedarsoftware.util.io.AtomicIntegerTest_testAssignAtomicInteger
json-io,https://github.com/jdereg/json-io,8d46689078710b044c80ff577c486e323d035eb5,.,nondex,com.cedarsoftware.util.io.AtomicLongTest#testAssignAtomicLong,com.cedarsoftware.util.io.AtomicLongTest#testAssignAtomicLong,SUCCESS,SUCCESS,SUCCESS,SUCCESS,SUCCESS,FAILED,,BARRIERPOINTSEARCH_FAILED,88.82,/home/a360/research/flaky-test-detection-results/FlakeSyncResults/artifacts/json-io/com.cedarsoftware.util.io.AtomicLongTest_testAssignAtomicLong
json-io,https://github.com/jdereg/json-io,8d46689078710b044c80ff577c486e323d035eb5,.,nondex,com.cedarsoftware.util.io.CollectionTests#testEnumsInsideOfACollection_whenWritingAsObject_withPrivateMembersIncluded,com.cedarsoftware.util.io.CollectionTests#testEnumsInsideOfACollection_whenWritingAsObject_withPrivateMembersIncluded,SUCCESS,SUCCESS,SUCCESS,SUCCESS,SUCCESS,FAILED,,BARRIERPOINTSEARCH_FAILED,89.98,/home/a360/research/flaky-test-detection-results/FlakeSyncResults/artifacts/json-io/com.cedarsoftware.util.io.CollectionTests_testEnumsInsideOfACollection_whenWritingAsObject_withPrivateMembersIncluded
json-io,https://github.com/jdereg/json-io,8d46689078710b044c80ff577c486e323d035eb5,.,nondex,com.cedarsoftware.util.io.CollectionTests#testReconstituteCollection2,com.cedarsoftware.util.io.CollectionTests#testReconstituteCollection2,SUCCESS,SUCCESS,SUCCESS,SUCCESS,SUCCESS,FAILED,,BARRIERPOINTSEARCH_FAILED,93.53,/home/a360/research/flaky-test-detection-results/FlakeSyncResults/artifacts/json-io/com.cedarsoftware.util.io.CollectionTests_testReconstituteCollection2
json-io,https://github.com/jdereg/json-io,8d46689078710b044c80ff577c486e323d035eb5,.,nondex,com.cedarsoftware.util.io.EnumTests#testEnumWithPrivateMembersAsField_withPrivatesOn,com.cedarsoftware.util.io.EnumTests#testEnumWithPrivateMembersAsField_withPrivatesOn,SUCCESS,SUCCESS,SUCCESS,SUCCESS,SUCCESS,FAILED,,BARRIERPOINTSEARCH_FAILED,91.2,/home/a360/research/flaky-test-detection-results/FlakeSyncResults/artifacts/json-io/com.cedarsoftware.util.io.EnumTests_testEnumWithPrivateMembersAsField_withPrivatesOn
json-io,https://github.com/jdereg/json-io,8d46689078710b044c80ff577c486e323d035eb5,.,nondex,com.cedarsoftware.util.io.MapsTest#testMap,com.cedarsoftware.util.io.MapsTest#testMap,SUCCESS,SUCCESS,SUCCESS,SUCCESS,SUCCESS,FAILED,,BARRIERPOINTSEARCH_FAILED,90.28,/home/a360/research/flaky-test-detection-results/FlakeSyncResults/artifacts/json-io/com.cedarsoftware.util.io.MapsTest_testMap
json-io,https://github.com/jdereg/json-io,8d46689078710b044c80ff577c486e323d035eb5,.,nondex,com.cedarsoftware.util.io.MapsTest#testReconstituteMap,com.cedarsoftware.util.io.MapsTest#testReconstituteMap,SUCCESS,SUCCESS,SUCCESS,SUCCESS,SUCCESS,FAILED,,BARRIERPOINTSEARCH_FAILED,89.19,/home/a360/research/flaky-test-detection-results/FlakeSyncResults/artifacts/json-io/com.cedarsoftware.util.io.MapsTest_testReconstituteMap
json-io,https://github.com/jdereg/json-io,8d46689078710b044c80ff577c486e323d035eb5,.,nondex,com.cedarsoftware.util.io.PrettyPrintTest#testPrettyPrint,com.cedarsoftware.util.io.PrettyPrintTest#testPrettyPrint,SUCCESS,SUCCESS,SUCCESS,SUCCESS,SUCCESS,FAILED,,BARRIERPOINTSEARCH_FAILED,89.4,/home/a360/research/flaky-test-detection-results/FlakeSyncResults/artifacts/json-io/com.cedarsoftware.util.io.PrettyPrintTest_testPrettyPrint
json-io,https://github.com/jdereg/json-io,8d46689078710b044c80ff577c486e323d035eb5,.,nondex,com.cedarsoftware.util.io.TestNoType#testNoType,com.cedarsoftware.util.io.TestNoType#testNoType,SUCCESS,SUCCESS,SUCCESS,SUCCESS,SUCCESS,FAILED,,BARRIERPOINTSEARCH_FAILED,90.74,/home/a360/research/flaky-test-detection-results/FlakeSyncResults/artifacts/json-io/com.cedarsoftware.util.io.TestNoType_testNoType
json-sanitizer,https://github.com/OWASP/json-sanitizer,fc612ab374de73d03864d56fb87b6a103b234489,.,nondex,com.google.json.EvalMinifierTest#testMinify,com.google.json.EvalMinifierTest#testMinify,SUCCESS,SUCCESS,SUCCESS,SUCCESS,SUCCESS,FAILED,,BARRIERPOINTSEARCH_FAILED,29.0,/home/a360/research/flaky-test-detection-results/FlakeSyncResults/artifacts/json-sanitizer/com.google.json.EvalMinifierTest_testMinify
json-schema,https://github.com/everit-org/json-schema,81f0b2f5381cf964a49570a5f80bc78e12b5982b,core,nondex,org.everit.json.schema.ObjectSchemaTest#toStringNoAdditionalProperties,org.everit.json.schema.ObjectSchemaTest#toStringNoAdditionalProperties,SUCCESS,SUCCESS,SUCCESS,SUCCESS,SUCCESS,FAILED,,BARRIERPOINTSEARCH_FAILED,44.87,/home/a360/research/flaky-test-detection-results/FlakeSyncResults/artifacts/json-schema/org.everit.json.schema.ObjectSchemaTest_toStringNoAdditionalProperties
json-schema,https://github.com/everit-org/json-schema,81f0b2f5381cf964a49570a5f80bc78e12b5982b,core,nondex,org.everit.json.schema.ObjectSchemaTest#toStringNoExplicitType,org.everit.json.schema.ObjectSchemaTest#toStringNoExplicitType,SUCCESS,SUCCESS,SUCCESS,SUCCESS,SUCCESS,FAILED,,BARRIERPOINTSEARCH_FAILED,44.62,/home/a360/research/flaky-test-detection-results/FlakeSyncResults/artifacts/json-schema/org.everit.json.schema.ObjectSchemaTest_toStringNoExplicitType
json-schema,https://github.com/everit-org/json-schema,81f0b2f5381cf964a49570a5f80bc78e12b5982b,core,nondex,org.everit.json.schema.ObjectSchemaTest#toStringWithUnprocessedProps,org.everit.json.schema.ObjectSchemaTest#toStringWithUnprocessedProps,SUCCESS,SUCCESS,SUCCESS,SUCCESS,SUCCESS,FAILED,,BARRIERPOINTSEARCH_FAILED,44.17,/home/a360/research/flaky-test-detection-results/FlakeSyncResults/artifacts/json-schema/org.everit.json.schema.ObjectSchemaTest_toStringWithUnprocessedProps
JsonRpc4J,https://github.com/EliasStar/JsonRpc4J,6d7f58389e86efa4f44cc8906a7d1963b7f208b9,.,nondex,eliasstar.gson.OptionalTypeAdapterTests#testOptionalSerialization,eliasstar.gson.OptionalTypeAdapterTests#testOptionalSerialization,SUCCESS,SUCCESS,SUCCESS,SUCCESS,SUCCESS,FAILED,,BARRIERPOINTSEARCH_FAILED,31.11,/home/a360/research/flaky-test-detection-results/FlakeSyncResults/artifacts/JsonRpc4J/eliasstar.gson.OptionalTypeAdapterTests_testOptionalSerialization
JsonRpc4J,https://github.com/EliasStar/JsonRpc4J,6d7f58389e86efa4f44cc8906a7d1963b7f208b9,.,nondex,eliasstar.jsonrpc.ConnectionTests#testNotificationSending,eliasstar.jsonrpc.ConnectionTests#testNotificationSending,SUCCESS,SUCCESS,SUCCESS,SUCCESS,SUCCESS,FAILED,,BARRIERPOINTSEARCH_FAILED,32.36,/home/a360/research/flaky-test-detection-results/FlakeSyncResults/artifacts/JsonRpc4J/eliasstar.jsonrpc.ConnectionTests_testNotificationSending
JsonRpc4J,https://github.com/EliasStar/JsonRpc4J,6d7f58389e86efa4f44cc8906a7d1963b7f208b9,.,nondex,eliasstar.jsonrpc.objects.NotificationTests#testNotificationSerialization,eliasstar.jsonrpc.objects.NotificationTests#testNotificationSerialization,SUCCESS,SUCCESS,SUCCESS,SUCCESS,SUCCESS,FAILED,,BARRIERPOINTSEARCH_FAILED,31.31,/home/a360/research/flaky-test-detection-results/FlakeSyncResults/artifacts/JsonRpc4J/eliasstar.jsonrpc.objects.NotificationTests_testNotificationSerialization
JsonRpc4J,https://github.com/EliasStar/JsonRpc4J,6d7f58389e86efa4f44cc8906a7d1963b7f208b9,.,nondex,eliasstar.jsonrpc.objects.RequestTests#testRequestIdSerialization,eliasstar.jsonrpc.objects.RequestTests#testRequestIdSerialization,SUCCESS,SUCCESS,SUCCESS,SUCCESS,SUCCESS,FAILED,,BARRIERPOINTSEARCH_FAILED,31.16,/home/a360/research/flaky-test-detection-results/FlakeSyncResults/artifacts/JsonRpc4J/eliasstar.jsonrpc.objects.RequestTests_testRequestIdSerialization
JsonRpc4J,https://github.com/EliasStar/JsonRpc4J,6d7f58389e86efa4f44cc8906a7d1963b7f208b9,.,nondex,eliasstar.jsonrpc.objects.RequestTests#testRequestParamsSerialization,eliasstar.jsonrpc.objects.RequestTests#testRequestParamsSerialization,SUCCESS,SUCCESS,SUCCESS,SUCCESS,SUCCESS,FAILED,,BARRIERPOINTSEARCH_FAILED,31.16,/home/a360/research/flaky-test-detection-results/FlakeSyncResults/artifacts/JsonRpc4J/eliasstar.jsonrpc.objects.RequestTests_testRequestParamsSerialization
jsonToOrmMapper,https://github.com/PSteph/jsonToOrmMapper,b84ba5c14dd40ca9f8556ba7b4bae6e868b3668e,.,nondex,com.p2sdev.jsonToOrmMapper.AppTest#testValidJSONObject,com.p2sdev.jsonToOrmMapper.AppTest#testValidJSONObject,SUCCESS,SUCCESS,SUCCESS,SUCCESS,SUCCESS,FAILED,,BARRIERPOINTSEARCH_FAILED,23.59,/home/a360/research/flaky-test-detection-results/FlakeSyncResults/artifacts/jsonToOrmMapper/com.p2sdev.jsonToOrmMapper.AppTest_testValidJSONObject
junit4,https://github.com/junit-team/junit4,7167b23b3ba7dd79410f6e9db350d16cbe30617b,.,nondex,org.junit.internal.ArrayComparisonFailureTest#classShouldAccept411Version,org.junit.internal.ArrayComparisonFailureTest#classShouldAccept411Version,SUCCESS,SUCCESS,SUCCESS,SUCCESS,SUCCESS,FAILED,,BARRIERPOINTSEARCH_FAILED,88.47,/home/a360/research/flaky-test-detection-results/FlakeSyncResults/artifacts/junit4/org.junit.internal.ArrayComparisonFailureTest_classShouldAccept411Version
junit4,https://github.com/junit-team/junit4,7167b23b3ba7dd79410f6e9db350d16cbe30617b,.,nondex,org.junit.internal.ArrayComparisonFailureTest#classShouldAccept412Version,org.junit.internal.ArrayComparisonFailureTest#classShouldAccept412Version,SUCCESS,SUCCESS,SUCCESS,SUCCESS,SUCCESS,FAILED,,BARRIERPOINTSEARCH_FAILED,81.63,/home/a360/research/flaky-test-detection-results/FlakeSyncResults/artifacts/junit4/org.junit.internal.ArrayComparisonFailureTest_classShouldAccept412Version
junit4,https://github.com/junit-team/junit4,7167b23b3ba7dd79410f6e9db350d16cbe30617b,.,nondex,org.junit.internal.ChecksTest#notNullShouldReturnNonNullValues,org.junit.internal.ChecksTest#notNullShouldReturnNonNullValues,SUCCESS,SUCCESS,SUCCESS,SUCCESS,SUCCESS,FAILED,,BARRIERPOINTSEARCH_FAILED,79.38,/home/a360/research/flaky-test-detection-results/FlakeSyncResults/artifacts/junit4/org.junit.internal.ChecksTest_notNullShouldReturnNonNullValues
junit4,https://github.com/junit-team/junit4,7167b23b3ba7dd79410f6e9db350d16cbe30617b,.,nondex,org.junit.internal.ChecksTest#notNullShouldThrowOnNullValues,org.junit.internal.ChecksTest#notNullShouldThrowOnNullValues,SUCCESS,SUCCESS,SUCCESS,SUCCESS,SUCCESS,FAILED,,BARRIERPOINTSEARCH_FAILED,79.63,/home/a360/research/flaky-test-detection-results/FlakeSyncResults/artifacts/junit4/org.junit.internal.ChecksTest_notNullShouldThrowOnNullValues
junit4,https://github.com/junit-team/junit4,7167b23b3ba7dd79410f6e9db350d16cbe30617b,.,nondex,org.junit.internal.ChecksTest#notNullWithMessageShouldReturnNonNullValues,org.junit.internal.ChecksTest#notNullWithMessageShouldReturnNonNullValues,SUCCESS,SUCCESS,SUCCESS,SUCCESS,SUCCESS,FAILED,,BARRIERPOINTSEARCH_FAILED,80.37,/home/a360/research/flaky-test-detection-results/FlakeSyncResults/artifacts/junit4/org.junit.internal.ChecksTest_notNullWithMessageShouldReturnNonNullValues
junit4,https://github.com/junit-team/junit4,7167b23b3ba7dd79410f6e9db350d16cbe30617b,.,nondex,org.junit.internal.ChecksTest#notNullWithMessageShouldThrowOnNullValues,org.junit.internal.ChecksTest#notNullWithMessageShouldThrowOnNullValues,SUCCESS,SUCCESS,SUCCESS,SUCCESS,SUCCESS,FAILED,,BARRIERPOINTSEARCH_FAILED,79.68,/home/a360/research/flaky-test-detection-results/FlakeSyncResults/artifacts/junit4/org.junit.internal.ChecksTest_notNullWithMessageShouldThrowOnNullValues
junit4,https://github.com/junit-team/junit4,7167b23b3ba7dd79410f6e9db350d16cbe30617b,.,nondex,org.junit.internal.ChecksTest#notNullWithNullMessageShouldThrowOnNullValues,org.junit.internal.ChecksTest#notNullWithNullMessageShouldThrowOnNullValues,SUCCESS,SUCCESS,SUCCESS,SUCCESS,SUCCESS,FAILED,,BARRIERPOINTSEARCH_FAILED,79.03,/home/a360/research/flaky-test-detection-results/FlakeSyncResults/artifacts/junit4/org.junit.internal.ChecksTest_notNullWithNullMessageShouldThrowOnNullValues
junit4,https://github.com/junit-team/junit4,7167b23b3ba7dd79410f6e9db350d16cbe30617b,.,nondex,org.junit.internal.MethodSorterTest#testAscendingMethodSorter,org.junit.internal.MethodSorterTest#testAscendingMethodSorter,SUCCESS,SUCCESS,SUCCESS,SUCCESS,SUCCESS,FAILED,,BARRIERPOINTSEARCH_FAILED,78.97,/home/a360/research/flaky-test-detection-results/FlakeSyncResults/artifacts/junit4/org.junit.internal.MethodSorterTest_testAscendingMethodSorter
junit4,https://github.com/junit-team/junit4,7167b23b3ba7dd79410f6e9db350d16cbe30617b,.,nondex,org.junit.internal.MethodSorterTest#testDefaultMethodSorter,org.junit.internal.MethodSorterTest#testDefaultMethodSorter,SUCCESS,SUCCESS,SUCCESS,SUCCESS,SUCCESS,FAILED,,BARRIERPOINTSEARCH_FAILED,78.72,/home/a360/research/flaky-test-detection-results/FlakeSyncResults/artifacts/junit4/org.junit.internal.MethodSorterTest_testDefaultMethodSorter
junit4,https://github.com/junit-team/junit4,7167b23b3ba7dd79410f6e9db350d16cbe30617b,.,nondex,org.junit.internal.MethodSorterTest#testJvmMethodSorter,org.junit.internal.MethodSorterTest#testJvmMethodSorter,SUCCESS,SUCCESS,SUCCESS,SUCCESS,SUCCESS,FAILED,,BARRIERPOINTSEARCH_FAILED,79.88,/home/a360/research/flaky-test-detection-results/FlakeSyncResults/artifacts/junit4/org.junit.internal.MethodSorterTest_testJvmMethodSorter
junit4,https://github.com/junit-team/junit4,7167b23b3ba7dd79410f6e9db350d16cbe30617b,.,nondex,org.junit.internal.MethodSorterTest#testMethodsNullSorterSelf,org.junit.internal.MethodSorterTest#testMethodsNullSorterSelf,SUCCESS,SUCCESS,SUCCESS,SUCCESS,SUCCESS,FAILED,,BARRIERPOINTSEARCH_FAILED,80.58,/home/a360/research/flaky-test-detection-results/FlakeSyncResults/artifacts/junit4/org.junit.internal.MethodSorterTest_testMethodsNullSorterSelf
junit4,https://github.com/junit-team/junit4,7167b23b3ba7dd79410f6e9db350d16cbe30617b,.,nondex,org.junit.internal.MethodSorterTest#testMethodsNullSorterSub,org.junit.internal.MethodSorterTest#testMethodsNullSorterSub,SUCCESS,SUCCESS,SUCCESS,SUCCESS,SUCCESS,FAILED,,BARRIERPOINTSEARCH_FAILED,79.52,/home/a360/research/flaky-test-detection-results/FlakeSyncResults/artifacts/junit4/org.junit.internal.MethodSorterTest_testMethodsNullSorterSub
junit4,https://github.com/junit-team/junit4,7167b23b3ba7dd79410f6e9db350d16cbe30617b,.,nondex,org.junit.internal.MethodSorterTest#testMethodsNullSorterSuper,org.junit.internal.MethodSorterTest#testMethodsNullSorterSuper,SUCCESS,SUCCESS,SUCCESS,SUCCESS,SUCCESS,FAILED,,BARRIERPOINTSEARCH_FAILED,79.22,/home/a360/research/flaky-test-detection-results/FlakeSyncResults/artifacts/junit4/org.junit.internal.MethodSorterTest_testMethodsNullSorterSuper
junit4,https://github.com/junit-team/junit4,7167b23b3ba7dd79410f6e9db350d16cbe30617b,.,nondex,org.junit.internal.builders.AnnotatedBuilderTest#annotatedMemberClassInsideAnnotatedTopLevelClass_isRunWithOwnRunner,org.junit.internal.builders.AnnotatedBuilderTest#annotatedMemberClassInsideAnnotatedTopLevelClass_isRunWithOwnRunner,SUCCESS,SUCCESS,SUCCESS,SUCCESS,SUCCESS,FAILED,,BARRIERPOINTSEARCH_FAILED,79.53,/home/a360/research/flaky-test-detection-results/FlakeSyncResults/artifacts/junit4/org.junit.internal.builders.AnnotatedBuilderTest_annotatedMemberClassInsideAnnotatedTopLevelClass_isRunWithOwnRunner
junit4,https://github.com/junit-team/junit4,7167b23b3ba7dd79410f6e9db350d16cbe30617b,.,nondex,org.junit.internal.builders.AnnotatedBuilderTest#memberClassDeepInsideAnnotatedMemberClass_isRunWithParentMemberClassRunner,org.junit.internal.builders.AnnotatedBuilderTest#memberClassDeepInsideAnnotatedMemberClass_isRunWithParentMemberClassRunner,SUCCESS,SUCCESS,SUCCESS,SUCCESS,SUCCESS,FAILED,,BARRIERPOINTSEARCH_FAILED,79.12,/home/a360/research/flaky-test-detection-results/FlakeSyncResults/artifacts/junit4/org.junit.internal.builders.AnnotatedBuilderTest_memberClassDeepInsideAnnotatedMemberClass_isRunWithParentMemberClassRunner
junit4,https://github.com/junit-team/junit4,7167b23b3ba7dd79410f6e9db350d16cbe30617b,.,nondex,org.junit.internal.builders.AnnotatedBuilderTest#memberClassDeepInsideAnnotatedTopLevelClass_isRunWithTopLevelRunner,org.junit.internal.builders.AnnotatedBuilderTest#memberClassDeepInsideAnnotatedTopLevelClass_isRunWithTopLevelRunner,SUCCESS,SUCCESS,SUCCESS,SUCCESS,SUCCESS,FAILED,,BARRIERPOINTSEARCH_FAILED,80.13,/home/a360/research/flaky-test-detection-results/FlakeSyncResults/artifacts/junit4/org.junit.internal.builders.AnnotatedBuilderTest_memberClassDeepInsideAnnotatedTopLevelClass_isRunWithTopLevelRunner
junit4,https://github.com/junit-team/junit4,7167b23b3ba7dd79410f6e9db350d16cbe30617b,.,nondex,org.junit.internal.builders.AnnotatedBuilderTest#memberClassInsideAnnotatedTopLevelClass_isRunWithTopLevelRunner,org.junit.internal.builders.AnnotatedBuilderTest#memberClassInsideAnnotatedTopLevelClass_isRunWithTopLevelRunner,SUCCESS,SUCCESS,SUCCESS,SUCCESS,SUCCESS,FAILED,,BARRIERPOINTSEARCH_FAILED,79.83,/home/a360/research/flaky-test-detection-results/FlakeSyncResults/artifacts/junit4/org.junit.internal.builders.AnnotatedBuilderTest_memberClassInsideAnnotatedTopLevelClass_isRunWithTopLevelRunner
junit4,https://github.com/junit-team/junit4,7167b23b3ba7dd79410f6e9db350d16cbe30617b,.,nondex,org.junit.internal.builders.AnnotatedBuilderTest#topLevelTestClassWithAnnotation_isRunWithAnnotatedRunner,org.junit.internal.builders.AnnotatedBuilderTest#topLevelTestClassWithAnnotation_isRunWithAnnotatedRunner,SUCCESS,SUCCESS,SUCCESS,SUCCESS,SUCCESS,FAILED,,BARRIERPOINTSEARCH_FAILED,79.94,/home/a360/research/flaky-test-detection-results/FlakeSyncResults/artifacts/junit4/org.junit.internal.builders.AnnotatedBuilderTest_topLevelTestClassWithAnnotation_isRunWithAnnotatedRunner
junit4,https://github.com/junit-team/junit4,7167b23b3ba7dd79410f6e9db350d16cbe30617b,.,nondex,org.junit.internal.builders.AnnotatedBuilderTest#topLevelTestClassWithoutAnnotation_isRunWithDefaultRunner,org.junit.internal.builders.AnnotatedBuilderTest#topLevelTestClassWithoutAnnotation_isRunWithDefaultRunner,SUCCESS,SUCCESS,SUCCESS,SUCCESS,SUCCESS,FAILED,,BARRIERPOINTSEARCH_FAILED,80.07,/home/a360/research/flaky-test-detection-results/FlakeSyncResults/artifacts/junit4/org.junit.internal.builders.AnnotatedBuilderTest_topLevelTestClassWithoutAnnotation_isRunWithDefaultRunner
junit4,https://github.com/junit-team/junit4,7167b23b3ba7dd79410f6e9db350d16cbe30617b,.,nondex,org.junit.internal.matchers.StacktracePrintingMatcherTest#assertThatIncludesStacktrace,org.junit.internal.matchers.StacktracePrintingMatcherTest#assertThatIncludesStacktrace,SUCCESS,SUCCESS,SUCCESS,SUCCESS,SUCCESS,FAILED,,BARRIERPOINTSEARCH_FAILED,79.37,/home/a360/research/flaky-test-detection-results/FlakeSyncResults/artifacts/junit4/org.junit.internal.matchers.StacktracePrintingMatcherTest_assertThatIncludesStacktrace
junit4,https://github.com/junit-team/junit4,7167b23b3ba7dd79410f6e9db350d16cbe30617b,.,nondex,org.junit.internal.matchers.StacktracePrintingMatcherTest#failsWhenInnerMatcherFails,org.junit.internal.matchers.StacktracePrintingMatcherTest#failsWhenInnerMatcherFails,SUCCESS,SUCCESS,SUCCESS,SUCCESS,SUCCESS,FAILED,,BARRIERPOINTSEARCH_FAILED,79.62,/home/a360/research/flaky-test-detection-results/FlakeSyncResults/artifacts/junit4/org.junit.internal.matchers.StacktracePrintingMatcherTest_failsWhenInnerMatcherFails
junit4,https://github.com/junit-team/junit4,7167b23b3ba7dd79410f6e9db350d16cbe30617b,.,nondex,org.junit.internal.matchers.StacktracePrintingMatcherTest#succeedsWhenInnerMatcherSucceeds,org.junit.internal.matchers.StacktracePrintingMatcherTest#succeedsWhenInnerMatcherSucceeds,SUCCESS,SUCCESS,SUCCESS,SUCCESS,SUCCESS,FAILED,,BARRIERPOINTSEARCH_FAILED,79.23,/home/a360/research/flaky-test-detection-results/FlakeSyncResults/artifacts/junit4/org.junit.internal.matchers.StacktracePrintingMatcherTest_succeedsWhenInnerMatcherSucceeds
junit4,https://github.com/junit-team/junit4,7167b23b3ba7dd79410f6e9db350d16cbe30617b,.,nondex,org.junit.internal.matchers.ThrowableCauseMatcherTest#shouldAllowCauseOfDifferentClassFromRoot,org.junit.internal.matchers.ThrowableCauseMatcherTest#shouldAllowCauseOfDifferentClassFromRoot,SUCCESS,SUCCESS,SUCCESS,SUCCESS,SUCCESS,FAILED,,BARRIERPOINTSEARCH_FAILED,78.72,/home/a360/research/flaky-test-detection-results/FlakeSyncResults/artifacts/junit4/org.junit.internal.matchers.ThrowableCauseMatcherTest_shouldAllowCauseOfDifferentClassFromRoot
junit4,https://github.com/junit-team/junit4,7167b23b3ba7dd79410f6e9db350d16cbe30617b,.,nondex,org.junit.internal.runners.ErrorReportingRunnerTest#cannotCreateWithNullClass,org.junit.internal.runners.ErrorReportingRunnerTest#cannotCreateWithNullClass,SUCCESS,SUCCESS,SUCCESS,SUCCESS,SUCCESS,FAILED,,BARRIERPOINTSEARCH_FAILED,79.43,/home/a360/research/flaky-test-detection-results/FlakeSyncResults/artifacts/junit4/org.junit.internal.runners.ErrorReportingRunnerTest_cannotCreateWithNullClass
junit4,https://github.com/junit-team/junit4,7167b23b3ba7dd79410f6e9db350d16cbe30617b,.,nondex,org.junit.internal.runners.ErrorReportingRunnerTest#cannotCreateWithNullClass2,org.junit.internal.runners.ErrorReportingRunnerTest#cannotCreateWithNullClass2,SUCCESS,SUCCESS,SUCCESS,SUCCESS,SUCCESS,FAILED,,BARRIERPOINTSEARCH_FAILED,79.23,/home/a360/research/flaky-test-detection-results/FlakeSyncResults/artifacts/junit4/org.junit.internal.runners.ErrorReportingRunnerTest_cannotCreateWithNullClass2
junit4,https://github.com/junit-team/junit4,7167b23b3ba7dd79410f6e9db350d16cbe30617b,.,nondex,org.junit.internal.runners.ErrorReportingRunnerTest#cannotCreateWithNullClasses,org.junit.internal.runners.ErrorReportingRunnerTest#cannotCreateWithNullClasses,SUCCESS,SUCCESS,SUCCESS,SUCCESS,SUCCESS,FAILED,,BARRIERPOINTSEARCH_FAILED,79.15,/home/a360/research/flaky-test-detection-results/FlakeSyncResults/artifacts/junit4/org.junit.internal.runners.ErrorReportingRunnerTest_cannotCreateWithNullClasses
junit4,https://github.com/junit-team/junit4,7167b23b3ba7dd79410f6e9db350d16cbe30617b,.,nondex,org.junit.internal.runners.ErrorReportingRunnerTest#cannotCreateWithoutClass,org.junit.internal.runners.ErrorReportingRunnerTest#cannotCreateWithoutClass,SUCCESS,SUCCESS,SUCCESS,SUCCESS,SUCCESS,FAILED,,BARRIERPOINTSEARCH_FAILED,79.23,/home/a360/research/flaky-test-detection-results/FlakeSyncResults/artifacts/junit4/org.junit.internal.runners.ErrorReportingRunnerTest_cannotCreateWithoutClass
junit4,https://github.com/junit-team/junit4,7167b23b3ba7dd79410f6e9db350d16cbe30617b,.,nondex,org.junit.internal.runners.ErrorReportingRunnerTest#givenInvalidTestClassErrorAsCause,org.junit.internal.runners.ErrorReportingRunnerTest#givenInvalidTestClassErrorAsCause,SUCCESS,SUCCESS,SUCCESS,SUCCESS,SUCCESS,FAILED,,BARRIERPOINTSEARCH_FAILED,79.19,/home/a360/research/flaky-test-detection-results/FlakeSyncResults/artifacts/junit4/org.junit.internal.runners.ErrorReportingRunnerTest_givenInvalidTestClassErrorAsCause
junit4,https://github.com/junit-team/junit4,7167b23b3ba7dd79410f6e9db350d16cbe30617b,.,nondex,org.junit.internal.runners.ErrorReportingRunnerTest#givenInvalidTestClass_integrationTest,org.junit.internal.runners.ErrorReportingRunnerTest#givenInvalidTestClass_integrationTest,SUCCESS,SUCCESS,SUCCESS,SUCCESS,SUCCESS,FAILED,,BARRIERPOINTSEARCH_FAILED,79.67,/home/a360/research/flaky-test-detection-results/FlakeSyncResults/artifacts/junit4/org.junit.internal.runners.ErrorReportingRunnerTest_givenInvalidTestClass_integrationTest
junit4,https://github.com/junit-team/junit4,7167b23b3ba7dd79410f6e9db350d16cbe30617b,.,nondex,org.junit.internal.runners.statements.ExpectExceptionTest#whenExpectingAssumptionViolatedExceptionStatementsPassingShouldFail,org.junit.internal.runners.statements.ExpectExceptionTest#whenExpectingAssumptionViolatedExceptionStatementsPassingShouldFail,SUCCESS,SUCCESS,SUCCESS,SUCCESS,SUCCESS,FAILED,,BARRIERPOINTSEARCH_FAILED,78.89,/home/a360/research/flaky-test-detection-results/FlakeSyncResults/artifacts/junit4/org.junit.internal.runners.statements.ExpectExceptionTest_whenExpectingAssumptionViolatedExceptionStatementsPassingShouldFail
junit4,https://github.com/junit-team/junit4,7167b23b3ba7dd79410f6e9db350d16cbe30617b,.,nondex,org.junit.internal.runners.statements.ExpectExceptionTest#whenExpectingAssumptionViolatedExceptionStatementsThrowingDifferentExceptionShouldFail,org.junit.internal.runners.statements.ExpectExceptionTest#whenExpectingAssumptionViolatedExceptionStatementsThrowingDifferentExceptionShouldFail,SUCCESS,SUCCESS,SUCCESS,SUCCESS,SUCCESS,FAILED,,BARRIERPOINTSEARCH_FAILED,79.87,/home/a360/research/flaky-test-detection-results/FlakeSyncResults/artifacts/junit4/org.junit.internal.runners.statements.ExpectExceptionTest_whenExpectingAssumptionViolatedExceptionStatementsThrowingDifferentExceptionShouldFail
junit4,https://github.com/junit-team/junit4,7167b23b3ba7dd79410f6e9db350d16cbe30617b,.,nondex,org.junit.internal.runners.statements.ExpectExceptionTest#whenExpectingAssumptionViolatedExceptionStatementsThrowingItShouldPass,org.junit.internal.runners.statements.ExpectExceptionTest#whenExpectingAssumptionViolatedExceptionStatementsThrowingItShouldPass,SUCCESS,SUCCESS,SUCCESS,SUCCESS,SUCCESS,FAILED,,BARRIERPOINTSEARCH_FAILED,78.96,/home/a360/research/flaky-test-detection-results/FlakeSyncResults/artifacts/junit4/org.junit.internal.runners.statements.ExpectExceptionTest_whenExpectingAssumptionViolatedExceptionStatementsThrowingItShouldPass
junit4,https://github.com/junit-team/junit4,7167b23b3ba7dd79410f6e9db350d16cbe30617b,.,nondex,org.junit.internal.runners.statements.ExpectExceptionTest#whenExpectingAssumptionViolatedExceptionStatementsThrowingSubclassShouldPass,org.junit.internal.runners.statements.ExpectExceptionTest#whenExpectingAssumptionViolatedExceptionStatementsThrowingSubclassShouldPass,SUCCESS,SUCCESS,SUCCESS,SUCCESS,SUCCESS,FAILED,,BARRIERPOINTSEARCH_FAILED,78.82,/home/a360/research/flaky-test-detection-results/FlakeSyncResults/artifacts/junit4/org.junit.internal.runners.statements.ExpectExceptionTest_whenExpectingAssumptionViolatedExceptionStatementsThrowingSubclassShouldPass
junit4,https://github.com/junit-team/junit4,7167b23b3ba7dd79410f6e9db350d16cbe30617b,.,nondex,org.junit.runners.CustomBlockJUnit4ClassRunnerTest#exceptionsFromMethodBlockMustNotResultInUnrootedTests,org.junit.runners.CustomBlockJUnit4ClassRunnerTest#exceptionsFromMethodBlockMustNotResultInUnrootedTests,SUCCESS,SUCCESS,SUCCESS,SUCCESS,SUCCESS,FAILED,,BARRIERPOINTSEARCH_FAILED,79.22,/home/a360/research/flaky-test-detection-results/FlakeSyncResults/artifacts/junit4/org.junit.runners.CustomBlockJUnit4ClassRunnerTest_exceptionsFromMethodBlockMustNotResultInUnrootedTests
junit4,https://github.com/junit-team/junit4,7167b23b3ba7dd79410f6e9db350d16cbe30617b,.,nondex,org.junit.runners.RuleContainerTest#methodRulesOnly,org.junit.runners.RuleContainerTest#methodRulesOnly,SUCCESS,SUCCESS,SUCCESS,SUCCESS,SUCCESS,FAILED,,BARRIERPOINTSEARCH_FAILED,79.18,/home/a360/research/flaky-test-detection-results/FlakeSyncResults/artifacts/junit4/org.junit.runners.RuleContainerTest_methodRulesOnly
junit4,https://github.com/junit-team/junit4,7167b23b3ba7dd79410f6e9db350d16cbe30617b,.,nondex,org.junit.runners.RuleContainerTest#ordering1,org.junit.runners.RuleContainerTest#ordering1,SUCCESS,SUCCESS,SUCCESS,SUCCESS,SUCCESS,FAILED,,BARRIERPOINTSEARCH_FAILED,79.37,/home/a360/research/flaky-test-detection-results/FlakeSyncResults/artifacts/junit4/org.junit.runners.RuleContainerTest_ordering1
junit4,https://github.com/junit-team/junit4,7167b23b3ba7dd79410f6e9db350d16cbe30617b,.,nondex,org.junit.runners.RuleContainerTest#ordering2,org.junit.runners.RuleContainerTest#ordering2,SUCCESS,SUCCESS,SUCCESS,SUCCESS,SUCCESS,FAILED,,BARRIERPOINTSEARCH_FAILED,79.53,/home/a360/research/flaky-test-detection-results/FlakeSyncResults/artifacts/junit4/org.junit.runners.RuleContainerTest_ordering2
junit4,https://github.com/junit-team/junit4,7167b23b3ba7dd79410f6e9db350d16cbe30617b,.,nondex,org.junit.runners.RuleContainerTest#testRuleAroundMethodRule,org.junit.runners.RuleContainerTest#testRuleAroundMethodRule,SUCCESS,SUCCESS,SUCCESS,SUCCESS,SUCCESS,FAILED,,BARRIERPOINTSEARCH_FAILED,78.87,/home/a360/research/flaky-test-detection-results/FlakeSyncResults/artifacts/junit4/org.junit.runners.RuleContainerTest_testRuleAroundMethodRule
junit4,https://github.com/junit-team/junit4,7167b23b3ba7dd79410f6e9db350d16cbe30617b,.,nondex,org.junit.runners.model.FrameworkFieldTest#cannotBeCreatedWithoutUnderlyingField,org.junit.runners.model.FrameworkFieldTest#cannotBeCreatedWithoutUnderlyingField,SUCCESS,SUCCESS,SUCCESS,SUCCESS,SUCCESS,FAILED,,BARRIERPOINTSEARCH_FAILED,79.77,/home/a360/research/flaky-test-detection-results/FlakeSyncResults/artifacts/junit4/org.junit.runners.model.FrameworkFieldTest_cannotBeCreatedWithoutUnderlyingField
junit4,https://github.com/junit-team/junit4,7167b23b3ba7dd79410f6e9db350d16cbe30617b,.,nondex,org.junit.runners.model.FrameworkFieldTest#hasToStringWhichPrintsFieldName,org.junit.runners.model.FrameworkFieldTest#hasToStringWhichPrintsFieldName,SUCCESS,SUCCESS,SUCCESS,SUCCESS,SUCCESS,FAILED,,BARRIERPOINTSEARCH_FAILED,80.48,/home/a360/research/flaky-test-detection-results/FlakeSyncResults/artifacts/junit4/org.junit.runners.model.FrameworkFieldTest_hasToStringWhichPrintsFieldName
junit4,https://github.com/junit-team/junit4,7167b23b3ba7dd79410f6e9db350d16cbe30617b,.,nondex,org.junit.runners.model.FrameworkFieldTest#missingAnnotationIsNotAvailable,org.junit.runners.model.FrameworkFieldTest#missingAnnotationIsNotAvailable,SUCCESS,SUCCESS,SUCCESS,SUCCESS,SUCCESS,FAILED,,BARRIERPOINTSEARCH_FAILED,79.45,/home/a360/research/flaky-test-detection-results/FlakeSyncResults/artifacts/junit4/org.junit.runners.model.FrameworkFieldTest_missingAnnotationIsNotAvailable
junit4,https://github.com/junit-team/junit4,7167b23b3ba7dd79410f6e9db350d16cbe30617b,.,nondex,org.junit.runners.model.FrameworkFieldTest#presentAnnotationIsAvailable,org.junit.runners.model.FrameworkFieldTest#presentAnnotationIsAvailable,SUCCESS,SUCCESS,SUCCESS,SUCCESS,SUCCESS,FAILED,,BARRIERPOINTSEARCH_FAILED,79.14,/home/a360/research/flaky-test-detection-results/FlakeSyncResults/artifacts/junit4/org.junit.runners.model.FrameworkFieldTest_presentAnnotationIsAvailable
junit4,https://github.com/junit-team/junit4,7167b23b3ba7dd79410f6e9db350d16cbe30617b,.,nondex,org.junit.runners.model.FrameworkMethodTest#cannotBeCreatedWithoutUnderlyingField,org.junit.runners.model.FrameworkMethodTest#cannotBeCreatedWithoutUnderlyingField,SUCCESS,SUCCESS,SUCCESS,SUCCESS,SUCCESS,FAILED,,BARRIERPOINTSEARCH_FAILED,80.98,/home/a360/research/flaky-test-detection-results/FlakeSyncResults/artifacts/junit4/org.junit.runners.model.FrameworkMethodTest_cannotBeCreatedWithoutUnderlyingField
junit4,https://github.com/junit-team/junit4,7167b23b3ba7dd79410f6e9db350d16cbe30617b,.,nondex,org.junit.runners.model.FrameworkMethodTest#hasToStringWhichPrintsMethodName,org.junit.runners.model.FrameworkMethodTest#hasToStringWhichPrintsMethodName,SUCCESS,SUCCESS,SUCCESS,SUCCESS,SUCCESS,FAILED,,BARRIERPOINTSEARCH_FAILED,79.28,/home/a360/research/flaky-test-detection-results/FlakeSyncResults/artifacts/junit4/org.junit.runners.model.FrameworkMethodTest_hasToStringWhichPrintsMethodName
junit4,https://github.com/junit-team/junit4,7167b23b3ba7dd79410f6e9db350d16cbe30617b,.,nondex,org.junit.runners.model.FrameworkMethodTest#missingAnnotationIsNotAvailable,org.junit.runners.model.FrameworkMethodTest#missingAnnotationIsNotAvailable,SUCCESS,SUCCESS,SUCCESS,SUCCESS,SUCCESS,FAILED,,BARRIERPOINTSEARCH_FAILED,79.67,/home/a360/research/flaky-test-detection-results/FlakeSyncResults/artifacts/junit4/org.junit.runners.model.FrameworkMethodTest_missingAnnotationIsNotAvailable
junit4,https://github.com/junit-team/junit4,7167b23b3ba7dd79410f6e9db350d16cbe30617b,.,nondex,org.junit.runners.model.FrameworkMethodTest#presentAnnotationIsAvailable,org.junit.runners.model.FrameworkMethodTest#presentAnnotationIsAvailable,SUCCESS,SUCCESS,SUCCESS,SUCCESS,SUCCESS,FAILED,,BARRIERPOINTSEARCH_FAILED,79.18,/home/a360/research/flaky-test-detection-results/FlakeSyncResults/artifacts/junit4/org.junit.runners.model.FrameworkMethodTest_presentAnnotationIsAvailable
junit4,https://github.com/junit-team/junit4,7167b23b3ba7dd79410f6e9db350d16cbe30617b,.,nondex,org.junit.runners.model.InvalidTestClassErrorTest#invalidTestClassErrorShouldListAllValidationErrorsInItsMessage,org.junit.runners.model.InvalidTestClassErrorTest#invalidTestClassErrorShouldListAllValidationErrorsInItsMessage,SUCCESS,SUCCESS,SUCCESS,SUCCESS,SUCCESS,FAILED,,BARRIERPOINTSEARCH_FAILED,79.51,/home/a360/research/flaky-test-detection-results/FlakeSyncResults/artifacts/junit4/org.junit.runners.model.InvalidTestClassErrorTest_invalidTestClassErrorShouldListAllValidationErrorsInItsMessage
junit4,https://github.com/junit-team/junit4,7167b23b3ba7dd79410f6e9db350d16cbe30617b,.,nondex,org.junit.runners.model.TestClassTest#annotatedFieldValues,org.junit.runners.model.TestClassTest#annotatedFieldValues,SUCCESS,SUCCESS,SUCCESS,SUCCESS,SUCCESS,FAILED,,BARRIERPOINTSEARCH_FAILED,79.47,/home/a360/research/flaky-test-detection-results/FlakeSyncResults/artifacts/junit4/org.junit.runners.model.TestClassTest_annotatedFieldValues
junit4,https://github.com/junit-team/junit4,7167b23b3ba7dd79410f6e9db350d16cbe30617b,.,nondex,org.junit.runners.model.TestClassTest#annotatedMethodValues,org.junit.runners.model.TestClassTest#annotatedMethodValues,SUCCESS,SUCCESS,SUCCESS,SUCCESS,SUCCESS,FAILED,,BARRIERPOINTSEARCH_FAILED,79.64,/home/a360/research/flaky-test-detection-results/FlakeSyncResults/artifacts/junit4/org.junit.runners.model.TestClassTest_annotatedMethodValues
junit4,https://github.com/junit-team/junit4,7167b23b3ba7dd79410f6e9db350d16cbe30617b,.,nondex,org.junit.runners.model.TestClassTest#complainIfMultipleConstructors,org.junit.runners.model.TestClassTest#complainIfMultipleConstructors,SUCCESS,SUCCESS,SUCCESS,SUCCESS,SUCCESS,FAILED,,BARRIERPOINTSEARCH_FAILED,80.28,/home/a360/research/flaky-test-detection-results/FlakeSyncResults/artifacts/junit4/org.junit.runners.model.TestClassTest_complainIfMultipleConstructors
junit4,https://github.com/junit-team/junit4,7167b23b3ba7dd79410f6e9db350d16cbe30617b,.,nondex,org.junit.runners.model.TestClassTest#dontMarkNonInnerClassAsInnerClass,org.junit.runners.model.TestClassTest#dontMarkNonInnerClassAsInnerClass,SUCCESS,SUCCESS,SUCCESS,SUCCESS,SUCCESS,FAILED,,BARRIERPOINTSEARCH_FAILED,79.73,/home/a360/research/flaky-test-detection-results/FlakeSyncResults/artifacts/junit4/org.junit.runners.model.TestClassTest_dontMarkNonInnerClassAsInnerClass
junit4,https://github.com/junit-team/junit4,7167b23b3ba7dd79410f6e9db350d16cbe30617b,.,nondex,org.junit.runners.model.TestClassTest#dontMarkStaticInnerClassAsNonStatic,org.junit.runners.model.TestClassTest#dontMarkStaticInnerClassAsNonStatic,SUCCESS,SUCCESS,SUCCESS,SUCCESS,SUCCESS,FAILED,,BARRIERPOINTSEARCH_FAILED,79.69,/home/a360/research/flaky-test-detection-results/FlakeSyncResults/artifacts/junit4/org.junit.runners.model.TestClassTest_dontMarkStaticInnerClassAsNonStatic
junit4,https://github.com/junit-team/junit4,7167b23b3ba7dd79410f6e9db350d16cbe30617b,.,nondex,org.junit.runners.model.TestClassTest#fieldsOnSubclassesShadowSuperclasses,org.junit.runners.model.TestClassTest#fieldsOnSubclassesShadowSuperclasses,SUCCESS,SUCCESS,SUCCESS,SUCCESS,SUCCESS,FAILED,,BARRIERPOINTSEARCH_FAILED,79.78,/home/a360/research/flaky-test-detection-results/FlakeSyncResults/artifacts/junit4/org.junit.runners.model.TestClassTest_fieldsOnSubclassesShadowSuperclasses
junit4,https://github.com/junit-team/junit4,7167b23b3ba7dd79410f6e9db350d16cbe30617b,.,nondex,org.junit.runners.model.TestClassTest#getAnnotatedMethodsDoesNotReturnMethodWithoutAnnotation,org.junit.runners.model.TestClassTest#getAnnotatedMethodsDoesNotReturnMethodWithoutAnnotation,SUCCESS,SUCCESS,SUCCESS,SUCCESS,SUCCESS,FAILED,,BARRIERPOINTSEARCH_FAILED,79.58,/home/a360/research/flaky-test-detection-results/FlakeSyncResults/artifacts/junit4/org.junit.runners.model.TestClassTest_getAnnotatedMethodsDoesNotReturnMethodWithoutAnnotation
junit4,https://github.com/junit-team/junit4,7167b23b3ba7dd79410f6e9db350d16cbe30617b,.,nondex,org.junit.runners.model.TestClassTest#hasHashCodeWithoutJavaClass,org.junit.runners.model.TestClassTest#hasHashCodeWithoutJavaClass,SUCCESS,SUCCESS,SUCCESS,SUCCESS,SUCCESS,FAILED,,BARRIERPOINTSEARCH_FAILED,79.33,/home/a360/research/flaky-test-detection-results/FlakeSyncResults/artifacts/junit4/org.junit.runners.model.TestClassTest_hasHashCodeWithoutJavaClass
junit4,https://github.com/junit-team/junit4,7167b23b3ba7dd79410f6e9db350d16cbe30617b,.,nondex,org.junit.runners.model.TestClassTest#hasSameHashCodeAsTestClassThatWrapsSameJavaClass,org.junit.runners.model.TestClassTest#hasSameHashCodeAsTestClassThatWrapsSameJavaClass,SUCCESS,SUCCESS,SUCCESS,SUCCESS,SUCCESS,FAILED,,BARRIERPOINTSEARCH_FAILED,79.02,/home/a360/research/flaky-test-detection-results/FlakeSyncResults/artifacts/junit4/org.junit.runners.model.TestClassTest_hasSameHashCodeAsTestClassThatWrapsSameJavaClass
junit4,https://github.com/junit-team/junit4,7167b23b3ba7dd79410f6e9db350d16cbe30617b,.,nondex,org.junit.runners.model.TestClassTest#identifiesNonPublicModifier,org.junit.runners.model.TestClassTest#identifiesNonPublicModifier,SUCCESS,SUCCESS,SUCCESS,SUCCESS,SUCCESS,FAILED,,BARRIERPOINTSEARCH_FAILED,79.32,/home/a360/research/flaky-test-detection-results/FlakeSyncResults/artifacts/junit4/org.junit.runners.model.TestClassTest_identifiesNonPublicModifier
junit4,https://github.com/junit-team/junit4,7167b23b3ba7dd79410f6e9db350d16cbe30617b,.,nondex,org.junit.runners.model.TestClassTest#identifiesPublicModifier,org.junit.runners.model.TestClassTest#identifiesPublicModifier,SUCCESS,SUCCESS,SUCCESS,SUCCESS,SUCCESS,FAILED,,BARRIERPOINTSEARCH_FAILED,79.58,/home/a360/research/flaky-test-detection-results/FlakeSyncResults/artifacts/junit4/org.junit.runners.model.TestClassTest_identifiesPublicModifier
junit4,https://github.com/junit-team/junit4,7167b23b3ba7dd79410f6e9db350d16cbe30617b,.,nondex,org.junit.runners.model.TestClassTest#identifyNonStaticInnerClass,org.junit.runners.model.TestClassTest#identifyNonStaticInnerClass,SUCCESS,SUCCESS,SUCCESS,SUCCESS,SUCCESS,FAILED,,BARRIERPOINTSEARCH_FAILED,79.74,/home/a360/research/flaky-test-detection-results/FlakeSyncResults/artifacts/junit4/org.junit.runners.model.TestClassTest_identifyNonStaticInnerClass
junit4,https://github.com/junit-team/junit4,7167b23b3ba7dd79410f6e9db350d16cbe30617b,.,nondex,org.junit.runners.model.TestClassTest#isEqualToTestClassThatWrapsSameJavaClass,org.junit.runners.model.TestClassTest#isEqualToTestClassThatWrapsSameJavaClass,SUCCESS,SUCCESS,SUCCESS,SUCCESS,SUCCESS,FAILED,,BARRIERPOINTSEARCH_FAILED,79.58,/home/a360/research/flaky-test-detection-results/FlakeSyncResults/artifacts/junit4/org.junit.runners.model.TestClassTest_isEqualToTestClassThatWrapsSameJavaClass
junit4,https://github.com/junit-team/junit4,7167b23b3ba7dd79410f6e9db350d16cbe30617b,.,nondex,org.junit.runners.model.TestClassTest#isNotEqualToNull,org.junit.runners.model.TestClassTest#isNotEqualToNull,SUCCESS,SUCCESS,SUCCESS,SUCCESS,SUCCESS,FAILED,,BARRIERPOINTSEARCH_FAILED,79.98,/home/a360/research/flaky-test-detection-results/FlakeSyncResults/artifacts/junit4/org.junit.runners.model.TestClassTest_isNotEqualToNull
junit4,https://github.com/junit-team/junit4,7167b23b3ba7dd79410f6e9db350d16cbe30617b,.,nondex,org.junit.runners.model.TestClassTest#isNotEqualToTestClassThatWrapsADifferentJavaClass,org.junit.runners.model.TestClassTest#isNotEqualToTestClassThatWrapsADifferentJavaClass,SUCCESS,SUCCESS,SUCCESS,SUCCESS,SUCCESS,FAILED,,BARRIERPOINTSEARCH_FAILED,79.42,/home/a360/research/flaky-test-detection-results/FlakeSyncResults/artifacts/junit4/org.junit.runners.model.TestClassTest_isNotEqualToTestClassThatWrapsADifferentJavaClass
junit4,https://github.com/junit-team/junit4,7167b23b3ba7dd79410f6e9db350d16cbe30617b,.,nondex,org.junit.runners.model.TestClassTest#missingAnnotationIsNotAvailable,org.junit.runners.model.TestClassTest#missingAnnotationIsNotAvailable,SUCCESS,SUCCESS,SUCCESS,SUCCESS,SUCCESS,FAILED,,BARRIERPOINTSEARCH_FAILED,79.73,/home/a360/research/flaky-test-detection-results/FlakeSyncResults/artifacts/junit4/org.junit.runners.model.TestClassTest_missingAnnotationIsNotAvailable
junit4,https://github.com/junit-team/junit4,7167b23b3ba7dd79410f6e9db350d16cbe30617b,.,nondex,org.junit.runners.model.TestClassTest#presentAnnotationIsAvailable,org.junit.runners.model.TestClassTest#presentAnnotationIsAvailable,SUCCESS,SUCCESS,SUCCESS,SUCCESS,SUCCESS,FAILED,,BARRIERPOINTSEARCH_FAILED,79.23,/home/a360/research/flaky-test-detection-results/FlakeSyncResults/artifacts/junit4/org.junit.runners.model.TestClassTest_presentAnnotationIsAvailable
junit4,https://github.com/junit-team/junit4,7167b23b3ba7dd79410f6e9db350d16cbe30617b,.,nondex,org.junit.runners.model.TestClassTest#providesAnnotatedFieldsSortedByName,org.junit.runners.model.TestClassTest#providesAnnotatedFieldsSortedByName,SUCCESS,SUCCESS,SUCCESS,SUCCESS,SUCCESS,FAILED,,BARRIERPOINTSEARCH_FAILED,79.68,/home/a360/research/flaky-test-detection-results/FlakeSyncResults/artifacts/junit4/org.junit.runners.model.TestClassTest_providesAnnotatedFieldsSortedByName
junit4,https://github.com/junit-team/junit4,7167b23b3ba7dd79410f6e9db350d16cbe30617b,.,nondex,org.junit.runners.model.TestClassTest#providesAnnotatedMethodsSortedByName,org.junit.runners.model.TestClassTest#providesAnnotatedMethodsSortedByName,SUCCESS,SUCCESS,SUCCESS,SUCCESS,SUCCESS,FAILED,,BARRIERPOINTSEARCH_FAILED,79.78,/home/a360/research/flaky-test-detection-results/FlakeSyncResults/artifacts/junit4/org.junit.runners.model.TestClassTest_providesAnnotatedMethodsSortedByName
junit4,https://github.com/junit-team/junit4,7167b23b3ba7dd79410f6e9db350d16cbe30617b,.,nondex,org.junit.runners.parameterized.BlockJUnit4ClassRunnerWithParametersTest#hasAllAnnotationsExceptRunWith,org.junit.runners.parameterized.BlockJUnit4ClassRunnerWithParametersTest#hasAllAnnotationsExceptRunWith,SUCCESS,SUCCESS,SUCCESS,SUCCESS,SUCCESS,FAILED,,BARRIERPOINTSEARCH_FAILED,79.48,/home/a360/research/flaky-test-detection-results/FlakeSyncResults/artifacts/junit4/org.junit.runners.parameterized.BlockJUnit4ClassRunnerWithParametersTest_hasAllAnnotationsExceptRunWith
junit4,https://github.com/junit-team/junit4,7167b23b3ba7dd79410f6e9db350d16cbe30617b,.,nondex,org.junit.runners.parameterized.BlockJUnit4ClassRunnerWithParametersTest#providesHelpfulMessageIfParameterFieldCannotBeSet,org.junit.runners.parameterized.BlockJUnit4ClassRunnerWithParametersTest#providesHelpfulMessageIfParameterFieldCannotBeSet,SUCCESS,SUCCESS,SUCCESS,SUCCESS,SUCCESS,FAILED,,BARRIERPOINTSEARCH_FAILED,79.7,/home/a360/research/flaky-test-detection-results/FlakeSyncResults/artifacts/junit4/org.junit.runners.parameterized.BlockJUnit4ClassRunnerWithParametersTest_providesHelpfulMessageIfParameterFieldCannotBeSet
junit4,https://github.com/junit-team/junit4,7167b23b3ba7dd79410f6e9db350d16cbe30617b,.,nondex,org.junit.runners.parameterized.ParameterizedNamesTest#parameterizedTestsWithSpecialCharsInName,org.junit.runners.parameterized.ParameterizedNamesTest#parameterizedTestsWithSpecialCharsInName,SUCCESS,SUCCESS,SUCCESS,SUCCESS,SUCCESS,FAILED,,BARRIERPOINTSEARCH_FAILED,79.64,/home/a360/research/flaky-test-detection-results/FlakeSyncResults/artifacts/junit4/org.junit.runners.parameterized.ParameterizedNamesTest_parameterizedTestsWithSpecialCharsInName
junit4,https://github.com/junit-team/junit4,7167b23b3ba7dd79410f6e9db350d16cbe30617b,.,nondex,org.junit.runners.parameterized.TestWithParametersTest#cannotBeCreatedWithoutAName,org.junit.runners.parameterized.TestWithParametersTest#cannotBeCreatedWithoutAName,SUCCESS,SUCCESS,SUCCESS,SUCCESS,SUCCESS,FAILED,,BARRIERPOINTSEARCH_FAILED,80.28,/home/a360/research/flaky-test-detection-results/FlakeSyncResults/artifacts/junit4/org.junit.runners.parameterized.TestWithParametersTest_cannotBeCreatedWithoutAName
junit4,https://github.com/junit-team/junit4,7167b23b3ba7dd79410f6e9db350d16cbe30617b,.,nondex,org.junit.runners.parameterized.TestWithParametersTest#cannotBeCreatedWithoutParameters,org.junit.runners.parameterized.TestWithParametersTest#cannotBeCreatedWithoutParameters,SUCCESS,SUCCESS,SUCCESS,SUCCESS,SUCCESS,FAILED,,BARRIERPOINTSEARCH_FAILED,79.23,/home/a360/research/flaky-test-detection-results/FlakeSyncResults/artifacts/junit4/org.junit.runners.parameterized.TestWithParametersTest_cannotBeCreatedWithoutParameters
junit4,https://github.com/junit-team/junit4,7167b23b3ba7dd79410f6e9db350d16cbe30617b,.,nondex,org.junit.runners.parameterized.TestWithParametersTest#cannotBeCreatedWithoutTestClass,org.junit.runners.parameterized.TestWithParametersTest#cannotBeCreatedWithoutTestClass,SUCCESS,SUCCESS,SUCCESS,SUCCESS,SUCCESS,FAILED,,BARRIERPOINTSEARCH_FAILED,79.87,/home/a360/research/flaky-test-detection-results/FlakeSyncResults/artifacts/junit4/org.junit.runners.parameterized.TestWithParametersTest_cannotBeCreatedWithoutTestClass
junit4,https://github.com/junit-team/junit4,7167b23b3ba7dd79410f6e9db350d16cbe30617b,.,nondex,org.junit.runners.parameterized.TestWithParametersTest#doesNotAllowToModifyProvidedParameters,org.junit.runners.parameterized.TestWithParametersTest#doesNotAllowToModifyProvidedParameters,SUCCESS,SUCCESS,SUCCESS,SUCCESS,SUCCESS,FAILED,,BARRIERPOINTSEARCH_FAILED,79.99,/home/a360/research/flaky-test-detection-results/FlakeSyncResults/artifacts/junit4/org.junit.runners.parameterized.TestWithParametersTest_doesNotAllowToModifyProvidedParameters
junit4,https://github.com/junit-team/junit4,7167b23b3ba7dd79410f6e9db350d16cbe30617b,.,nondex,org.junit.runners.parameterized.TestWithParametersTest#doesNotConsiderParametersWhichChangedAfterTestInstantiation,org.junit.runners.parameterized.TestWithParametersTest#doesNotConsiderParametersWhichChangedAfterTestInstantiation,SUCCESS,SUCCESS,SUCCESS,SUCCESS,SUCCESS,FAILED,,BARRIERPOINTSEARCH_FAILED,80.13,/home/a360/research/flaky-test-detection-results/FlakeSyncResults/artifacts/junit4/org.junit.runners.parameterized.TestWithParametersTest_doesNotConsiderParametersWhichChangedAfterTestInstantiation
junit4,https://github.com/junit-team/junit4,7167b23b3ba7dd79410f6e9db350d16cbe30617b,.,nondex,org.junit.runners.parameterized.TestWithParametersTest#hasMeaningfulToString,org.junit.runners.parameterized.TestWithParametersTest#hasMeaningfulToString,SUCCESS,SUCCESS,SUCCESS,SUCCESS,SUCCESS,FAILED,,BARRIERPOINTSEARCH_FAILED,79.22,/home/a360/research/flaky-test-detection-results/FlakeSyncResults/artifacts/junit4/org.junit.runners.parameterized.TestWithParametersTest_hasMeaningfulToString
junit4,https://github.com/junit-team/junit4,7167b23b3ba7dd79410f6e9db350d16cbe30617b,.,nondex,org.junit.runners.parameterized.TestWithParametersTest#hasSameHashCodeAsEqualTest,org.junit.runners.parameterized.TestWithParametersTest#hasSameHashCodeAsEqualTest,SUCCESS,SUCCESS,SUCCESS,SUCCESS,SUCCESS,FAILED,,BARRIERPOINTSEARCH_FAILED,79.58,/home/a360/research/flaky-test-detection-results/FlakeSyncResults/artifacts/junit4/org.junit.runners.parameterized.TestWithParametersTest_hasSameHashCodeAsEqualTest
junit4,https://github.com/junit-team/junit4,7167b23b3ba7dd79410f6e9db350d16cbe30617b,.,nondex,org.junit.runners.parameterized.TestWithParametersTest#isEqualToTestWithSameNameAndTestClassAndParameters,org.junit.runners.parameterized.TestWithParametersTest#isEqualToTestWithSameNameAndTestClassAndParameters,SUCCESS,SUCCESS,SUCCESS,SUCCESS,SUCCESS,FAILED,,BARRIERPOINTSEARCH_FAILED,79.72,/home/a360/research/flaky-test-detection-results/FlakeSyncResults/artifacts/junit4/org.junit.runners.parameterized.TestWithParametersTest_isEqualToTestWithSameNameAndTestClassAndParameters
junit4,https://github.com/junit-team/junit4,7167b23b3ba7dd79410f6e9db350d16cbe30617b,.,nondex,org.junit.runners.parameterized.TestWithParametersTest#isNotEqualToObjectWithDifferentClass,org.junit.runners.parameterized.TestWithParametersTest#isNotEqualToObjectWithDifferentClass,SUCCESS,SUCCESS,SUCCESS,SUCCESS,SUCCESS,FAILED,,BARRIERPOINTSEARCH_FAILED,79.83,/home/a360/research/flaky-test-detection-results/FlakeSyncResults/artifacts/junit4/org.junit.runners.parameterized.TestWithParametersTest_isNotEqualToObjectWithDifferentClass
junit4,https://github.com/junit-team/junit4,7167b23b3ba7dd79410f6e9db350d16cbe30617b,.,nondex,org.junit.runners.parameterized.TestWithParametersTest#isNotEqualToTestWithDifferentName,org.junit.runners.parameterized.TestWithParametersTest#isNotEqualToTestWithDifferentName,SUCCESS,SUCCESS,SUCCESS,SUCCESS,SUCCESS,FAILED,,BARRIERPOINTSEARCH_FAILED,79.82,/home/a360/research/flaky-test-detection-results/FlakeSyncResults/artifacts/junit4/org.junit.runners.parameterized.TestWithParametersTest_isNotEqualToTestWithDifferentName
junit4,https://github.com/junit-team/junit4,7167b23b3ba7dd79410f6e9db350d16cbe30617b,.,nondex,org.junit.runners.parameterized.TestWithParametersTest#isNotEqualToTestWithDifferentParameters,org.junit.runners.parameterized.TestWithParametersTest#isNotEqualToTestWithDifferentParameters,SUCCESS,SUCCESS,SUCCESS,SUCCESS,SUCCESS,FAILED,,BARRIERPOINTSEARCH_FAILED,79.67,/home/a360/research/flaky-test-detection-results/FlakeSyncResults/artifacts/junit4/org.junit.runners.parameterized.TestWithParametersTest_isNotEqualToTestWithDifferentParameters
junit4,https://github.com/junit-team/junit4,7167b23b3ba7dd79410f6e9db350d16cbe30617b,.,nondex,org.junit.runners.parameterized.TestWithParametersTest#isNotEqualToTestWithDifferentTestClass,org.junit.runners.parameterized.TestWithParametersTest#isNotEqualToTestWithDifferentTestClass,SUCCESS,SUCCESS,SUCCESS,SUCCESS,SUCCESS,FAILED,,BARRIERPOINTSEARCH_FAILED,80.32,/home/a360/research/flaky-test-detection-results/FlakeSyncResults/artifacts/junit4/org.junit.runners.parameterized.TestWithParametersTest_isNotEqualToTestWithDifferentTestClass
junit4,https://github.com/junit-team/junit4,7167b23b3ba7dd79410f6e9db350d16cbe30617b,.,nondex,org.junit.tests.ObjectContractTest#equalsMeansEqualHashCodes,org.junit.tests.ObjectContractTest#equalsMeansEqualHashCodes,SUCCESS,SUCCESS,SUCCESS,SUCCESS,SUCCESS,FAILED,,BARRIERPOINTSEARCH_FAILED,80.82,/home/a360/research/flaky-test-detection-results/FlakeSyncResults/artifacts/junit4/org.junit.tests.ObjectContractTest_equalsMeansEqualHashCodes
junit4,https://github.com/junit-team/junit4,7167b23b3ba7dd79410f6e9db350d16cbe30617b,.,nondex,org.junit.tests.ObjectContractTest#equalsThrowsNoException,org.junit.tests.ObjectContractTest#equalsThrowsNoException,SUCCESS,SUCCESS,SUCCESS,SUCCESS,SUCCESS,FAILED,,BARRIERPOINTSEARCH_FAILED,80.83,/home/a360/research/flaky-test-detection-results/FlakeSyncResults/artifacts/junit4/org.junit.tests.ObjectContractTest_equalsThrowsNoException
junit4,https://github.com/junit-team/junit4,7167b23b3ba7dd79410f6e9db350d16cbe30617b,.,nondex,org.junit.tests.assertion.AssertionTest#IntegerDoesNotEqualLong,org.junit.tests.assertion.AssertionTest#IntegerDoesNotEqualLong,SUCCESS,SUCCESS,SUCCESS,SUCCESS,SUCCESS,FAILED,,BARRIERPOINTSEARCH_FAILED,79.27,/home/a360/research/flaky-test-detection-results/FlakeSyncResults/artifacts/junit4/org.junit.tests.assertion.AssertionTest_IntegerDoesNotEqualLong
junit4,https://github.com/junit-team/junit4,7167b23b3ba7dd79410f6e9db350d16cbe30617b,.,nondex,org.junit.tests.assertion.AssertionTest#arraysActualNullMessage,org.junit.tests.assertion.AssertionTest#arraysActualNullMessage,SUCCESS,SUCCESS,SUCCESS,SUCCESS,SUCCESS,FAILED,,BARRIERPOINTSEARCH_FAILED,80.17,/home/a360/research/flaky-test-detection-results/FlakeSyncResults/artifacts/junit4/org.junit.tests.assertion.AssertionTest_arraysActualNullMessage
junit4,https://github.com/junit-team/junit4,7167b23b3ba7dd79410f6e9db350d16cbe30617b,.,nondex,org.junit.tests.assertion.AssertionTest#arraysDeclaredAsObjectAreComparedAsObjects,org.junit.tests.assertion.AssertionTest#arraysDeclaredAsObjectAreComparedAsObjects,SUCCESS,SUCCESS,SUCCESS,SUCCESS,SUCCESS,FAILED,,BARRIERPOINTSEARCH_FAILED,79.32,/home/a360/research/flaky-test-detection-results/FlakeSyncResults/artifacts/junit4/org.junit.tests.assertion.AssertionTest_arraysDeclaredAsObjectAreComparedAsObjects
junit4,https://github.com/junit-team/junit4,7167b23b3ba7dd79410f6e9db350d16cbe30617b,.,nondex,org.junit.tests.assertion.AssertionTest#arraysDifferAtElement0nullMessage,org.junit.tests.assertion.AssertionTest#arraysDifferAtElement0nullMessage,SUCCESS,SUCCESS,SUCCESS,SUCCESS,SUCCESS,FAILED,,BARRIERPOINTSEARCH_FAILED,80.62,/home/a360/research/flaky-test-detection-results/FlakeSyncResults/artifacts/junit4/org.junit.tests.assertion.AssertionTest_arraysDifferAtElement0nullMessage
junit4,https://github.com/junit-team/junit4,7167b23b3ba7dd79410f6e9db350d16cbe30617b,.,nondex,org.junit.tests.assertion.AssertionTest#arraysDifferAtElement0withMessage,org.junit.tests.assertion.AssertionTest#arraysDifferAtElement0withMessage,SUCCESS,SUCCESS,SUCCESS,SUCCESS,SUCCESS,FAILED,,BARRIERPOINTSEARCH_FAILED,81.03,/home/a360/research/flaky-test-detection-results/FlakeSyncResults/artifacts/junit4/org.junit.tests.assertion.AssertionTest_arraysDifferAtElement0withMessage
junit4,https://github.com/junit-team/junit4,7167b23b3ba7dd79410f6e9db350d16cbe30617b,.,nondex,org.junit.tests.assertion.AssertionTest#arraysDifferAtElement1nullMessage,org.junit.tests.assertion.AssertionTest#arraysDifferAtElement1nullMessage,SUCCESS,SUCCESS,SUCCESS,SUCCESS,SUCCESS,FAILED,,BARRIERPOINTSEARCH_FAILED,79.82,/home/a360/research/flaky-test-detection-results/FlakeSyncResults/artifacts/junit4/org.junit.tests.assertion.AssertionTest_arraysDifferAtElement1nullMessage
junit4,https://github.com/junit-team/junit4,7167b23b3ba7dd79410f6e9db350d16cbe30617b,.,nondex,org.junit.tests.assertion.AssertionTest#arraysDifferAtElement1withMessage,org.junit.tests.assertion.AssertionTest#arraysDifferAtElement1withMessage,SUCCESS,SUCCESS,SUCCESS,SUCCESS,SUCCESS,FAILED,,BARRIERPOINTSEARCH_FAILED,80.57,/home/a360/research/flaky-test-detection-results/FlakeSyncResults/artifacts/junit4/org.junit.tests.assertion.AssertionTest_arraysDifferAtElement1withMessage
junit4,https://github.com/junit-team/junit4,7167b23b3ba7dd79410f6e9db350d16cbe30617b,.,nondex,org.junit.tests.assertion.AssertionTest#arraysDifferentLengthDifferingAtEndAndExpectedArrayLongerMessage,org.junit.tests.assertion.AssertionTest#arraysDifferentLengthDifferingAtEndAndExpectedArrayLongerMessage,SUCCESS,SUCCESS,SUCCESS,SUCCESS,SUCCESS,FAILED,,BARRIERPOINTSEARCH_FAILED,80.98,/home/a360/research/flaky-test-detection-results/FlakeSyncResults/artifacts/junit4/org.junit.tests.assertion.AssertionTest_arraysDifferentLengthDifferingAtEndAndExpectedArrayLongerMessage
junit4,https://github.com/junit-team/junit4,7167b23b3ba7dd79410f6e9db350d16cbe30617b,.,nondex,org.junit.tests.assertion.AssertionTest#arraysDifferentLengthDifferingAtEndMessage,org.junit.tests.assertion.AssertionTest#arraysDifferentLengthDifferingAtEndMessage,SUCCESS,SUCCESS,SUCCESS,SUCCESS,SUCCESS,FAILED,,BARRIERPOINTSEARCH_FAILED,80.53,/home/a360/research/flaky-test-detection-results/FlakeSyncResults/artifacts/junit4/org.junit.tests.assertion.AssertionTest_arraysDifferentLengthDifferingAtEndMessage
junit4,https://github.com/junit-team/junit4,7167b23b3ba7dd79410f6e9db350d16cbe30617b,.,nondex,org.junit.tests.assertion.AssertionTest#arraysDifferentLengthDifferingAtStartMessage,org.junit.tests.assertion.AssertionTest#arraysDifferentLengthDifferingAtStartMessage,SUCCESS,SUCCESS,SUCCESS,SUCCESS,SUCCESS,FAILED,,BARRIERPOINTSEARCH_FAILED,80.87,/home/a360/research/flaky-test-detection-results/FlakeSyncResults/artifacts/junit4/org.junit.tests.assertion.AssertionTest_arraysDifferentLengthDifferingAtStartMessage
junit4,https://github.com/junit-team/junit4,7167b23b3ba7dd79410f6e9db350d16cbe30617b,.,nondex,org.junit.tests.assertion.AssertionTest#arraysElementsDiffer,org.junit.tests.assertion.AssertionTest#arraysElementsDiffer,SUCCESS,SUCCESS,SUCCESS,SUCCESS,SUCCESS,FAILED,,BARRIERPOINTSEARCH_FAILED,82.49,/home/a360/research/flaky-test-detection-results/FlakeSyncResults/artifacts/junit4/org.junit.tests.assertion.AssertionTest_arraysElementsDiffer
junit4,https://github.com/junit-team/junit4,7167b23b3ba7dd79410f6e9db350d16cbe30617b,.,nondex,org.junit.tests.assertion.AssertionTest#arraysEqual,org.junit.tests.assertion.AssertionTest#arraysEqual,SUCCESS,SUCCESS,SUCCESS,SUCCESS,SUCCESS,FAILED,,BARRIERPOINTSEARCH_FAILED,80.12,/home/a360/research/flaky-test-detection-results/FlakeSyncResults/artifacts/junit4/org.junit.tests.assertion.AssertionTest_arraysEqual
junit4,https://github.com/junit-team/junit4,7167b23b3ba7dd79410f6e9db350d16cbe30617b,.,nondex,org.junit.tests.assertion.AssertionTest#arraysEqualWithMessage,org.junit.tests.assertion.AssertionTest#arraysEqualWithMessage,SUCCESS,SUCCESS,SUCCESS,SUCCESS,SUCCESS,FAILED,,BARRIERPOINTSEARCH_FAILED,80.29,/home/a360/research/flaky-test-detection-results/FlakeSyncResults/artifacts/junit4/org.junit.tests.assertion.AssertionTest_arraysEqualWithMessage
junit4,https://github.com/junit-team/junit4,7167b23b3ba7dd79410f6e9db350d16cbe30617b,.,nondex,org.junit.tests.assertion.AssertionTest#arraysExpectedNullMessage,org.junit.tests.assertion.AssertionTest#arraysExpectedNullMessage,SUCCESS,SUCCESS,SUCCESS,SUCCESS,SUCCESS,FAILED,,BARRIERPOINTSEARCH_FAILED,79.78,/home/a360/research/flaky-test-detection-results/FlakeSyncResults/artifacts/junit4/org.junit.tests.assertion.AssertionTest_arraysExpectedNullMessage
junit4,https://github.com/junit-team/junit4,7167b23b3ba7dd79410f6e9db350d16cbe30617b,.,nondex,org.junit.tests.assertion.AssertionTest#arraysNotEqual,org.junit.tests.assertion.AssertionTest#arraysNotEqual,SUCCESS,SUCCESS,SUCCESS,SUCCESS,SUCCESS,FAILED,,BARRIERPOINTSEARCH_FAILED,80.03,/home/a360/research/flaky-test-detection-results/FlakeSyncResults/artifacts/junit4/org.junit.tests.assertion.AssertionTest_arraysNotEqual
junit4,https://github.com/junit-team/junit4,7167b23b3ba7dd79410f6e9db350d16cbe30617b,.,nondex,org.junit.tests.assertion.AssertionTest#arraysNotEqualWithMessage,org.junit.tests.assertion.AssertionTest#arraysNotEqualWithMessage,SUCCESS,SUCCESS,SUCCESS,SUCCESS,SUCCESS,FAILED,,BARRIERPOINTSEARCH_FAILED,79.92,/home/a360/research/flaky-test-detection-results/FlakeSyncResults/artifacts/junit4/org.junit.tests.assertion.AssertionTest_arraysNotEqualWithMessage
junit4,https://github.com/junit-team/junit4,7167b23b3ba7dd79410f6e9db350d16cbe30617b,.,nondex,org.junit.tests.assertion.AssertionTest#arraysWithNullElementEqual,org.junit.tests.assertion.AssertionTest#arraysWithNullElementEqual,SUCCESS,SUCCESS,SUCCESS,SUCCESS,SUCCESS,FAILED,,BARRIERPOINTSEARCH_FAILED,80.02,/home/a360/research/flaky-test-detection-results/FlakeSyncResults/artifacts/junit4/org.junit.tests.assertion.AssertionTest_arraysWithNullElementEqual
junit4,https://github.com/junit-team/junit4,7167b23b3ba7dd79410f6e9db350d16cbe30617b,.,nondex,org.junit.tests.assertion.AssertionTest#assertNotEqualsConsidersDeltaCorrectly,org.junit.tests.assertion.AssertionTest#assertNotEqualsConsidersDeltaCorrectly,SUCCESS,SUCCESS,SUCCESS,SUCCESS,SUCCESS,FAILED,,BARRIERPOINTSEARCH_FAILED,79.73,/home/a360/research/flaky-test-detection-results/FlakeSyncResults/artifacts/junit4/org.junit.tests.assertion.AssertionTest_assertNotEqualsConsidersDeltaCorrectly
junit4,https://github.com/junit-team/junit4,7167b23b3ba7dd79410f6e9db350d16cbe30617b,.,nondex,org.junit.tests.assertion.AssertionTest#assertNotEqualsConsidersFloatDeltaCorrectly,org.junit.tests.assertion.AssertionTest#assertNotEqualsConsidersFloatDeltaCorrectly,SUCCESS,SUCCESS,SUCCESS,SUCCESS,SUCCESS,FAILED,,BARRIERPOINTSEARCH_FAILED,79.99,/home/a360/research/flaky-test-detection-results/FlakeSyncResults/artifacts/junit4/org.junit.tests.assertion.AssertionTest_assertNotEqualsConsidersFloatDeltaCorrectly
junit4,https://github.com/junit-team/junit4,7167b23b3ba7dd79410f6e9db350d16cbe30617b,.,nondex,org.junit.tests.assertion.AssertionTest#assertNotEqualsIgnoresDeltaOnNaN,org.junit.tests.assertion.AssertionTest#assertNotEqualsIgnoresDeltaOnNaN,SUCCESS,SUCCESS,SUCCESS,SUCCESS,SUCCESS,FAILED,,BARRIERPOINTSEARCH_FAILED,79.84,/home/a360/research/flaky-test-detection-results/FlakeSyncResults/artifacts/junit4/org.junit.tests.assertion.AssertionTest_assertNotEqualsIgnoresDeltaOnNaN
junit4,https://github.com/junit-team/junit4,7167b23b3ba7dd79410f6e9db350d16cbe30617b,.,nondex,org.junit.tests.assertion.AssertionTest#assertNotEqualsIgnoresFloatDeltaOnNaN,org.junit.tests.assertion.AssertionTest#assertNotEqualsIgnoresFloatDeltaOnNaN,SUCCESS,SUCCESS,SUCCESS,SUCCESS,SUCCESS,FAILED,,BARRIERPOINTSEARCH_FAILED,80.53,/home/a360/research/flaky-test-detection-results/FlakeSyncResults/artifacts/junit4/org.junit.tests.assertion.AssertionTest_assertNotEqualsIgnoresFloatDeltaOnNaN
junit4,https://github.com/junit-team/junit4,7167b23b3ba7dd79410f6e9db350d16cbe30617b,.,nondex,org.junit.tests.assertion.AssertionTest#assertNotEqualsIncludesCorrectMessage,org.junit.tests.assertion.AssertionTest#assertNotEqualsIncludesCorrectMessage,SUCCESS,SUCCESS,SUCCESS,SUCCESS,SUCCESS,FAILED,,BARRIERPOINTSEARCH_FAILED,79.89,/home/a360/research/flaky-test-detection-results/FlakeSyncResults/artifacts/junit4/org.junit.tests.assertion.AssertionTest_assertNotEqualsIncludesCorrectMessage
junit4,https://github.com/junit-team/junit4,7167b23b3ba7dd79410f6e9db350d16cbe30617b,.,nondex,org.junit.tests.assertion.AssertionTest#assertNotEqualsIncludesTheValueBeingTested,org.junit.tests.assertion.AssertionTest#assertNotEqualsIncludesTheValueBeingTested,SUCCESS,SUCCESS,SUCCESS,SUCCESS,SUCCESS,FAILED,,BARRIERPOINTSEARCH_FAILED,80.02,/home/a360/research/flaky-test-detection-results/FlakeSyncResults/artifacts/junit4/org.junit.tests.assertion.AssertionTest_assertNotEqualsIncludesTheValueBeingTested
junit4,https://github.com/junit-team/junit4,7167b23b3ba7dd79410f6e9db350d16cbe30617b,.,nondex,org.junit.tests.assertion.AssertionTest#assertNotEqualsWorksWithPrimitiveTypes,org.junit.tests.assertion.AssertionTest#assertNotEqualsWorksWithPrimitiveTypes,SUCCESS,SUCCESS,SUCCESS,SUCCESS,SUCCESS,FAILED,,BARRIERPOINTSEARCH_FAILED,80.04,/home/a360/research/flaky-test-detection-results/FlakeSyncResults/artifacts/junit4/org.junit.tests.assertion.AssertionTest_assertNotEqualsWorksWithPrimitiveTypes
junit4,https://github.com/junit-team/junit4,7167b23b3ba7dd79410f6e9db350d16cbe30617b,.,nondex,org.junit.tests.assertion.AssertionTest#assertThatDescriptionCanBeElided,org.junit.tests.assertion.AssertionTest#assertThatDescriptionCanBeElided,SUCCESS,SUCCESS,SUCCESS,SUCCESS,SUCCESS,FAILED,,BARRIERPOINTSEARCH_FAILED,79.67,/home/a360/research/flaky-test-detection-results/FlakeSyncResults/artifacts/junit4/org.junit.tests.assertion.AssertionTest_assertThatDescriptionCanBeElided
junit4,https://github.com/junit-team/junit4,7167b23b3ba7dd79410f6e9db350d16cbe30617b,.,nondex,org.junit.tests.assertion.AssertionTest#assertThatIncludesAdvancedMismatch,org.junit.tests.assertion.AssertionTest#assertThatIncludesAdvancedMismatch,SUCCESS,SUCCESS,SUCCESS,SUCCESS,SUCCESS,FAILED,,BARRIERPOINTSEARCH_FAILED,79.89,/home/a360/research/flaky-test-detection-results/FlakeSyncResults/artifacts/junit4/org.junit.tests.assertion.AssertionTest_assertThatIncludesAdvancedMismatch
junit4,https://github.com/junit-team/junit4,7167b23b3ba7dd79410f6e9db350d16cbe30617b,.,nondex,org.junit.tests.assertion.AssertionTest#assertThrowsDetectsTypeMismatchesViaExplicitTypeHint,org.junit.tests.assertion.AssertionTest#assertThrowsDetectsTypeMismatchesViaExplicitTypeHint,SUCCESS,SUCCESS,SUCCESS,SUCCESS,SUCCESS,FAILED,,BARRIERPOINTSEARCH_FAILED,79.88,/home/a360/research/flaky-test-detection-results/FlakeSyncResults/artifacts/junit4/org.junit.tests.assertion.AssertionTest_assertThrowsDetectsTypeMismatchesViaExplicitTypeHint
junit4,https://github.com/junit-team/junit4,7167b23b3ba7dd79410f6e9db350d16cbe30617b,.,nondex,org.junit.tests.assertion.AssertionTest#assertThrowsIncludesAnInformativeDefaultMessage,org.junit.tests.assertion.AssertionTest#assertThrowsIncludesAnInformativeDefaultMessage,SUCCESS,SUCCESS,SUCCESS,SUCCESS,SUCCESS,FAILED,,BARRIERPOINTSEARCH_FAILED,80.19,/home/a360/research/flaky-test-detection-results/FlakeSyncResults/artifacts/junit4/org.junit.tests.assertion.AssertionTest_assertThrowsIncludesAnInformativeDefaultMessage
junit4,https://github.com/junit-team/junit4,7167b23b3ba7dd79410f6e9db350d16cbe30617b,.,nondex,org.junit.tests.assertion.AssertionTest#assertThrowsIncludesTheSpecifiedMessage,org.junit.tests.assertion.AssertionTest#assertThrowsIncludesTheSpecifiedMessage,SUCCESS,SUCCESS,SUCCESS,SUCCESS,SUCCESS,FAILED,,BARRIERPOINTSEARCH_FAILED,79.85,/home/a360/research/flaky-test-detection-results/FlakeSyncResults/artifacts/junit4/org.junit.tests.assertion.AssertionTest_assertThrowsIncludesTheSpecifiedMessage
junit4,https://github.com/junit-team/junit4,7167b23b3ba7dd79410f6e9db350d16cbe30617b,.,nondex,org.junit.tests.assertion.AssertionTest#assertThrowsRequiresAnExceptionToBeThrown,org.junit.tests.assertion.AssertionTest#assertThrowsRequiresAnExceptionToBeThrown,SUCCESS,SUCCESS,SUCCESS,SUCCESS,SUCCESS,FAILED,,BARRIERPOINTSEARCH_FAILED,79.48,/home/a360/research/flaky-test-detection-results/FlakeSyncResults/artifacts/junit4/org.junit.tests.assertion.AssertionTest_assertThrowsRequiresAnExceptionToBeThrown
junit4,https://github.com/junit-team/junit4,7167b23b3ba7dd79410f6e9db350d16cbe30617b,.,nondex,org.junit.tests.assertion.AssertionTest#assertThrowsReturnsTheSameObjectThrown,org.junit.tests.assertion.AssertionTest#assertThrowsReturnsTheSameObjectThrown,SUCCESS,SUCCESS,SUCCESS,SUCCESS,SUCCESS,FAILED,,BARRIERPOINTSEARCH_FAILED,80.23,/home/a360/research/flaky-test-detection-results/FlakeSyncResults/artifacts/junit4/org.junit.tests.assertion.AssertionTest_assertThrowsReturnsTheSameObjectThrown
junit4,https://github.com/junit-team/junit4,7167b23b3ba7dd79410f6e9db350d16cbe30617b,.,nondex,org.junit.tests.assertion.AssertionTest#assertThrowsSuppliesACoherentErrorMessageUponTypeMismatch,org.junit.tests.assertion.AssertionTest#assertThrowsSuppliesACoherentErrorMessageUponTypeMismatch,SUCCESS,SUCCESS,SUCCESS,SUCCESS,SUCCESS,FAILED,,BARRIERPOINTSEARCH_FAILED,79.74,/home/a360/research/flaky-test-detection-results/FlakeSyncResults/artifacts/junit4/org.junit.tests.assertion.AssertionTest_assertThrowsSuppliesACoherentErrorMessageUponTypeMismatch
junit4,https://github.com/junit-team/junit4,7167b23b3ba7dd79410f6e9db350d16cbe30617b,.,nondex,org.junit.tests.assertion.AssertionTest#assertThrowsSuppliesTheSpecifiedMessageUponTypeMismatch,org.junit.tests.assertion.AssertionTest#assertThrowsSuppliesTheSpecifiedMessageUponTypeMismatch,SUCCESS,SUCCESS,SUCCESS,SUCCESS,SUCCESS,FAILED,,BARRIERPOINTSEARCH_FAILED,79.52,/home/a360/research/flaky-test-detection-results/FlakeSyncResults/artifacts/junit4/org.junit.tests.assertion.AssertionTest_assertThrowsSuppliesTheSpecifiedMessageUponTypeMismatch
junit4,https://github.com/junit-team/junit4,7167b23b3ba7dd79410f6e9db350d16cbe30617b,.,nondex,org.junit.tests.assertion.AssertionTest#assertThrowsUsesCanonicalNameUponTypeMismatch,org.junit.tests.assertion.AssertionTest#assertThrowsUsesCanonicalNameUponTypeMismatch,SUCCESS,SUCCESS,SUCCESS,SUCCESS,SUCCESS,FAILED,,BARRIERPOINTSEARCH_FAILED,80.59,/home/a360/research/flaky-test-detection-results/FlakeSyncResults/artifacts/junit4/org.junit.tests.assertion.AssertionTest_assertThrowsUsesCanonicalNameUponTypeMismatch
junit4,https://github.com/junit-team/junit4,7167b23b3ba7dd79410f6e9db350d16cbe30617b,.,nondex,org.junit.tests.assertion.AssertionTest#assertThrowsUsesCanonicalNameWhenRequiredExceptionNotThrown,org.junit.tests.assertion.AssertionTest#assertThrowsUsesCanonicalNameWhenRequiredExceptionNotThrown,SUCCESS,SUCCESS,SUCCESS,SUCCESS,SUCCESS,FAILED,,BARRIERPOINTSEARCH_FAILED,80.08,/home/a360/research/flaky-test-detection-results/FlakeSyncResults/artifacts/junit4/org.junit.tests.assertion.AssertionTest_assertThrowsUsesCanonicalNameWhenRequiredExceptionNotThrown
junit4,https://github.com/junit-team/junit4,7167b23b3ba7dd79410f6e9db350d16cbe30617b,.,nondex,org.junit.tests.assertion.AssertionTest#assertThrowsUsesNameUponTypeMismatchWithAnonymousClass,org.junit.tests.assertion.AssertionTest#assertThrowsUsesNameUponTypeMismatchWithAnonymousClass,SUCCESS,SUCCESS,SUCCESS,SUCCESS,SUCCESS,FAILED,,BARRIERPOINTSEARCH_FAILED,79.59,/home/a360/research/flaky-test-detection-results/FlakeSyncResults/artifacts/junit4/org.junit.tests.assertion.AssertionTest_assertThrowsUsesNameUponTypeMismatchWithAnonymousClass
junit4,https://github.com/junit-team/junit4,7167b23b3ba7dd79410f6e9db350d16cbe30617b,.,nondex,org.junit.tests.assertion.AssertionTest#assertThrowsWrapsAndPropagatesUnexpectedExceptions,org.junit.tests.assertion.AssertionTest#assertThrowsWrapsAndPropagatesUnexpectedExceptions,SUCCESS,SUCCESS,SUCCESS,SUCCESS,SUCCESS,FAILED,,BARRIERPOINTSEARCH_FAILED,79.77,/home/a360/research/flaky-test-detection-results/FlakeSyncResults/artifacts/junit4/org.junit.tests.assertion.AssertionTest_assertThrowsWrapsAndPropagatesUnexpectedExceptions
junit4,https://github.com/junit-team/junit4,7167b23b3ba7dd79410f6e9db350d16cbe30617b,.,nondex,org.junit.tests.assertion.AssertionTest#bigDecimalsNotEqual,org.junit.tests.assertion.AssertionTest#bigDecimalsNotEqual,SUCCESS,SUCCESS,SUCCESS,SUCCESS,SUCCESS,FAILED,,BARRIERPOINTSEARCH_FAILED,80.39,/home/a360/research/flaky-test-detection-results/FlakeSyncResults/artifacts/junit4/org.junit.tests.assertion.AssertionTest_bigDecimalsNotEqual
junit4,https://github.com/junit-team/junit4,7167b23b3ba7dd79410f6e9db350d16cbe30617b,.,nondex,org.junit.tests.assertion.AssertionTest#booleansNotEqual,org.junit.tests.assertion.AssertionTest#booleansNotEqual,SUCCESS,SUCCESS,SUCCESS,SUCCESS,SUCCESS,FAILED,,BARRIERPOINTSEARCH_FAILED,80.18,/home/a360/research/flaky-test-detection-results/FlakeSyncResults/artifacts/junit4/org.junit.tests.assertion.AssertionTest_booleansNotEqual
junit4,https://github.com/junit-team/junit4,7167b23b3ba7dd79410f6e9db350d16cbe30617b,.,nondex,org.junit.tests.assertion.AssertionTest#bytesNotEqual,org.junit.tests.assertion.AssertionTest#bytesNotEqual,SUCCESS,SUCCESS,SUCCESS,SUCCESS,SUCCESS,FAILED,,BARRIERPOINTSEARCH_FAILED,80.43,/home/a360/research/flaky-test-detection-results/FlakeSyncResults/artifacts/junit4/org.junit.tests.assertion.AssertionTest_bytesNotEqual
junit4,https://github.com/junit-team/junit4,7167b23b3ba7dd79410f6e9db350d16cbe30617b,.,nondex,org.junit.tests.assertion.AssertionTest#compareBigDecimalAndInteger,org.junit.tests.assertion.AssertionTest#compareBigDecimalAndInteger,SUCCESS,SUCCESS,SUCCESS,SUCCESS,SUCCESS,FAILED,,BARRIERPOINTSEARCH_FAILED,80.19,/home/a360/research/flaky-test-detection-results/FlakeSyncResults/artifacts/junit4/org.junit.tests.assertion.AssertionTest_compareBigDecimalAndInteger
junit4,https://github.com/junit-team/junit4,7167b23b3ba7dd79410f6e9db350d16cbe30617b,.,nondex,org.junit.tests.assertion.AssertionTest#doublesNotEqual,org.junit.tests.assertion.AssertionTest#doublesNotEqual,SUCCESS,SUCCESS,SUCCESS,SUCCESS,SUCCESS,FAILED,,BARRIERPOINTSEARCH_FAILED,80.24,/home/a360/research/flaky-test-detection-results/FlakeSyncResults/artifacts/junit4/org.junit.tests.assertion.AssertionTest_doublesNotEqual
junit4,https://github.com/junit-team/junit4,7167b23b3ba7dd79410f6e9db350d16cbe30617b,.,nondex,org.junit.tests.assertion.AssertionTest#equals,org.junit.tests.assertion.AssertionTest#equals,SUCCESS,SUCCESS,SUCCESS,SUCCESS,SUCCESS,FAILED,,BARRIERPOINTSEARCH_FAILED,79.97,/home/a360/research/flaky-test-detection-results/FlakeSyncResults/artifacts/junit4/org.junit.tests.assertion.AssertionTest_equals
junit4,https://github.com/junit-team/junit4,7167b23b3ba7dd79410f6e9db350d16cbe30617b,.,nondex,org.junit.tests.assertion.AssertionTest#errorMessageDistinguishesDifferentValuesWithSameToString,org.junit.tests.assertion.AssertionTest#errorMessageDistinguishesDifferentValuesWithSameToString,SUCCESS,SUCCESS,SUCCESS,SUCCESS,SUCCESS,FAILED,,BARRIERPOINTSEARCH_FAILED,80.28,/home/a360/research/flaky-test-detection-results/FlakeSyncResults/artifacts/junit4/org.junit.tests.assertion.AssertionTest_errorMessageDistinguishesDifferentValuesWithSameToString
junit4,https://github.com/junit-team/junit4,7167b23b3ba7dd79410f6e9db350d16cbe30617b,.,nondex,org.junit.tests.assertion.AssertionTest#failWithMessageToString,org.junit.tests.assertion.AssertionTest#failWithMessageToString,SUCCESS,SUCCESS,SUCCESS,SUCCESS,SUCCESS,FAILED,,BARRIERPOINTSEARCH_FAILED,80.28,/home/a360/research/flaky-test-detection-results/FlakeSyncResults/artifacts/junit4/org.junit.tests.assertion.AssertionTest_failWithMessageToString
junit4,https://github.com/junit-team/junit4,7167b23b3ba7dd79410f6e9db350d16cbe30617b,.,nondex,org.junit.tests.assertion.AssertionTest#fails,org.junit.tests.assertion.AssertionTest#fails,SUCCESS,SUCCESS,SUCCESS,SUCCESS,SUCCESS,FAILED,,BARRIERPOINTSEARCH_FAILED,79.86,/home/a360/research/flaky-test-detection-results/FlakeSyncResults/artifacts/junit4/org.junit.tests.assertion.AssertionTest_fails
junit4,https://github.com/junit-team/junit4,7167b23b3ba7dd79410f6e9db350d16cbe30617b,.,nondex,org.junit.tests.assertion.AssertionTest#floatsNotDoublesInArrays,org.junit.tests.assertion.AssertionTest#floatsNotDoublesInArrays,SUCCESS,SUCCESS,SUCCESS,SUCCESS,SUCCESS,FAILED,,BARRIERPOINTSEARCH_FAILED,79.72,/home/a360/research/flaky-test-detection-results/FlakeSyncResults/artifacts/junit4/org.junit.tests.assertion.AssertionTest_floatsNotDoublesInArrays
junit4,https://github.com/junit-team/junit4,7167b23b3ba7dd79410f6e9db350d16cbe30617b,.,nondex,org.junit.tests.assertion.AssertionTest#floatsNotEqual,org.junit.tests.assertion.AssertionTest#floatsNotEqual,SUCCESS,SUCCESS,SUCCESS,SUCCESS,SUCCESS,FAILED,,BARRIERPOINTSEARCH_FAILED,79.88,/home/a360/research/flaky-test-detection-results/FlakeSyncResults/artifacts/junit4/org.junit.tests.assertion.AssertionTest_floatsNotEqual
junit4,https://github.com/junit-team/junit4,7167b23b3ba7dd79410f6e9db350d16cbe30617b,.,nondex,org.junit.tests.assertion.AssertionTest#implicitTypecastEquality,org.junit.tests.assertion.AssertionTest#implicitTypecastEquality,SUCCESS,SUCCESS,SUCCESS,SUCCESS,SUCCESS,FAILED,,BARRIERPOINTSEARCH_FAILED,80.12,/home/a360/research/flaky-test-detection-results/FlakeSyncResults/artifacts/junit4/org.junit.tests.assertion.AssertionTest_implicitTypecastEquality
junit4,https://github.com/junit-team/junit4,7167b23b3ba7dd79410f6e9db350d16cbe30617b,.,nondex,org.junit.tests.assertion.AssertionTest#intsEqualLongs,org.junit.tests.assertion.AssertionTest#intsEqualLongs,SUCCESS,SUCCESS,SUCCESS,SUCCESS,SUCCESS,FAILED,,BARRIERPOINTSEARCH_FAILED,80.08,/home/a360/research/flaky-test-detection-results/FlakeSyncResults/artifacts/junit4/org.junit.tests.assertion.AssertionTest_intsEqualLongs
junit4,https://github.com/junit-team/junit4,7167b23b3ba7dd79410f6e9db350d16cbe30617b,.,nondex,org.junit.tests.assertion.AssertionTest#intsNotEqual,org.junit.tests.assertion.AssertionTest#intsNotEqual,SUCCESS,SUCCESS,SUCCESS,SUCCESS,SUCCESS,FAILED,,BARRIERPOINTSEARCH_FAILED,79.93,/home/a360/research/flaky-test-detection-results/FlakeSyncResults/artifacts/junit4/org.junit.tests.assertion.AssertionTest_intsNotEqual
junit4,https://github.com/junit-team/junit4,7167b23b3ba7dd79410f6e9db350d16cbe30617b,.,nondex,org.junit.tests.assertion.AssertionTest#longsNotEqual,org.junit.tests.assertion.AssertionTest#longsNotEqual,SUCCESS,SUCCESS,SUCCESS,SUCCESS,SUCCESS,FAILED,,BARRIERPOINTSEARCH_FAILED,79.89,/home/a360/research/flaky-test-detection-results/FlakeSyncResults/artifacts/junit4/org.junit.tests.assertion.AssertionTest_longsNotEqual
junit4,https://github.com/junit-team/junit4,7167b23b3ba7dd79410f6e9db350d16cbe30617b,.,nondex,org.junit.tests.assertion.AssertionTest#multiDimensionalArraysAreEqual,org.junit.tests.assertion.AssertionTest#multiDimensionalArraysAreEqual,SUCCESS,SUCCESS,SUCCESS,SUCCESS,SUCCESS,FAILED,,BARRIERPOINTSEARCH_FAILED,79.97,/home/a360/research/flaky-test-detection-results/FlakeSyncResults/artifacts/junit4/org.junit.tests.assertion.AssertionTest_multiDimensionalArraysAreEqual
junit4,https://github.com/junit-team/junit4,7167b23b3ba7dd79410f6e9db350d16cbe30617b,.,nondex,org.junit.tests.assertion.AssertionTest#multiDimensionalArraysAreNotEqual,org.junit.tests.assertion.AssertionTest#multiDimensionalArraysAreNotEqual,SUCCESS,SUCCESS,SUCCESS,SUCCESS,SUCCESS,FAILED,,BARRIERPOINTSEARCH_FAILED,79.72,/home/a360/research/flaky-test-detection-results/FlakeSyncResults/artifacts/junit4/org.junit.tests.assertion.AssertionTest_multiDimensionalArraysAreNotEqual
junit4,https://github.com/junit-team/junit4,7167b23b3ba7dd79410f6e9db350d16cbe30617b,.,nondex,org.junit.tests.assertion.AssertionTest#multiDimensionalArraysAreNotEqualNoMessage,org.junit.tests.assertion.AssertionTest#multiDimensionalArraysAreNotEqualNoMessage,SUCCESS,SUCCESS,SUCCESS,SUCCESS,SUCCESS,FAILED,,BARRIERPOINTSEARCH_FAILED,79.72,/home/a360/research/flaky-test-detection-results/FlakeSyncResults/artifacts/junit4/org.junit.tests.assertion.AssertionTest_multiDimensionalArraysAreNotEqualNoMessage
junit4,https://github.com/junit-team/junit4,7167b23b3ba7dd79410f6e9db350d16cbe30617b,.,nondex,org.junit.tests.assertion.AssertionTest#multiDimensionalArraysDeclaredAsOneDimensionalAreEqual,org.junit.tests.assertion.AssertionTest#multiDimensionalArraysDeclaredAsOneDimensionalAreEqual,SUCCESS,SUCCESS,SUCCESS,SUCCESS,SUCCESS,FAILED,,BARRIERPOINTSEARCH_FAILED,80.44,/home/a360/research/flaky-test-detection-results/FlakeSyncResults/artifacts/junit4/org.junit.tests.assertion.AssertionTest_multiDimensionalArraysDeclaredAsOneDimensionalAreEqual
junit4,https://github.com/junit-team/junit4,7167b23b3ba7dd79410f6e9db350d16cbe30617b,.,nondex,org.junit.tests.assertion.AssertionTest#multiDimensionalArraysDifferentLengthMessage,org.junit.tests.assertion.AssertionTest#multiDimensionalArraysDifferentLengthMessage,SUCCESS,SUCCESS,SUCCESS,SUCCESS,SUCCESS,FAILED,,BARRIERPOINTSEARCH_FAILED,80.63,/home/a360/research/flaky-test-detection-results/FlakeSyncResults/artifacts/junit4/org.junit.tests.assertion.AssertionTest_multiDimensionalArraysDifferentLengthMessage
junit4,https://github.com/junit-team/junit4,7167b23b3ba7dd79410f6e9db350d16cbe30617b,.,nondex,org.junit.tests.assertion.AssertionTest#multiDimensionalArraysDifferentLengthNoMessage,org.junit.tests.assertion.AssertionTest#multiDimensionalArraysDifferentLengthNoMessage,SUCCESS,SUCCESS,SUCCESS,SUCCESS,SUCCESS,FAILED,,BARRIERPOINTSEARCH_FAILED,79.62,/home/a360/research/flaky-test-detection-results/FlakeSyncResults/artifacts/junit4/org.junit.tests.assertion.AssertionTest_multiDimensionalArraysDifferentLengthNoMessage
junit4,https://github.com/junit-team/junit4,7167b23b3ba7dd79410f6e9db350d16cbe30617b,.,nondex,org.junit.tests.assertion.AssertionTest#multiDimensionalIntArraysAreEqual,org.junit.tests.assertion.AssertionTest#multiDimensionalIntArraysAreEqual,SUCCESS,SUCCESS,SUCCESS,SUCCESS,SUCCESS,FAILED,,BARRIERPOINTSEARCH_FAILED,79.88,/home/a360/research/flaky-test-detection-results/FlakeSyncResults/artifacts/junit4/org.junit.tests.assertion.AssertionTest_multiDimensionalIntArraysAreEqual
junit4,https://github.com/junit-team/junit4,7167b23b3ba7dd79410f6e9db350d16cbe30617b,.,nondex,org.junit.tests.assertion.AssertionTest#naNsAreEqual,org.junit.tests.assertion.AssertionTest#naNsAreEqual,SUCCESS,SUCCESS,SUCCESS,SUCCESS,SUCCESS,FAILED,,BARRIERPOINTSEARCH_FAILED,80.57,/home/a360/research/flaky-test-detection-results/FlakeSyncResults/artifacts/junit4/org.junit.tests.assertion.AssertionTest_naNsAreEqual
junit4,https://github.com/junit-team/junit4,7167b23b3ba7dd79410f6e9db350d16cbe30617b,.,nondex,org.junit.tests.assertion.AssertionTest#notEqualsNullWithObject,org.junit.tests.assertion.AssertionTest#notEqualsNullWithObject,SUCCESS,SUCCESS,SUCCESS,SUCCESS,SUCCESS,FAILED,,BARRIERPOINTSEARCH_FAILED,79.93,/home/a360/research/flaky-test-detection-results/FlakeSyncResults/artifacts/junit4/org.junit.tests.assertion.AssertionTest_notEqualsNullWithObject
junit4,https://github.com/junit-team/junit4,7167b23b3ba7dd79410f6e9db350d16cbe30617b,.,nondex,org.junit.tests.assertion.AssertionTest#notEqualsObjectWithNull,org.junit.tests.assertion.AssertionTest#notEqualsObjectWithNull,SUCCESS,SUCCESS,SUCCESS,SUCCESS,SUCCESS,FAILED,,BARRIERPOINTSEARCH_FAILED,80.43,/home/a360/research/flaky-test-detection-results/FlakeSyncResults/artifacts/junit4/org.junit.tests.assertion.AssertionTest_notEqualsObjectWithNull
junit4,https://github.com/junit-team/junit4,7167b23b3ba7dd79410f6e9db350d16cbe30617b,.,nondex,org.junit.tests.assertion.AssertionTest#notEqualsObjectWithNullWithMessage,org.junit.tests.assertion.AssertionTest#notEqualsObjectWithNullWithMessage,SUCCESS,SUCCESS,SUCCESS,SUCCESS,SUCCESS,FAILED,,BARRIERPOINTSEARCH_FAILED,80.35,/home/a360/research/flaky-test-detection-results/FlakeSyncResults/artifacts/junit4/org.junit.tests.assertion.AssertionTest_notEqualsObjectWithNullWithMessage
junit4,https://github.com/junit-team/junit4,7167b23b3ba7dd79410f6e9db350d16cbe30617b,.,nondex,org.junit.tests.assertion.AssertionTest#notSame,org.junit.tests.assertion.AssertionTest#notSame,SUCCESS,SUCCESS,SUCCESS,SUCCESS,SUCCESS,FAILED,,BARRIERPOINTSEARCH_FAILED,80.35,/home/a360/research/flaky-test-detection-results/FlakeSyncResults/artifacts/junit4/org.junit.tests.assertion.AssertionTest_notSame
junit4,https://github.com/junit-team/junit4,7167b23b3ba7dd79410f6e9db350d16cbe30617b,.,nondex,org.junit.tests.assertion.AssertionTest#notSameNullMessage,org.junit.tests.assertion.AssertionTest#notSameNullMessage,SUCCESS,SUCCESS,SUCCESS,SUCCESS,SUCCESS,FAILED,,BARRIERPOINTSEARCH_FAILED,80.28,/home/a360/research/flaky-test-detection-results/FlakeSyncResults/artifacts/junit4/org.junit.tests.assertion.AssertionTest_notSameNullMessage
junit4,https://github.com/junit-team/junit4,7167b23b3ba7dd79410f6e9db350d16cbe30617b,.,nondex,org.junit.tests.assertion.AssertionTest#notSameWithMessage,org.junit.tests.assertion.AssertionTest#notSameWithMessage,SUCCESS,SUCCESS,SUCCESS,SUCCESS,SUCCESS,FAILED,,BARRIERPOINTSEARCH_FAILED,80.3,/home/a360/research/flaky-test-detection-results/FlakeSyncResults/artifacts/junit4/org.junit.tests.assertion.AssertionTest_notSameWithMessage
junit4,https://github.com/junit-team/junit4,7167b23b3ba7dd79410f6e9db350d16cbe30617b,.,nondex,org.junit.tests.assertion.AssertionTest#nullAndStringNullPrintCorrectError,org.junit.tests.assertion.AssertionTest#nullAndStringNullPrintCorrectError,SUCCESS,SUCCESS,SUCCESS,SUCCESS,SUCCESS,FAILED,,BARRIERPOINTSEARCH_FAILED,79.98,/home/a360/research/flaky-test-detection-results/FlakeSyncResults/artifacts/junit4/org.junit.tests.assertion.AssertionTest_nullAndStringNullPrintCorrectError
junit4,https://github.com/junit-team/junit4,7167b23b3ba7dd79410f6e9db350d16cbe30617b,.,nondex,org.junit.tests.assertion.AssertionTest#nullMessageDisappearsWithAssertEquals,org.junit.tests.assertion.AssertionTest#nullMessageDisappearsWithAssertEquals,SUCCESS,SUCCESS,SUCCESS,SUCCESS,SUCCESS,FAILED,,BARRIERPOINTSEARCH_FAILED,81.03,/home/a360/research/flaky-test-detection-results/FlakeSyncResults/artifacts/junit4/org.junit.tests.assertion.AssertionTest_nullMessageDisappearsWithAssertEquals
junit4,https://github.com/junit-team/junit4,7167b23b3ba7dd79410f6e9db350d16cbe30617b,.,nondex,org.junit.tests.assertion.AssertionTest#nullMessageDisappearsWithStringAssertEquals,org.junit.tests.assertion.AssertionTest#nullMessageDisappearsWithStringAssertEquals,SUCCESS,SUCCESS,SUCCESS,SUCCESS,SUCCESS,FAILED,,BARRIERPOINTSEARCH_FAILED,79.93,/home/a360/research/flaky-test-detection-results/FlakeSyncResults/artifacts/junit4/org.junit.tests.assertion.AssertionTest_nullMessageDisappearsWithStringAssertEquals
junit4,https://github.com/junit-team/junit4,7167b23b3ba7dd79410f6e9db350d16cbe30617b,.,nondex,org.junit.tests.assertion.AssertionTest#nullNullmessage,org.junit.tests.assertion.AssertionTest#nullNullmessage,SUCCESS,SUCCESS,SUCCESS,SUCCESS,SUCCESS,FAILED,,BARRIERPOINTSEARCH_FAILED,80.03,/home/a360/research/flaky-test-detection-results/FlakeSyncResults/artifacts/junit4/org.junit.tests.assertion.AssertionTest_nullNullmessage
junit4,https://github.com/junit-team/junit4,7167b23b3ba7dd79410f6e9db350d16cbe30617b,.,nondex,org.junit.tests.assertion.AssertionTest#nullToString,org.junit.tests.assertion.AssertionTest#nullToString,SUCCESS,SUCCESS,SUCCESS,SUCCESS,SUCCESS,FAILED,,BARRIERPOINTSEARCH_FAILED,80.23,/home/a360/research/flaky-test-detection-results/FlakeSyncResults/artifacts/junit4/org.junit.tests.assertion.AssertionTest_nullToString
junit4,https://github.com/junit-team/junit4,7167b23b3ba7dd79410f6e9db350d16cbe30617b,.,nondex,org.junit.tests.assertion.AssertionTest#nullWithMessage,org.junit.tests.assertion.AssertionTest#nullWithMessage,SUCCESS,SUCCESS,SUCCESS,SUCCESS,SUCCESS,FAILED,,BARRIERPOINTSEARCH_FAILED,80.48,/home/a360/research/flaky-test-detection-results/FlakeSyncResults/artifacts/junit4/org.junit.tests.assertion.AssertionTest_nullWithMessage
junit4,https://github.com/junit-team/junit4,7167b23b3ba7dd79410f6e9db350d16cbe30617b,.,nondex,org.junit.tests.assertion.AssertionTest#objectsAreSame,org.junit.tests.assertion.AssertionTest#objectsAreSame,SUCCESS,SUCCESS,SUCCESS,SUCCESS,SUCCESS,FAILED,,BARRIERPOINTSEARCH_FAILED,79.73,/home/a360/research/flaky-test-detection-results/FlakeSyncResults/artifacts/junit4/org.junit.tests.assertion.AssertionTest_objectsAreSame
junit4,https://github.com/junit-team/junit4,7167b23b3ba7dd79410f6e9db350d16cbe30617b,.,nondex,org.junit.tests.assertion.AssertionTest#objectsNotEquals,org.junit.tests.assertion.AssertionTest#objectsNotEquals,SUCCESS,SUCCESS,SUCCESS,SUCCESS,SUCCESS,FAILED,,BARRIERPOINTSEARCH_FAILED,80.33,/home/a360/research/flaky-test-detection-results/FlakeSyncResults/artifacts/junit4/org.junit.tests.assertion.AssertionTest_objectsNotEquals
junit4,https://github.com/junit-team/junit4,7167b23b3ba7dd79410f6e9db350d16cbe30617b,.,nondex,org.junit.tests.assertion.AssertionTest#objectsNotSame,org.junit.tests.assertion.AssertionTest#objectsNotSame,SUCCESS,SUCCESS,SUCCESS,SUCCESS,SUCCESS,FAILED,,BARRIERPOINTSEARCH_FAILED,80.14,/home/a360/research/flaky-test-detection-results/FlakeSyncResults/artifacts/junit4/org.junit.tests.assertion.AssertionTest_objectsNotSame
junit4,https://github.com/junit-team/junit4,7167b23b3ba7dd79410f6e9db350d16cbe30617b,.,nondex,org.junit.tests.assertion.AssertionTest#oneDimensionalBooleanArraysAreNotEqual,org.junit.tests.assertion.AssertionTest#oneDimensionalBooleanArraysAreNotEqual,SUCCESS,SUCCESS,SUCCESS,SUCCESS,SUCCESS,FAILED,,BARRIERPOINTSEARCH_FAILED,80.29,/home/a360/research/flaky-test-detection-results/FlakeSyncResults/artifacts/junit4/org.junit.tests.assertion.AssertionTest_oneDimensionalBooleanArraysAreNotEqual
junit4,https://github.com/junit-team/junit4,7167b23b3ba7dd79410f6e9db350d16cbe30617b,.,nondex,org.junit.tests.assertion.AssertionTest#oneDimensionalDoubleArraysAreNotEqual,org.junit.tests.assertion.AssertionTest#oneDimensionalDoubleArraysAreNotEqual,SUCCESS,SUCCESS,SUCCESS,SUCCESS,SUCCESS,FAILED,,BARRIERPOINTSEARCH_FAILED,79.89,/home/a360/research/flaky-test-detection-results/FlakeSyncResults/artifacts/junit4/org.junit.tests.assertion.AssertionTest_oneDimensionalDoubleArraysAreNotEqual
junit4,https://github.com/junit-team/junit4,7167b23b3ba7dd79410f6e9db350d16cbe30617b,.,nondex,org.junit.tests.assertion.AssertionTest#oneDimensionalFloatArraysAreNotEqual,org.junit.tests.assertion.AssertionTest#oneDimensionalFloatArraysAreNotEqual,SUCCESS,SUCCESS,SUCCESS,SUCCESS,SUCCESS,FAILED,,BARRIERPOINTSEARCH_FAILED,79.73,/home/a360/research/flaky-test-detection-results/FlakeSyncResults/artifacts/junit4/org.junit.tests.assertion.AssertionTest_oneDimensionalFloatArraysAreNotEqual
junit4,https://github.com/junit-team/junit4,7167b23b3ba7dd79410f6e9db350d16cbe30617b,.,nondex,org.junit.tests.assertion.AssertionTest#oneDimensionalPrimitiveArraysAreEqual,org.junit.tests.assertion.AssertionTest#oneDimensionalPrimitiveArraysAreEqual,SUCCESS,SUCCESS,SUCCESS,SUCCESS,SUCCESS,FAILED,,BARRIERPOINTSEARCH_FAILED,80.79,/home/a360/research/flaky-test-detection-results/FlakeSyncResults/artifacts/junit4/org.junit.tests.assertion.AssertionTest_oneDimensionalPrimitiveArraysAreEqual
junit4,https://github.com/junit-team/junit4,7167b23b3ba7dd79410f6e9db350d16cbe30617b,.,nondex,org.junit.tests.assertion.AssertionTest#primitiveArraysConvertedToStringCorrectly,org.junit.tests.assertion.AssertionTest#primitiveArraysConvertedToStringCorrectly,SUCCESS,SUCCESS,SUCCESS,SUCCESS,SUCCESS,FAILED,,BARRIERPOINTSEARCH_FAILED,80.13,/home/a360/research/flaky-test-detection-results/FlakeSyncResults/artifacts/junit4/org.junit.tests.assertion.AssertionTest_primitiveArraysConvertedToStringCorrectly
junit4,https://github.com/junit-team/junit4,7167b23b3ba7dd79410f6e9db350d16cbe30617b,.,nondex,org.junit.tests.assertion.AssertionTest#same,org.junit.tests.assertion.AssertionTest#same,SUCCESS,SUCCESS,SUCCESS,SUCCESS,SUCCESS,FAILED,,BARRIERPOINTSEARCH_FAILED,80.24,/home/a360/research/flaky-test-detection-results/FlakeSyncResults/artifacts/junit4/org.junit.tests.assertion.AssertionTest_same
junit4,https://github.com/junit-team/junit4,7167b23b3ba7dd79410f6e9db350d16cbe30617b,.,nondex,org.junit.tests.assertion.AssertionTest#sameObjectIsNotEqual,org.junit.tests.assertion.AssertionTest#sameObjectIsNotEqual,SUCCESS,SUCCESS,SUCCESS,SUCCESS,SUCCESS,FAILED,,BARRIERPOINTSEARCH_FAILED,80.27,/home/a360/research/flaky-test-detection-results/FlakeSyncResults/artifacts/junit4/org.junit.tests.assertion.AssertionTest_sameObjectIsNotEqual
junit4,https://github.com/junit-team/junit4,7167b23b3ba7dd79410f6e9db350d16cbe30617b,.,nondex,org.junit.tests.assertion.AssertionTest#sameWithMessage,org.junit.tests.assertion.AssertionTest#sameWithMessage,SUCCESS,SUCCESS,SUCCESS,SUCCESS,SUCCESS,FAILED,,BARRIERPOINTSEARCH_FAILED,80.33,/home/a360/research/flaky-test-detection-results/FlakeSyncResults/artifacts/junit4/org.junit.tests.assertion.AssertionTest_sameWithMessage
junit4,https://github.com/junit-team/junit4,7167b23b3ba7dd79410f6e9db350d16cbe30617b,.,nondex,org.junit.tests.assertion.AssertionTest#shortsNotEqual,org.junit.tests.assertion.AssertionTest#shortsNotEqual,SUCCESS,SUCCESS,SUCCESS,SUCCESS,SUCCESS,FAILED,,BARRIERPOINTSEARCH_FAILED,80.35,/home/a360/research/flaky-test-detection-results/FlakeSyncResults/artifacts/junit4/org.junit.tests.assertion.AssertionTest_shortsNotEqual
junit4,https://github.com/junit-team/junit4,7167b23b3ba7dd79410f6e9db350d16cbe30617b,.,nondex,org.junit.tests.assertion.AssertionTest#stringNullAndNullWorksToo,org.junit.tests.assertion.AssertionTest#stringNullAndNullWorksToo,SUCCESS,SUCCESS,SUCCESS,SUCCESS,SUCCESS,FAILED,,BARRIERPOINTSEARCH_FAILED,80.24,/home/a360/research/flaky-test-detection-results/FlakeSyncResults/artifacts/junit4/org.junit.tests.assertion.AssertionTest_stringNullAndNullWorksToo
junit4,https://github.com/junit-team/junit4,7167b23b3ba7dd79410f6e9db350d16cbe30617b,.,nondex,org.junit.tests.assertion.AssertionTest#stringsDifferWithUserMessage,org.junit.tests.assertion.AssertionTest#stringsDifferWithUserMessage,SUCCESS,SUCCESS,SUCCESS,SUCCESS,SUCCESS,FAILED,,BARRIERPOINTSEARCH_FAILED,79.98,/home/a360/research/flaky-test-detection-results/FlakeSyncResults/artifacts/junit4/org.junit.tests.assertion.AssertionTest_stringsDifferWithUserMessage
junit4,https://github.com/junit-team/junit4,7167b23b3ba7dd79410f6e9db350d16cbe30617b,.,nondex,org.junit.tests.assertion.AssertionTest#stringsNotEqual,org.junit.tests.assertion.AssertionTest#stringsNotEqual,SUCCESS,SUCCESS,SUCCESS,SUCCESS,SUCCESS,FAILED,,BARRIERPOINTSEARCH_FAILED,80.24,/home/a360/research/flaky-test-detection-results/FlakeSyncResults/artifacts/junit4/org.junit.tests.assertion.AssertionTest_stringsNotEqual
junit4,https://github.com/junit-team/junit4,7167b23b3ba7dd79410f6e9db350d16cbe30617b,.,nondex,org.junit.tests.assertion.AssertionTest#twoDimensionalArraysConvertedToStringCorrectly,org.junit.tests.assertion.AssertionTest#twoDimensionalArraysConvertedToStringCorrectly,SUCCESS,SUCCESS,SUCCESS,SUCCESS,SUCCESS,FAILED,,BARRIERPOINTSEARCH_FAILED,79.53,/home/a360/research/flaky-test-detection-results/FlakeSyncResults/artifacts/junit4/org.junit.tests.assertion.AssertionTest_twoDimensionalArraysConvertedToStringCorrectly
junit4,https://github.com/junit-team/junit4,7167b23b3ba7dd79410f6e9db350d16cbe30617b,.,nondex,org.junit.tests.assertion.AssertionTest#twoDimensionalArraysDifferentInnerLengthNotEqual,org.junit.tests.assertion.AssertionTest#twoDimensionalArraysDifferentInnerLengthNotEqual,SUCCESS,SUCCESS,SUCCESS,SUCCESS,SUCCESS,FAILED,,BARRIERPOINTSEARCH_FAILED,79.75,/home/a360/research/flaky-test-detection-results/FlakeSyncResults/artifacts/junit4/org.junit.tests.assertion.AssertionTest_twoDimensionalArraysDifferentInnerLengthNotEqual
junit4,https://github.com/junit-team/junit4,7167b23b3ba7dd79410f6e9db350d16cbe30617b,.,nondex,org.junit.tests.assertion.AssertionTest#twoDimensionalArraysDifferentOuterLengthNotEqual,org.junit.tests.assertion.AssertionTest#twoDimensionalArraysDifferentOuterLengthNotEqual,SUCCESS,SUCCESS,SUCCESS,SUCCESS,SUCCESS,FAILED,,BARRIERPOINTSEARCH_FAILED,80.88,/home/a360/research/flaky-test-detection-results/FlakeSyncResults/artifacts/junit4/org.junit.tests.assertion.AssertionTest_twoDimensionalArraysDifferentOuterLengthNotEqual
junit4,https://github.com/junit-team/junit4,7167b23b3ba7dd79410f6e9db350d16cbe30617b,.,nondex,org.junit.tests.assertion.MultipleFailureExceptionTest#assertEmptyDoesNotThrowForEmptyList,org.junit.tests.assertion.MultipleFailureExceptionTest#assertEmptyDoesNotThrowForEmptyList,SUCCESS,SUCCESS,SUCCESS,SUCCESS,SUCCESS,FAILED,,BARRIERPOINTSEARCH_FAILED,80.08,/home/a360/research/flaky-test-detection-results/FlakeSyncResults/artifacts/junit4/org.junit.tests.assertion.MultipleFailureExceptionTest_assertEmptyDoesNotThrowForEmptyList
junit4,https://github.com/junit-team/junit4,7167b23b3ba7dd79410f6e9db350d16cbe30617b,.,nondex,org.junit.tests.assertion.MultipleFailureExceptionTest#assertEmptyErrorListConstructorFailure,org.junit.tests.assertion.MultipleFailureExceptionTest#assertEmptyErrorListConstructorFailure,SUCCESS,SUCCESS,SUCCESS,SUCCESS,SUCCESS,FAILED,,BARRIERPOINTSEARCH_FAILED,79.82,/home/a360/research/flaky-test-detection-results/FlakeSyncResults/artifacts/junit4/org.junit.tests.assertion.MultipleFailureExceptionTest_assertEmptyErrorListConstructorFailure
junit4,https://github.com/junit-team/junit4,7167b23b3ba7dd79410f6e9db350d16cbe30617b,.,nondex,org.junit.tests.assertion.MultipleFailureExceptionTest#assertEmptyRethrowsSingleError,org.junit.tests.assertion.MultipleFailureExceptionTest#assertEmptyRethrowsSingleError,SUCCESS,SUCCESS,SUCCESS,SUCCESS,SUCCESS,FAILED,,BARRIERPOINTSEARCH_FAILED,79.82,/home/a360/research/flaky-test-detection-results/FlakeSyncResults/artifacts/junit4/org.junit.tests.assertion.MultipleFailureExceptionTest_assertEmptyRethrowsSingleError
junit4,https://github.com/junit-team/junit4,7167b23b3ba7dd79410f6e9db350d16cbe30617b,.,nondex,org.junit.tests.assertion.MultipleFailureExceptionTest#assertEmptyRethrowsSingleRuntimeException,org.junit.tests.assertion.MultipleFailureExceptionTest#assertEmptyRethrowsSingleRuntimeException,SUCCESS,SUCCESS,SUCCESS,SUCCESS,SUCCESS,FAILED,,BARRIERPOINTSEARCH_FAILED,80.03,/home/a360/research/flaky-test-detection-results/FlakeSyncResults/artifacts/junit4/org.junit.tests.assertion.MultipleFailureExceptionTest_assertEmptyRethrowsSingleRuntimeException
junit4,https://github.com/junit-team/junit4,7167b23b3ba7dd79410f6e9db350d16cbe30617b,.,nondex,org.junit.tests.assertion.MultipleFailureExceptionTest#assertEmptyThrowsMultipleFailureExceptionForManyThrowables,org.junit.tests.assertion.MultipleFailureExceptionTest#assertEmptyThrowsMultipleFailureExceptionForManyThrowables,SUCCESS,SUCCESS,SUCCESS,SUCCESS,SUCCESS,FAILED,,BARRIERPOINTSEARCH_FAILED,79.77,/home/a360/research/flaky-test-detection-results/FlakeSyncResults/artifacts/junit4/org.junit.tests.assertion.MultipleFailureExceptionTest_assertEmptyThrowsMultipleFailureExceptionForManyThrowables
junit4,https://github.com/junit-team/junit4,7167b23b3ba7dd79410f6e9db350d16cbe30617b,.,nondex,org.junit.tests.assertion.MultipleFailureExceptionTest#assertEmptyWrapsAssumptionFailuresForManyThrowables,org.junit.tests.assertion.MultipleFailureExceptionTest#assertEmptyWrapsAssumptionFailuresForManyThrowables,SUCCESS,SUCCESS,SUCCESS,SUCCESS,SUCCESS,FAILED,,BARRIERPOINTSEARCH_FAILED,80.23,/home/a360/research/flaky-test-detection-results/FlakeSyncResults/artifacts/junit4/org.junit.tests.assertion.MultipleFailureExceptionTest_assertEmptyWrapsAssumptionFailuresForManyThrowables
junit4,https://github.com/junit-team/junit4,7167b23b3ba7dd79410f6e9db350d16cbe30617b,.,nondex,org.junit.tests.deprecated.JUnit4ClassRunnerTest#runWithOldJUnit4ClassRunner,org.junit.tests.deprecated.JUnit4ClassRunnerTest#runWithOldJUnit4ClassRunner,SUCCESS,SUCCESS,SUCCESS,SUCCESS,SUCCESS,FAILED,,BARRIERPOINTSEARCH_FAILED,79.68,/home/a360/research/flaky-test-detection-results/FlakeSyncResults/artifacts/junit4/org.junit.tests.deprecated.JUnit4ClassRunnerTest_runWithOldJUnit4ClassRunner
junit4,https://github.com/junit-team/junit4,7167b23b3ba7dd79410f6e9db350d16cbe30617b,.,nondex,org.junit.tests.deprecated.JUnit4ClassRunnerTest#runWithOldJUnit4ClassRunnerAndBadConstructor,org.junit.tests.deprecated.JUnit4ClassRunnerTest#runWithOldJUnit4ClassRunnerAndBadConstructor,SUCCESS,SUCCESS,SUCCESS,SUCCESS,SUCCESS,FAILED,,BARRIERPOINTSEARCH_FAILED,79.36,/home/a360/research/flaky-test-detection-results/FlakeSyncResults/artifacts/junit4/org.junit.tests.deprecated.JUnit4ClassRunnerTest_runWithOldJUnit4ClassRunnerAndBadConstructor
junit4,https://github.com/junit-team/junit4,7167b23b3ba7dd79410f6e9db350d16cbe30617b,.,nondex,org.junit.tests.listening.ListenerTest#notifyListenersInTheOrderInWhichTheyAreAdded,org.junit.tests.listening.ListenerTest#notifyListenersInTheOrderInWhichTheyAreAdded,SUCCESS,SUCCESS,SUCCESS,SUCCESS,SUCCESS,FAILED,,BARRIERPOINTSEARCH_FAILED,79.58,/home/a360/research/flaky-test-detection-results/FlakeSyncResults/artifacts/junit4/org.junit.tests.listening.ListenerTest_notifyListenersInTheOrderInWhichTheyAreAdded
junit4,https://github.com/junit-team/junit4,7167b23b3ba7dd79410f6e9db350d16cbe30617b,.,nondex,org.junit.tests.listening.RunnerTest#newTestCount,org.junit.tests.listening.RunnerTest#newTestCount,SUCCESS,SUCCESS,SUCCESS,SUCCESS,SUCCESS,FAILED,,BARRIERPOINTSEARCH_FAILED,80.39,/home/a360/research/flaky-test-detection-results/FlakeSyncResults/artifacts/junit4/org.junit.tests.listening.RunnerTest_newTestCount
junit4,https://github.com/junit-team/junit4,7167b23b3ba7dd79410f6e9db350d16cbe30617b,.,nondex,org.junit.tests.listening.RunnerTest#oldTestCount,org.junit.tests.listening.RunnerTest#oldTestCount,SUCCESS,SUCCESS,SUCCESS,SUCCESS,SUCCESS,FAILED,,BARRIERPOINTSEARCH_FAILED,80.08,/home/a360/research/flaky-test-detection-results/FlakeSyncResults/artifacts/junit4/org.junit.tests.listening.RunnerTest_oldTestCount
junit4,https://github.com/junit-team/junit4,7167b23b3ba7dd79410f6e9db350d16cbe30617b,.,nondex,org.junit.tests.listening.RunnerTest#testFinished,org.junit.tests.listening.RunnerTest#testFinished,SUCCESS,SUCCESS,SUCCESS,SUCCESS,SUCCESS,FAILED,,BARRIERPOINTSEARCH_FAILED,80.19,/home/a360/research/flaky-test-detection-results/FlakeSyncResults/artifacts/junit4/org.junit.tests.listening.RunnerTest_testFinished
junit4,https://github.com/junit-team/junit4,7167b23b3ba7dd79410f6e9db350d16cbe30617b,.,nondex,org.junit.tests.listening.TestListenerTest#freshResultEachTime,org.junit.tests.listening.TestListenerTest#freshResultEachTime,SUCCESS,SUCCESS,SUCCESS,SUCCESS,SUCCESS,FAILED,,BARRIERPOINTSEARCH_FAILED,79.98,/home/a360/research/flaky-test-detection-results/FlakeSyncResults/artifacts/junit4/org.junit.tests.listening.TestListenerTest_freshResultEachTime
junit4,https://github.com/junit-team/junit4,7167b23b3ba7dd79410f6e9db350d16cbe30617b,.,nondex,org.junit.tests.listening.TestListenerTest#reportsFailureOfListener,org.junit.tests.listening.TestListenerTest#reportsFailureOfListener,SUCCESS,SUCCESS,SUCCESS,SUCCESS,SUCCESS,FAILED,,BARRIERPOINTSEARCH_FAILED,80.09,/home/a360/research/flaky-test-detection-results/FlakeSyncResults/artifacts/junit4/org.junit.tests.listening.TestListenerTest_reportsFailureOfListener
junit4,https://github.com/junit-team/junit4,7167b23b3ba7dd79410f6e9db350d16cbe30617b,.,nondex,org.junit.tests.listening.TextListenerTest#testError,org.junit.tests.listening.TextListenerTest#testError,SUCCESS,SUCCESS,SUCCESS,SUCCESS,SUCCESS,FAILED,,BARRIERPOINTSEARCH_FAILED,80.37,/home/a360/research/flaky-test-detection-results/FlakeSyncResults/artifacts/junit4/org.junit.tests.listening.TextListenerTest_testError
junit4,https://github.com/junit-team/junit4,7167b23b3ba7dd79410f6e9db350d16cbe30617b,.,nondex,org.junit.tests.listening.TextListenerTest#testSuccess,org.junit.tests.listening.TextListenerTest#testSuccess,SUCCESS,SUCCESS,SUCCESS,SUCCESS,SUCCESS,FAILED,,BARRIERPOINTSEARCH_FAILED,79.78,/home/a360/research/flaky-test-detection-results/FlakeSyncResults/artifacts/junit4/org.junit.tests.listening.TextListenerTest_testSuccess
junit4,https://github.com/junit-team/junit4,7167b23b3ba7dd79410f6e9db350d16cbe30617b,.,nondex,org.junit.tests.listening.TextListenerTest#testTime,org.junit.tests.listening.TextListenerTest#testTime,SUCCESS,SUCCESS,SUCCESS,SUCCESS,SUCCESS,FAILED,,BARRIERPOINTSEARCH_FAILED,79.68,/home/a360/research/flaky-test-detection-results/FlakeSyncResults/artifacts/junit4/org.junit.tests.listening.TextListenerTest_testTime
junit4,https://github.com/junit-team/junit4,7167b23b3ba7dd79410f6e9db350d16cbe30617b,.,nondex,org.junit.tests.listening.UserStopTest#stopClassRunner,org.junit.tests.listening.UserStopTest#stopClassRunner,SUCCESS,SUCCESS,SUCCESS,SUCCESS,SUCCESS,FAILED,,BARRIERPOINTSEARCH_FAILED,79.94,/home/a360/research/flaky-test-detection-results/FlakeSyncResults/artifacts/junit4/org.junit.tests.listening.UserStopTest_stopClassRunner
junit4,https://github.com/junit-team/junit4,7167b23b3ba7dd79410f6e9db350d16cbe30617b,.,nondex,org.junit.tests.running.classes.BlockJUnit4ClassRunnerTest#detectNonStaticEnclosedClass,org.junit.tests.running.classes.BlockJUnit4ClassRunnerTest#detectNonStaticEnclosedClass,SUCCESS,SUCCESS,SUCCESS,SUCCESS,SUCCESS,FAILED,,BARRIERPOINTSEARCH_FAILED,79.98,/home/a360/research/flaky-test-detection-results/FlakeSyncResults/artifacts/junit4/org.junit.tests.running.classes.BlockJUnit4ClassRunnerTest_detectNonStaticEnclosedClass
junit4,https://github.com/junit-team/junit4,7167b23b3ba7dd79410f6e9db350d16cbe30617b,.,nondex,org.junit.tests.running.classes.BlockJUnit4ClassRunnerTest#methodBlockAfterFireTestStarted,org.junit.tests.running.classes.BlockJUnit4ClassRunnerTest#methodBlockAfterFireTestStarted,SUCCESS,SUCCESS,SUCCESS,SUCCESS,SUCCESS,FAILED,,BARRIERPOINTSEARCH_FAILED,80.43,/home/a360/research/flaky-test-detection-results/FlakeSyncResults/artifacts/junit4/org.junit.tests.running.classes.BlockJUnit4ClassRunnerTest_methodBlockAfterFireTestStarted
junit4,https://github.com/junit-team/junit4,7167b23b3ba7dd79410f6e9db350d16cbe30617b,.,nondex,org.junit.tests.running.classes.ClassLevelMethodsWithIgnoredTestsTest#afterClassShouldNotRunWhenAllTestsAreIgnored,org.junit.tests.running.classes.ClassLevelMethodsWithIgnoredTestsTest#afterClassShouldNotRunWhenAllTestsAreIgnored,SUCCESS,SUCCESS,SUCCESS,SUCCESS,SUCCESS,FAILED,,BARRIERPOINTSEARCH_FAILED,79.93,/home/a360/research/flaky-test-detection-results/FlakeSyncResults/artifacts/junit4/org.junit.tests.running.classes.ClassLevelMethodsWithIgnoredTestsTest_afterClassShouldNotRunWhenAllTestsAreIgnored
junit4,https://github.com/junit-team/junit4,7167b23b3ba7dd79410f6e9db350d16cbe30617b,.,nondex,org.junit.tests.running.classes.ClassLevelMethodsWithIgnoredTestsTest#beforeClassShouldNotRunWhenAllTestsAreFiltered,org.junit.tests.running.classes.ClassLevelMethodsWithIgnoredTestsTest#beforeClassShouldNotRunWhenAllTestsAreFiltered,SUCCESS,SUCCESS,SUCCESS,SUCCESS,SUCCESS,FAILED,,BARRIERPOINTSEARCH_FAILED,80.44,/home/a360/research/flaky-test-detection-results/FlakeSyncResults/artifacts/junit4/org.junit.tests.running.classes.ClassLevelMethodsWithIgnoredTestsTest_beforeClassShouldNotRunWhenAllTestsAreFiltered
junit4,https://github.com/junit-team/junit4,7167b23b3ba7dd79410f6e9db350d16cbe30617b,.,nondex,org.junit.tests.running.classes.ClassLevelMethodsWithIgnoredTestsTest#beforeClassShouldNotRunWhenAllTestsAreIgnored,org.junit.tests.running.classes.ClassLevelMethodsWithIgnoredTestsTest#beforeClassShouldNotRunWhenAllTestsAreIgnored,SUCCESS,SUCCESS,SUCCESS,SUCCESS,SUCCESS,FAILED,,BARRIERPOINTSEARCH_FAILED,79.57,/home/a360/research/flaky-test-detection-results/FlakeSyncResults/artifacts/junit4/org.junit.tests.running.classes.ClassLevelMethodsWithIgnoredTestsTest_beforeClassShouldNotRunWhenAllTestsAreIgnored
junit4,https://github.com/junit-team/junit4,7167b23b3ba7dd79410f6e9db350d16cbe30617b,.,nondex,org.junit.tests.running.classes.ClassLevelMethodsWithIgnoredTestsTest#beforeClassShouldNotRunWhenWholeClassIsIgnored,org.junit.tests.running.classes.ClassLevelMethodsWithIgnoredTestsTest#beforeClassShouldNotRunWhenWholeClassIsIgnored,SUCCESS,SUCCESS,SUCCESS,SUCCESS,SUCCESS,FAILED,,BARRIERPOINTSEARCH_FAILED,80.13,/home/a360/research/flaky-test-detection-results/FlakeSyncResults/artifacts/junit4/org.junit.tests.running.classes.ClassLevelMethodsWithIgnoredTestsTest_beforeClassShouldNotRunWhenWholeClassIsIgnored
junit4,https://github.com/junit-team/junit4,7167b23b3ba7dd79410f6e9db350d16cbe30617b,.,nondex,org.junit.tests.running.classes.ClassLevelMethodsWithIgnoredTestsTest#classRuleShouldNotBeAppliedWhenAllTestsAreIgnored,org.junit.tests.running.classes.ClassLevelMethodsWithIgnoredTestsTest#classRuleShouldNotBeAppliedWhenAllTestsAreIgnored,SUCCESS,SUCCESS,SUCCESS,SUCCESS,SUCCESS,FAILED,,BARRIERPOINTSEARCH_FAILED,79.54,/home/a360/research/flaky-test-detection-results/FlakeSyncResults/artifacts/junit4/org.junit.tests.running.classes.ClassLevelMethodsWithIgnoredTestsTest_classRuleShouldNotBeAppliedWhenAllTestsAreIgnored
junit4,https://github.com/junit-team/junit4,7167b23b3ba7dd79410f6e9db350d16cbe30617b,.,nondex,org.junit.tests.running.classes.EnclosedTest#enclosedRunnerIsNamedForEnclosingClass,org.junit.tests.running.classes.EnclosedTest#enclosedRunnerIsNamedForEnclosingClass,SUCCESS,SUCCESS,SUCCESS,SUCCESS,SUCCESS,FAILED,,BARRIERPOINTSEARCH_FAILED,79.63,/home/a360/research/flaky-test-detection-results/FlakeSyncResults/artifacts/junit4/org.junit.tests.running.classes.EnclosedTest_enclosedRunnerIsNamedForEnclosingClass
junit4,https://github.com/junit-team/junit4,7167b23b3ba7dd79410f6e9db350d16cbe30617b,.,nondex,org.junit.tests.running.classes.EnclosedTest#enclosedRunnerPlansConcreteEnclosedClasses,org.junit.tests.running.classes.EnclosedTest#enclosedRunnerPlansConcreteEnclosedClasses,SUCCESS,SUCCESS,SUCCESS,SUCCESS,SUCCESS,FAILED,,BARRIERPOINTSEARCH_FAILED,80.03,/home/a360/research/flaky-test-detection-results/FlakeSyncResults/artifacts/junit4/org.junit.tests.running.classes.EnclosedTest_enclosedRunnerPlansConcreteEnclosedClasses
junit4,https://github.com/junit-team/junit4,7167b23b3ba7dd79410f6e9db350d16cbe30617b,.,nondex,org.junit.tests.running.classes.EnclosedTest#enclosedRunnerRunsConcreteEnclosedClasses,org.junit.tests.running.classes.EnclosedTest#enclosedRunnerRunsConcreteEnclosedClasses,SUCCESS,SUCCESS,SUCCESS,SUCCESS,SUCCESS,FAILED,,BARRIERPOINTSEARCH_FAILED,79.38,/home/a360/research/flaky-test-detection-results/FlakeSyncResults/artifacts/junit4/org.junit.tests.running.classes.EnclosedTest_enclosedRunnerRunsConcreteEnclosedClasses
junit4,https://github.com/junit-team/junit4,7167b23b3ba7dd79410f6e9db350d16cbe30617b,.,nondex,org.junit.tests.running.classes.IgnoreClassTest#ignoreClass,org.junit.tests.running.classes.IgnoreClassTest#ignoreClass,SUCCESS,SUCCESS,SUCCESS,SUCCESS,SUCCESS,FAILED,,BARRIERPOINTSEARCH_FAILED,79.72,/home/a360/research/flaky-test-detection-results/FlakeSyncResults/artifacts/junit4/org.junit.tests.running.classes.IgnoreClassTest_ignoreClass
junit4,https://github.com/junit-team/junit4,7167b23b3ba7dd79410f6e9db350d16cbe30617b,.,nondex,org.junit.tests.running.classes.ParameterizedTestTest#beforeAndAfterClassAreRun,org.junit.tests.running.classes.ParameterizedTestTest#beforeAndAfterClassAreRun,SUCCESS,SUCCESS,SUCCESS,SUCCESS,SUCCESS,FAILED,,BARRIERPOINTSEARCH_FAILED,80.49,/home/a360/research/flaky-test-detection-results/FlakeSyncResults/artifacts/junit4/org.junit.tests.running.classes.ParameterizedTestTest_beforeAndAfterClassAreRun
junit4,https://github.com/junit-team/junit4,7167b23b3ba7dd79410f6e9db350d16cbe30617b,.,nondex,org.junit.tests.running.classes.ParameterizedTestTest#beforeParamAndAfterParamAreRun,org.junit.tests.running.classes.ParameterizedTestTest#beforeParamAndAfterParamAreRun,SUCCESS,SUCCESS,SUCCESS,SUCCESS,SUCCESS,FAILED,,BARRIERPOINTSEARCH_FAILED,80.23,/home/a360/research/flaky-test-detection-results/FlakeSyncResults/artifacts/junit4/org.junit.tests.running.classes.ParameterizedTestTest_beforeParamAndAfterParamAreRun
junit4,https://github.com/junit-team/junit4,7167b23b3ba7dd79410f6e9db350d16cbe30617b,.,nondex,org.junit.tests.running.classes.ParameterizedTestTest#beforeParamAndAfterParamValidation,org.junit.tests.running.classes.ParameterizedTestTest#beforeParamAndAfterParamValidation,SUCCESS,SUCCESS,SUCCESS,SUCCESS,SUCCESS,FAILED,,BARRIERPOINTSEARCH_FAILED,79.94,/home/a360/research/flaky-test-detection-results/FlakeSyncResults/artifacts/junit4/org.junit.tests.running.classes.ParameterizedTestTest_beforeParamAndAfterParamValidation
junit4,https://github.com/junit-team/junit4,7167b23b3ba7dd79410f6e9db350d16cbe30617b,.,nondex,org.junit.tests.running.classes.ParameterizedTestTest#beforeParamAndAfterParamValidationNumberOfParameters,org.junit.tests.running.classes.ParameterizedTestTest#beforeParamAndAfterParamValidationNumberOfParameters,SUCCESS,SUCCESS,SUCCESS,SUCCESS,SUCCESS,FAILED,,BARRIERPOINTSEARCH_FAILED,80.13,/home/a360/research/flaky-test-detection-results/FlakeSyncResults/artifacts/junit4/org.junit.tests.running.classes.ParameterizedTestTest_beforeParamAndAfterParamValidationNumberOfParameters
junit4,https://github.com/junit-team/junit4,7167b23b3ba7dd79410f6e9db350d16cbe30617b,.,nondex,org.junit.tests.running.classes.ParameterizedTestTest#countBeforeRun,org.junit.tests.running.classes.ParameterizedTestTest#countBeforeRun,SUCCESS,SUCCESS,SUCCESS,SUCCESS,SUCCESS,FAILED,,BARRIERPOINTSEARCH_FAILED,80.92,/home/a360/research/flaky-test-detection-results/FlakeSyncResults/artifacts/junit4/org.junit.tests.running.classes.ParameterizedTestTest_countBeforeRun
junit4,https://github.com/junit-team/junit4,7167b23b3ba7dd79410f6e9db350d16cbe30617b,.,nondex,org.junit.tests.running.classes.ParameterizedTestTest#countsFailures,org.junit.tests.running.classes.ParameterizedTestTest#countsFailures,SUCCESS,SUCCESS,SUCCESS,SUCCESS,SUCCESS,FAILED,,BARRIERPOINTSEARCH_FAILED,80.38,/home/a360/research/flaky-test-detection-results/FlakeSyncResults/artifacts/junit4/org.junit.tests.running.classes.ParameterizedTestTest_countsFailures
junit4,https://github.com/junit-team/junit4,7167b23b3ba7dd79410f6e9db350d16cbe30617b,.,nondex,org.junit.tests.running.classes.ParameterizedTestTest#countsRuns,org.junit.tests.running.classes.ParameterizedTestTest#countsRuns,SUCCESS,SUCCESS,SUCCESS,SUCCESS,SUCCESS,FAILED,,BARRIERPOINTSEARCH_FAILED,80.18,/home/a360/research/flaky-test-detection-results/FlakeSyncResults/artifacts/junit4/org.junit.tests.running.classes.ParameterizedTestTest_countsRuns
junit4,https://github.com/junit-team/junit4,7167b23b3ba7dd79410f6e9db350d16cbe30617b,.,nondex,org.junit.tests.running.classes.ParameterizedTestTest#exceptionWhenPrivateConstructor,org.junit.tests.running.classes.ParameterizedTestTest#exceptionWhenPrivateConstructor,SUCCESS,SUCCESS,SUCCESS,SUCCESS,SUCCESS,FAILED,,BARRIERPOINTSEARCH_FAILED,80.58,/home/a360/research/flaky-test-detection-results/FlakeSyncResults/artifacts/junit4/org.junit.tests.running.classes.ParameterizedTestTest_exceptionWhenPrivateConstructor
junit4,https://github.com/junit-team/junit4,7167b23b3ba7dd79410f6e9db350d16cbe30617b,.,nondex,org.junit.tests.running.classes.ParameterizedTestTest#failureOnInitialization,org.junit.tests.running.classes.ParameterizedTestTest#failureOnInitialization,SUCCESS,SUCCESS,SUCCESS,SUCCESS,SUCCESS,FAILED,,BARRIERPOINTSEARCH_FAILED,80.44,/home/a360/research/flaky-test-detection-results/FlakeSyncResults/artifacts/junit4/org.junit.tests.running.classes.ParameterizedTestTest_failureOnInitialization
junit4,https://github.com/junit-team/junit4,7167b23b3ba7dd79410f6e9db350d16cbe30617b,.,nondex,org.junit.tests.running.classes.ParameterizedTestTest#failuresAddedForBadTestMethod,org.junit.tests.running.classes.ParameterizedTestTest#failuresAddedForBadTestMethod,SUCCESS,SUCCESS,SUCCESS,SUCCESS,SUCCESS,FAILED,,BARRIERPOINTSEARCH_FAILED,79.68,/home/a360/research/flaky-test-detection-results/FlakeSyncResults/artifacts/junit4/org.junit.tests.running.classes.ParameterizedTestTest_failuresAddedForBadTestMethod
junit4,https://github.com/junit-team/junit4,7167b23b3ba7dd79410f6e9db350d16cbe30617b,.,nondex,org.junit.tests.running.classes.ParameterizedTestTest#failuresNamedCorrectly,org.junit.tests.running.classes.ParameterizedTestTest#failuresNamedCorrectly,SUCCESS,SUCCESS,SUCCESS,SUCCESS,SUCCESS,FAILED,,BARRIERPOINTSEARCH_FAILED,80.28,/home/a360/research/flaky-test-detection-results/FlakeSyncResults/artifacts/junit4/org.junit.tests.running.classes.ParameterizedTestTest_failuresNamedCorrectly
junit4,https://github.com/junit-team/junit4,7167b23b3ba7dd79410f6e9db350d16cbe30617b,.,nondex,org.junit.tests.running.classes.ParameterizedTestTest#meaningfulFailureWhenParametersAreNotAnIterable,org.junit.tests.running.classes.ParameterizedTestTest#meaningfulFailureWhenParametersAreNotAnIterable,SUCCESS,SUCCESS,SUCCESS,SUCCESS,SUCCESS,FAILED,,BARRIERPOINTSEARCH_FAILED,80.24,/home/a360/research/flaky-test-detection-results/FlakeSyncResults/artifacts/junit4/org.junit.tests.running.classes.ParameterizedTestTest_meaningfulFailureWhenParametersAreNotAnIterable
junit4,https://github.com/junit-team/junit4,7167b23b3ba7dd79410f6e9db350d16cbe30617b,.,nondex,org.junit.tests.running.classes.ParameterizedTestTest#meaningfulFailureWhenParametersNotPublic,org.junit.tests.running.classes.ParameterizedTestTest#meaningfulFailureWhenParametersNotPublic,SUCCESS,SUCCESS,SUCCESS,SUCCESS,SUCCESS,FAILED,,BARRIERPOINTSEARCH_FAILED,79.89,/home/a360/research/flaky-test-detection-results/FlakeSyncResults/artifacts/junit4/org.junit.tests.running.classes.ParameterizedTestTest_meaningfulFailureWhenParametersNotPublic
junit4,https://github.com/junit-team/junit4,7167b23b3ba7dd79410f6e9db350d16cbe30617b,.,nondex,org.junit.tests.running.classes.ParameterizedTestTest#multipleBeforeParamAndAfterParamAreRun,org.junit.tests.running.classes.ParameterizedTestTest#multipleBeforeParamAndAfterParamAreRun,SUCCESS,SUCCESS,SUCCESS,SUCCESS,SUCCESS,FAILED,,BARRIERPOINTSEARCH_FAILED,79.58,/home/a360/research/flaky-test-detection-results/FlakeSyncResults/artifacts/junit4/org.junit.tests.running.classes.ParameterizedTestTest_multipleBeforeParamAndAfterParamAreRun
junit4,https://github.com/junit-team/junit4,7167b23b3ba7dd79410f6e9db350d16cbe30617b,.,nondex,org.junit.tests.running.classes.ParameterizedTestTest#multipleParametersBeforeParamAndAfterParamAreRun,org.junit.tests.running.classes.ParameterizedTestTest#multipleParametersBeforeParamAndAfterParamAreRun,SUCCESS,SUCCESS,SUCCESS,SUCCESS,SUCCESS,FAILED,,BARRIERPOINTSEARCH_FAILED,80.27,/home/a360/research/flaky-test-detection-results/FlakeSyncResults/artifacts/junit4/org.junit.tests.running.classes.ParameterizedTestTest_multipleParametersBeforeParamAndAfterParamAreRun
junit4,https://github.com/junit-team/junit4,7167b23b3ba7dd79410f6e9db350d16cbe30617b,.,nondex,org.junit.tests.running.classes.ParameterizedTestTest#numberOfFieldsAndParametersShouldMatch,org.junit.tests.running.classes.ParameterizedTestTest#numberOfFieldsAndParametersShouldMatch,SUCCESS,SUCCESS,SUCCESS,SUCCESS,SUCCESS,FAILED,,BARRIERPOINTSEARCH_FAILED,80.37,/home/a360/research/flaky-test-detection-results/FlakeSyncResults/artifacts/junit4/org.junit.tests.running.classes.ParameterizedTestTest_numberOfFieldsAndParametersShouldMatch
junit4,https://github.com/junit-team/junit4,7167b23b3ba7dd79410f6e9db350d16cbe30617b,.,nondex,org.junit.tests.running.classes.ParameterizedTestTest#plansNamedCorrectly,org.junit.tests.running.classes.ParameterizedTestTest#plansNamedCorrectly,SUCCESS,SUCCESS,SUCCESS,SUCCESS,SUCCESS,FAILED,,BARRIERPOINTSEARCH_FAILED,80.24,/home/a360/research/flaky-test-detection-results/FlakeSyncResults/artifacts/junit4/org.junit.tests.running.classes.ParameterizedTestTest_plansNamedCorrectly
junit4,https://github.com/junit-team/junit4,7167b23b3ba7dd79410f6e9db350d16cbe30617b,.,nondex,org.junit.tests.running.classes.ParameterizedTestTest#providesDataByAnnotatedFields,org.junit.tests.running.classes.ParameterizedTestTest#providesDataByAnnotatedFields,SUCCESS,SUCCESS,SUCCESS,SUCCESS,SUCCESS,FAILED,,BARRIERPOINTSEARCH_FAILED,80.65,/home/a360/research/flaky-test-detection-results/FlakeSyncResults/artifacts/junit4/org.junit.tests.running.classes.ParameterizedTestTest_providesDataByAnnotatedFields
junit4,https://github.com/junit-team/junit4,7167b23b3ba7dd79410f6e9db350d16cbe30617b,.,nondex,org.junit.tests.running.classes.ParameterizedTestTest#runsEveryTestOfArray,org.junit.tests.running.classes.ParameterizedTestTest#runsEveryTestOfArray,SUCCESS,SUCCESS,SUCCESS,SUCCESS,SUCCESS,FAILED,,BARRIERPOINTSEARCH_FAILED,79.84,/home/a360/research/flaky-test-detection-results/FlakeSyncResults/artifacts/junit4/org.junit.tests.running.classes.ParameterizedTestTest_runsEveryTestOfArray
junit4,https://github.com/junit-team/junit4,7167b23b3ba7dd79410f6e9db350d16cbe30617b,.,nondex,org.junit.tests.running.classes.ParameterizedTestTest#runsForEverySingleArgumentOfArray,org.junit.tests.running.classes.ParameterizedTestTest#runsForEverySingleArgumentOfArray,SUCCESS,SUCCESS,SUCCESS,SUCCESS,SUCCESS,FAILED,,BARRIERPOINTSEARCH_FAILED,80.14,/home/a360/research/flaky-test-detection-results/FlakeSyncResults/artifacts/junit4/org.junit.tests.running.classes.ParameterizedTestTest_runsForEverySingleArgumentOfArray
junit4,https://github.com/junit-team/junit4,7167b23b3ba7dd79410f6e9db350d16cbe30617b,.,nondex,org.junit.tests.running.classes.ParameterizedTestTest#runsForEverySingleArgumentOfCollection,org.junit.tests.running.classes.ParameterizedTestTest#runsForEverySingleArgumentOfCollection,SUCCESS,SUCCESS,SUCCESS,SUCCESS,SUCCESS,FAILED,,BARRIERPOINTSEARCH_FAILED,79.98,/home/a360/research/flaky-test-detection-results/FlakeSyncResults/artifacts/junit4/org.junit.tests.running.classes.ParameterizedTestTest_runsForEverySingleArgumentOfCollection
junit4,https://github.com/junit-team/junit4,7167b23b3ba7dd79410f6e9db350d16cbe30617b,.,nondex,org.junit.tests.running.classes.ParameterizedTestTest#runsForEverySingleArgumentOfIterable,org.junit.tests.running.classes.ParameterizedTestTest#runsForEverySingleArgumentOfIterable,SUCCESS,SUCCESS,SUCCESS,SUCCESS,SUCCESS,FAILED,,BARRIERPOINTSEARCH_FAILED,79.48,/home/a360/research/flaky-test-detection-results/FlakeSyncResults/artifacts/junit4/org.junit.tests.running.classes.ParameterizedTestTest_runsForEverySingleArgumentOfIterable
junit4,https://github.com/junit-team/junit4,7167b23b3ba7dd79410f6e9db350d16cbe30617b,.,nondex,org.junit.tests.running.classes.ParameterizedTestTest#testsAreExecutedWhenAssumptionInParametersMethodDoesNotFail,org.junit.tests.running.classes.ParameterizedTestTest#testsAreExecutedWhenAssumptionInParametersMethodDoesNotFail,SUCCESS,SUCCESS,SUCCESS,SUCCESS,SUCCESS,FAILED,,BARRIERPOINTSEARCH_FAILED,82.73,/home/a360/research/flaky-test-detection-results/FlakeSyncResults/artifacts/junit4/org.junit.tests.running.classes.ParameterizedTestTest_testsAreExecutedWhenAssumptionInParametersMethodDoesNotFail
junit4,https://github.com/junit-team/junit4,7167b23b3ba7dd79410f6e9db350d16cbe30617b,.,nondex,org.junit.tests.running.classes.ParameterizedTestTest#testsAreNotExecutedWhenAssumptionInParametersMethodFails,org.junit.tests.running.classes.ParameterizedTestTest#testsAreNotExecutedWhenAssumptionInParametersMethodFails,SUCCESS,SUCCESS,SUCCESS,SUCCESS,SUCCESS,FAILED,,BARRIERPOINTSEARCH_FAILED,81.76,/home/a360/research/flaky-test-detection-results/FlakeSyncResults/artifacts/junit4/org.junit.tests.running.classes.ParameterizedTestTest_testsAreNotExecutedWhenAssumptionInParametersMethodFails
junit4,https://github.com/junit-team/junit4,7167b23b3ba7dd79410f6e9db350d16cbe30617b,.,nondex,org.junit.tests.running.classes.ParameterizedTestTest#usesIndexAsTestName,org.junit.tests.running.classes.ParameterizedTestTest#usesIndexAsTestName,SUCCESS,SUCCESS,SUCCESS,SUCCESS,SUCCESS,FAILED,,BARRIERPOINTSEARCH_FAILED,79.77,/home/a360/research/flaky-test-detection-results/FlakeSyncResults/artifacts/junit4/org.junit.tests.running.classes.ParameterizedTestTest_usesIndexAsTestName
junit4,https://github.com/junit-team/junit4,7167b23b3ba7dd79410f6e9db350d16cbe30617b,.,nondex,org.junit.tests.running.classes.ParameterizedTestTest#usesParametersRunnerFactoryThatWasSpecifiedByAnnotation,org.junit.tests.running.classes.ParameterizedTestTest#usesParametersRunnerFactoryThatWasSpecifiedByAnnotation,SUCCESS,SUCCESS,SUCCESS,SUCCESS,SUCCESS,FAILED,,BARRIERPOINTSEARCH_FAILED,83.99,/home/a360/research/flaky-test-detection-results/FlakeSyncResults/artifacts/junit4/org.junit.tests.running.classes.ParameterizedTestTest_usesParametersRunnerFactoryThatWasSpecifiedByAnnotation
junit4,https://github.com/junit-team/junit4,7167b23b3ba7dd79410f6e9db350d16cbe30617b,.,nondex,org.junit.tests.running.classes.ParameterizedTestTest#usesParametersRunnerFactoryThatWasSpecifiedByAnnotationInSuperClass,org.junit.tests.running.classes.ParameterizedTestTest#usesParametersRunnerFactoryThatWasSpecifiedByAnnotationInSuperClass,SUCCESS,SUCCESS,SUCCESS,SUCCESS,SUCCESS,FAILED,,BARRIERPOINTSEARCH_FAILED,86.18,/home/a360/research/flaky-test-detection-results/FlakeSyncResults/artifacts/junit4/org.junit.tests.running.classes.ParameterizedTestTest_usesParametersRunnerFactoryThatWasSpecifiedByAnnotationInSuperClass
junit4,https://github.com/junit-team/junit4,7167b23b3ba7dd79410f6e9db350d16cbe30617b,.,nondex,org.junit.tests.running.classes.ParameterizedTestTest#validateClassCatchesNoParameters,org.junit.tests.running.classes.ParameterizedTestTest#validateClassCatchesNoParameters,SUCCESS,SUCCESS,SUCCESS,SUCCESS,SUCCESS,FAILED,,BARRIERPOINTSEARCH_FAILED,80.19,/home/a360/research/flaky-test-detection-results/FlakeSyncResults/artifacts/junit4/org.junit.tests.running.classes.ParameterizedTestTest_validateClassCatchesNoParameters
junit4,https://github.com/junit-team/junit4,7167b23b3ba7dd79410f6e9db350d16cbe30617b,.,nondex,org.junit.tests.running.classes.ParentRunnerFilteringTest#testCountClassFiltering,org.junit.tests.running.classes.ParentRunnerFilteringTest#testCountClassFiltering,SUCCESS,SUCCESS,SUCCESS,SUCCESS,SUCCESS,FAILED,,BARRIERPOINTSEARCH_FAILED,80.14,/home/a360/research/flaky-test-detection-results/FlakeSyncResults/artifacts/junit4/org.junit.tests.running.classes.ParentRunnerFilteringTest_testCountClassFiltering
junit4,https://github.com/junit-team/junit4,7167b23b3ba7dd79410f6e9db350d16cbe30617b,.,nondex,org.junit.tests.running.classes.ParentRunnerFilteringTest#testCountSuiteFiltering,org.junit.tests.running.classes.ParentRunnerFilteringTest#testCountSuiteFiltering,SUCCESS,SUCCESS,SUCCESS,SUCCESS,SUCCESS,FAILED,,BARRIERPOINTSEARCH_FAILED,79.99,/home/a360/research/flaky-test-detection-results/FlakeSyncResults/artifacts/junit4/org.junit.tests.running.classes.ParentRunnerFilteringTest_testCountSuiteFiltering
junit4,https://github.com/junit-team/junit4,7167b23b3ba7dd79410f6e9db350d16cbe30617b,.,nondex,org.junit.tests.running.classes.ParentRunnerFilteringTest#testRunSuiteFiltering,org.junit.tests.running.classes.ParentRunnerFilteringTest#testRunSuiteFiltering,SUCCESS,SUCCESS,SUCCESS,SUCCESS,SUCCESS,FAILED,,BARRIERPOINTSEARCH_FAILED,80.1,/home/a360/research/flaky-test-detection-results/FlakeSyncResults/artifacts/junit4/org.junit.tests.running.classes.ParentRunnerFilteringTest_testRunSuiteFiltering
junit4,https://github.com/junit-team/junit4,7167b23b3ba7dd79410f6e9db350d16cbe30617b,.,nondex,org.junit.tests.running.classes.ParentRunnerFilteringTest#testSuiteFiltering,org.junit.tests.running.classes.ParentRunnerFilteringTest#testSuiteFiltering,SUCCESS,SUCCESS,SUCCESS,SUCCESS,SUCCESS,FAILED,,BARRIERPOINTSEARCH_FAILED,79.58,/home/a360/research/flaky-test-detection-results/FlakeSyncResults/artifacts/junit4/org.junit.tests.running.classes.ParentRunnerFilteringTest_testSuiteFiltering
junit4,https://github.com/junit-team/junit4,7167b23b3ba7dd79410f6e9db350d16cbe30617b,.,nondex,org.junit.tests.running.classes.ParentRunnerFilteringTest#testSuiteFilteringWithUnmodifiableChildList,org.junit.tests.running.classes.ParentRunnerFilteringTest#testSuiteFilteringWithUnmodifiableChildList,SUCCESS,SUCCESS,SUCCESS,SUCCESS,SUCCESS,FAILED,,BARRIERPOINTSEARCH_FAILED,79.83,/home/a360/research/flaky-test-detection-results/FlakeSyncResults/artifacts/junit4/org.junit.tests.running.classes.ParentRunnerFilteringTest_testSuiteFilteringWithUnmodifiableChildList
junit4,https://github.com/junit-team/junit4,7167b23b3ba7dd79410f6e9db350d16cbe30617b,.,nondex,org.junit.tests.running.classes.ParentRunnerTest#assertionErrorAtParentLevelTest,org.junit.tests.running.classes.ParentRunnerTest#assertionErrorAtParentLevelTest,SUCCESS,SUCCESS,SUCCESS,SUCCESS,SUCCESS,FAILED,,BARRIERPOINTSEARCH_FAILED,79.68,/home/a360/research/flaky-test-detection-results/FlakeSyncResults/artifacts/junit4/org.junit.tests.running.classes.ParentRunnerTest_assertionErrorAtParentLevelTest
junit4,https://github.com/junit-team/junit4,7167b23b3ba7dd79410f6e9db350d16cbe30617b,.,nondex,org.junit.tests.running.classes.ParentRunnerTest#assumptionViolatedAtParentLevel,org.junit.tests.running.classes.ParentRunnerTest#assumptionViolatedAtParentLevel,SUCCESS,SUCCESS,SUCCESS,SUCCESS,SUCCESS,FAILED,,BARRIERPOINTSEARCH_FAILED,80.21,/home/a360/research/flaky-test-detection-results/FlakeSyncResults/artifacts/junit4/org.junit.tests.running.classes.ParentRunnerTest_assumptionViolatedAtParentLevel
junit4,https://github.com/junit-team/junit4,7167b23b3ba7dd79410f6e9db350d16cbe30617b,.,nondex,org.junit.tests.running.classes.ParentRunnerTest#cannotBeCreatedWithNonPublicTestClass,org.junit.tests.running.classes.ParentRunnerTest#cannotBeCreatedWithNonPublicTestClass,SUCCESS,SUCCESS,SUCCESS,SUCCESS,SUCCESS,FAILED,,BARRIERPOINTSEARCH_FAILED,79.78,/home/a360/research/flaky-test-detection-results/FlakeSyncResults/artifacts/junit4/org.junit.tests.running.classes.ParentRunnerTest_cannotBeCreatedWithNonPublicTestClass
junit4,https://github.com/junit-team/junit4,7167b23b3ba7dd79410f6e9db350d16cbe30617b,.,nondex,org.junit.tests.running.classes.ParentRunnerTest#failWithHelpfulMessageForNonStaticClassRule,org.junit.tests.running.classes.ParentRunnerTest#failWithHelpfulMessageForNonStaticClassRule,SUCCESS,SUCCESS,SUCCESS,SUCCESS,SUCCESS,FAILED,,BARRIERPOINTSEARCH_FAILED,80.37,/home/a360/research/flaky-test-detection-results/FlakeSyncResults/artifacts/junit4/org.junit.tests.running.classes.ParentRunnerTest_failWithHelpfulMessageForNonStaticClassRule
junit4,https://github.com/junit-team/junit4,7167b23b3ba7dd79410f6e9db350d16cbe30617b,.,nondex,org.junit.tests.running.classes.ParentRunnerTest#failWithHelpfulMessageForProtectedClassRule,org.junit.tests.running.classes.ParentRunnerTest#failWithHelpfulMessageForProtectedClassRule,SUCCESS,SUCCESS,SUCCESS,SUCCESS,SUCCESS,FAILED,,BARRIERPOINTSEARCH_FAILED,80.92,/home/a360/research/flaky-test-detection-results/FlakeSyncResults/artifacts/junit4/org.junit.tests.running.classes.ParentRunnerTest_failWithHelpfulMessageForProtectedClassRule
junit4,https://github.com/junit-team/junit4,7167b23b3ba7dd79410f6e9db350d16cbe30617b,.,nondex,org.junit.tests.running.classes.ParentRunnerTest#parentRunnerTestMethods,org.junit.tests.running.classes.ParentRunnerTest#parentRunnerTestMethods,SUCCESS,SUCCESS,SUCCESS,SUCCESS,SUCCESS,FAILED,,BARRIERPOINTSEARCH_FAILED,79.87,/home/a360/research/flaky-test-detection-results/FlakeSyncResults/artifacts/junit4/org.junit.tests.running.classes.ParentRunnerTest_parentRunnerTestMethods
junit4,https://github.com/junit-team/junit4,7167b23b3ba7dd79410f6e9db350d16cbe30617b,.,nondex,org.junit.tests.running.classes.ParentRunnerTest#testMultipleFilters,org.junit.tests.running.classes.ParentRunnerTest#testMultipleFilters,SUCCESS,SUCCESS,SUCCESS,SUCCESS,SUCCESS,FAILED,,BARRIERPOINTSEARCH_FAILED,80.18,/home/a360/research/flaky-test-detection-results/FlakeSyncResults/artifacts/junit4/org.junit.tests.running.classes.ParentRunnerTest_testMultipleFilters
junit4,https://github.com/junit-team/junit4,7167b23b3ba7dd79410f6e9db350d16cbe30617b,.,nondex,org.junit.tests.running.classes.ParentRunnerTest#useChildHarvester,org.junit.tests.running.classes.ParentRunnerTest#useChildHarvester,SUCCESS,SUCCESS,SUCCESS,SUCCESS,SUCCESS,FAILED,,BARRIERPOINTSEARCH_FAILED,79.97,/home/a360/research/flaky-test-detection-results/FlakeSyncResults/artifacts/junit4/org.junit.tests.running.classes.ParentRunnerTest_useChildHarvester
junit4,https://github.com/junit-team/junit4,7167b23b3ba7dd79410f6e9db350d16cbe30617b,.,nondex,org.junit.tests.running.classes.RunWithTest#characterizeErrorMessageFromBadRunner,org.junit.tests.running.classes.RunWithTest#characterizeErrorMessageFromBadRunner,SUCCESS,SUCCESS,SUCCESS,SUCCESS,SUCCESS,FAILED,,BARRIERPOINTSEARCH_FAILED,79.63,/home/a360/research/flaky-test-detection-results/FlakeSyncResults/artifacts/junit4/org.junit.tests.running.classes.RunWithTest_characterizeErrorMessageFromBadRunner
junit4,https://github.com/junit-team/junit4,7167b23b3ba7dd79410f6e9db350d16cbe30617b,.,nondex,org.junit.tests.running.classes.RunWithTest#run,org.junit.tests.running.classes.RunWithTest#run,SUCCESS,SUCCESS,SUCCESS,SUCCESS,SUCCESS,FAILED,,BARRIERPOINTSEARCH_FAILED,79.94,/home/a360/research/flaky-test-detection-results/FlakeSyncResults/artifacts/junit4/org.junit.tests.running.classes.RunWithTest_run
junit4,https://github.com/junit-team/junit4,7167b23b3ba7dd79410f6e9db350d16cbe30617b,.,nondex,org.junit.tests.running.classes.RunWithTest#runWithExtendsToSubclasses,org.junit.tests.running.classes.RunWithTest#runWithExtendsToSubclasses,SUCCESS,SUCCESS,SUCCESS,SUCCESS,SUCCESS,FAILED,,BARRIERPOINTSEARCH_FAILED,79.23,/home/a360/research/flaky-test-detection-results/FlakeSyncResults/artifacts/junit4/org.junit.tests.running.classes.RunWithTest_runWithExtendsToSubclasses
junit4,https://github.com/junit-team/junit4,7167b23b3ba7dd79410f6e9db350d16cbe30617b,.,nondex,org.junit.tests.running.classes.SuiteTest#beforeAndAfterClassRunOnSuite,org.junit.tests.running.classes.SuiteTest#beforeAndAfterClassRunOnSuite,SUCCESS,SUCCESS,SUCCESS,SUCCESS,SUCCESS,FAILED,,BARRIERPOINTSEARCH_FAILED,79.67,/home/a360/research/flaky-test-detection-results/FlakeSyncResults/artifacts/junit4/org.junit.tests.running.classes.SuiteTest_beforeAndAfterClassRunOnSuite
junit4,https://github.com/junit-team/junit4,7167b23b3ba7dd79410f6e9db350d16cbe30617b,.,nondex,org.junit.tests.running.classes.SuiteTest#ensureInheritedTestIsRun,org.junit.tests.running.classes.SuiteTest#ensureInheritedTestIsRun,SUCCESS,SUCCESS,SUCCESS,SUCCESS,SUCCESS,FAILED,,BARRIERPOINTSEARCH_FAILED,79.93,/home/a360/research/flaky-test-detection-results/FlakeSyncResults/artifacts/junit4/org.junit.tests.running.classes.SuiteTest_ensureInheritedTestIsRun
junit4,https://github.com/junit-team/junit4,7167b23b3ba7dd79410f6e9db350d16cbe30617b,.,nondex,org.junit.tests.running.classes.SuiteTest#ensureSuitesWorkWithForwardCompatibility,org.junit.tests.running.classes.SuiteTest#ensureSuitesWorkWithForwardCompatibility,SUCCESS,SUCCESS,SUCCESS,SUCCESS,SUCCESS,FAILED,,BARRIERPOINTSEARCH_FAILED,80.53,/home/a360/research/flaky-test-detection-results/FlakeSyncResults/artifacts/junit4/org.junit.tests.running.classes.SuiteTest_ensureSuitesWorkWithForwardCompatibility
junit4,https://github.com/junit-team/junit4,7167b23b3ba7dd79410f6e9db350d16cbe30617b,.,nondex,org.junit.tests.running.classes.SuiteTest#ensureTestIsRun,org.junit.tests.running.classes.SuiteTest#ensureTestIsRun,SUCCESS,SUCCESS,SUCCESS,SUCCESS,SUCCESS,FAILED,,BARRIERPOINTSEARCH_FAILED,80.08,/home/a360/research/flaky-test-detection-results/FlakeSyncResults/artifacts/junit4/org.junit.tests.running.classes.SuiteTest_ensureTestIsRun
junit4,https://github.com/junit-team/junit4,7167b23b3ba7dd79410f6e9db350d16cbe30617b,.,nondex,org.junit.tests.running.classes.SuiteTest#forwardCompatibilityWorksWithGetTests,org.junit.tests.running.classes.SuiteTest#forwardCompatibilityWorksWithGetTests,SUCCESS,SUCCESS,SUCCESS,SUCCESS,SUCCESS,FAILED,,BARRIERPOINTSEARCH_FAILED,80.24,/home/a360/research/flaky-test-detection-results/FlakeSyncResults/artifacts/junit4/org.junit.tests.running.classes.SuiteTest_forwardCompatibilityWorksWithGetTests
junit4,https://github.com/junit-team/junit4,7167b23b3ba7dd79410f6e9db350d16cbe30617b,.,nondex,org.junit.tests.running.classes.SuiteTest#forwardCompatibilityWorksWithTestCount,org.junit.tests.running.classes.SuiteTest#forwardCompatibilityWorksWithTestCount,SUCCESS,SUCCESS,SUCCESS,SUCCESS,SUCCESS,FAILED,,BARRIERPOINTSEARCH_FAILED,80.37,/home/a360/research/flaky-test-detection-results/FlakeSyncResults/artifacts/junit4/org.junit.tests.running.classes.SuiteTest_forwardCompatibilityWorksWithTestCount
junit4,https://github.com/junit-team/junit4,7167b23b3ba7dd79410f6e9db350d16cbe30617b,.,nondex,org.junit.tests.running.classes.SuiteTest#nonPublicSuiteClassWithBeforeClassPasses,org.junit.tests.running.classes.SuiteTest#nonPublicSuiteClassWithBeforeClassPasses,SUCCESS,SUCCESS,SUCCESS,SUCCESS,SUCCESS,FAILED,,BARRIERPOINTSEARCH_FAILED,79.73,/home/a360/research/flaky-test-detection-results/FlakeSyncResults/artifacts/junit4/org.junit.tests.running.classes.SuiteTest_nonPublicSuiteClassWithBeforeClassPasses
junit4,https://github.com/junit-team/junit4,7167b23b3ba7dd79410f6e9db350d16cbe30617b,.,nondex,org.junit.tests.running.classes.SuiteTest#suiteClassDoesNotNeedToBePublic,org.junit.tests.running.classes.SuiteTest#suiteClassDoesNotNeedToBePublic,SUCCESS,SUCCESS,SUCCESS,SUCCESS,SUCCESS,FAILED,,BARRIERPOINTSEARCH_FAILED,79.99,/home/a360/research/flaky-test-detection-results/FlakeSyncResults/artifacts/junit4/org.junit.tests.running.classes.SuiteTest_suiteClassDoesNotNeedToBePublic
junit4,https://github.com/junit-team/junit4,7167b23b3ba7dd79410f6e9db350d16cbe30617b,.,nondex,org.junit.tests.running.classes.SuiteTest#suiteShouldBeOKwithNonDefaultConstructor,org.junit.tests.running.classes.SuiteTest#suiteShouldBeOKwithNonDefaultConstructor,SUCCESS,SUCCESS,SUCCESS,SUCCESS,SUCCESS,FAILED,,BARRIERPOINTSEARCH_FAILED,80.34,/home/a360/research/flaky-test-detection-results/FlakeSyncResults/artifacts/junit4/org.junit.tests.running.classes.SuiteTest_suiteShouldBeOKwithNonDefaultConstructor
junit4,https://github.com/junit-team/junit4,7167b23b3ba7dd79410f6e9db350d16cbe30617b,.,nondex,org.junit.tests.running.classes.SuiteTest#suiteShouldComplainAboutNoSuiteClassesAnnotation,org.junit.tests.running.classes.SuiteTest#suiteShouldComplainAboutNoSuiteClassesAnnotation,SUCCESS,SUCCESS,SUCCESS,SUCCESS,SUCCESS,FAILED,,BARRIERPOINTSEARCH_FAILED,80.44,/home/a360/research/flaky-test-detection-results/FlakeSyncResults/artifacts/junit4/org.junit.tests.running.classes.SuiteTest_suiteShouldComplainAboutNoSuiteClassesAnnotation
junit4,https://github.com/junit-team/junit4,7167b23b3ba7dd79410f6e9db350d16cbe30617b,.,nondex,org.junit.tests.running.classes.SuiteTest#suiteTestCountIsCorrect,org.junit.tests.running.classes.SuiteTest#suiteTestCountIsCorrect,SUCCESS,SUCCESS,SUCCESS,SUCCESS,SUCCESS,FAILED,,BARRIERPOINTSEARCH_FAILED,79.83,/home/a360/research/flaky-test-detection-results/FlakeSyncResults/artifacts/junit4/org.junit.tests.running.classes.SuiteTest_suiteTestCountIsCorrect
junit4,https://github.com/junit-team/junit4,7167b23b3ba7dd79410f6e9db350d16cbe30617b,.,nondex,org.junit.tests.running.classes.SuiteTest#whatHappensWhenASuiteContainsItselfIndirectly,org.junit.tests.running.classes.SuiteTest#whatHappensWhenASuiteContainsItselfIndirectly,SUCCESS,SUCCESS,SUCCESS,SUCCESS,SUCCESS,FAILED,,BARRIERPOINTSEARCH_FAILED,79.67,/home/a360/research/flaky-test-detection-results/FlakeSyncResults/artifacts/junit4/org.junit.tests.running.classes.SuiteTest_whatHappensWhenASuiteContainsItselfIndirectly
junit4,https://github.com/junit-team/junit4,7167b23b3ba7dd79410f6e9db350d16cbe30617b,.,nondex,org.junit.tests.running.classes.SuiteTest#whatHappensWhenASuiteHasACycle,org.junit.tests.running.classes.SuiteTest#whatHappensWhenASuiteHasACycle,SUCCESS,SUCCESS,SUCCESS,SUCCESS,SUCCESS,FAILED,,BARRIERPOINTSEARCH_FAILED,79.78,/home/a360/research/flaky-test-detection-results/FlakeSyncResults/artifacts/junit4/org.junit.tests.running.classes.SuiteTest_whatHappensWhenASuiteHasACycle
junit4,https://github.com/junit-team/junit4,7167b23b3ba7dd79410f6e9db350d16cbe30617b,.,nondex,org.junit.tests.running.classes.SuiteTest#whatHappensWhenASuiteHasAForkingCycle,org.junit.tests.running.classes.SuiteTest#whatHappensWhenASuiteHasAForkingCycle,SUCCESS,SUCCESS,SUCCESS,SUCCESS,SUCCESS,FAILED,,BARRIERPOINTSEARCH_FAILED,80.18,/home/a360/research/flaky-test-detection-results/FlakeSyncResults/artifacts/junit4/org.junit.tests.running.classes.SuiteTest_whatHappensWhenASuiteHasAForkingCycle
junit4,https://github.com/junit-team/junit4,7167b23b3ba7dd79410f6e9db350d16cbe30617b,.,nondex,org.junit.tests.running.classes.SuiteTest#withoutSuiteClassAnnotationProducesFailure,org.junit.tests.running.classes.SuiteTest#withoutSuiteClassAnnotationProducesFailure,SUCCESS,SUCCESS,SUCCESS,SUCCESS,SUCCESS,FAILED,,BARRIERPOINTSEARCH_FAILED,79.63,/home/a360/research/flaky-test-detection-results/FlakeSyncResults/artifacts/junit4/org.junit.tests.running.classes.SuiteTest_withoutSuiteClassAnnotationProducesFailure
junit4,https://github.com/junit-team/junit4,7167b23b3ba7dd79410f6e9db350d16cbe30617b,.,nondex,org.junit.tests.running.classes.ThreadsTest#currentThreadInterruptStatusIsClearedAfterSuiteExecution,org.junit.tests.running.classes.ThreadsTest#currentThreadInterruptStatusIsClearedAfterSuiteExecution,SUCCESS,SUCCESS,SUCCESS,SUCCESS,SUCCESS,FAILED,,BARRIERPOINTSEARCH_FAILED,79.63,/home/a360/research/flaky-test-detection-results/FlakeSyncResults/artifacts/junit4/org.junit.tests.running.classes.ThreadsTest_currentThreadInterruptStatusIsClearedAfterSuiteExecution
junit4,https://github.com/junit-team/junit4,7167b23b3ba7dd79410f6e9db350d16cbe30617b,.,nondex,org.junit.tests.running.classes.ThreadsTest#currentThreadInterruptedStatusIsClearedAfterEachTestExecution,org.junit.tests.running.classes.ThreadsTest#currentThreadInterruptedStatusIsClearedAfterEachTestExecution,SUCCESS,SUCCESS,SUCCESS,SUCCESS,SUCCESS,FAILED,,BARRIERPOINTSEARCH_FAILED,80.75,/home/a360/research/flaky-test-detection-results/FlakeSyncResults/artifacts/junit4/org.junit.tests.running.classes.ThreadsTest_currentThreadInterruptedStatusIsClearedAfterEachTestExecution
junit4,https://github.com/junit-team/junit4,7167b23b3ba7dd79410f6e9db350d16cbe30617b,.,nondex,org.junit.tests.running.classes.UseSuiteAsASuperclassTest#ensureTestsAreRun,org.junit.tests.running.classes.UseSuiteAsASuperclassTest#ensureTestsAreRun,SUCCESS,SUCCESS,SUCCESS,SUCCESS,SUCCESS,FAILED,,BARRIERPOINTSEARCH_FAILED,80.07,/home/a360/research/flaky-test-detection-results/FlakeSyncResults/artifacts/junit4/org.junit.tests.running.classes.UseSuiteAsASuperclassTest_ensureTestsAreRun
junit4,https://github.com/junit-team/junit4,7167b23b3ba7dd79410f6e9db350d16cbe30617b,.,nondex,org.junit.tests.running.classes.parent.ParentRunnerClassLoaderTest#testBackwardCompatibilityWithOverrideGetName,org.junit.tests.running.classes.parent.ParentRunnerClassLoaderTest#testBackwardCompatibilityWithOverrideGetName,SUCCESS,SUCCESS,SUCCESS,SUCCESS,SUCCESS,FAILED,,BARRIERPOINTSEARCH_FAILED,80.14,/home/a360/research/flaky-test-detection-results/FlakeSyncResults/artifacts/junit4/org.junit.tests.running.classes.parent.ParentRunnerClassLoaderTest_testBackwardCompatibilityWithOverrideGetName
junit4,https://github.com/junit-team/junit4,7167b23b3ba7dd79410f6e9db350d16cbe30617b,.,nondex,org.junit.tests.running.classes.parent.ParentRunnerClassLoaderTest#testClassRuleAccessToClassInAnotherClassLoader,org.junit.tests.running.classes.parent.ParentRunnerClassLoaderTest#testClassRuleAccessToClassInAnotherClassLoader,SUCCESS,SUCCESS,SUCCESS,SUCCESS,SUCCESS,FAILED,,BARRIERPOINTSEARCH_FAILED,80.07,/home/a360/research/flaky-test-detection-results/FlakeSyncResults/artifacts/junit4/org.junit.tests.running.classes.parent.ParentRunnerClassLoaderTest_testClassRuleAccessToClassInAnotherClassLoader
junit4,https://github.com/junit-team/junit4,7167b23b3ba7dd79410f6e9db350d16cbe30617b,.,nondex,org.junit.tests.running.classes.parent.ParentRunnerClassLoaderTest#testDescriptionContainCorrectTestClass,org.junit.tests.running.classes.parent.ParentRunnerClassLoaderTest#testDescriptionContainCorrectTestClass,SUCCESS,SUCCESS,SUCCESS,SUCCESS,SUCCESS,FAILED,,BARRIERPOINTSEARCH_FAILED,80.07,/home/a360/research/flaky-test-detection-results/FlakeSyncResults/artifacts/junit4/org.junit.tests.running.classes.parent.ParentRunnerClassLoaderTest_testDescriptionContainCorrectTestClass
junit4,https://github.com/junit-team/junit4,7167b23b3ba7dd79410f6e9db350d16cbe30617b,.,nondex,org.junit.tests.running.core.CommandLineTest#runAClass,org.junit.tests.running.core.CommandLineTest#runAClass,SUCCESS,SUCCESS,SUCCESS,SUCCESS,SUCCESS,FAILED,,BARRIERPOINTSEARCH_FAILED,79.73,/home/a360/research/flaky-test-detection-results/FlakeSyncResults/artifacts/junit4/org.junit.tests.running.core.CommandLineTest_runAClass
junit4,https://github.com/junit-team/junit4,7167b23b3ba7dd79410f6e9db350d16cbe30617b,.,nondex,org.junit.tests.running.core.CommandLineTest#runATest,org.junit.tests.running.core.CommandLineTest#runATest,SUCCESS,SUCCESS,SUCCESS,SUCCESS,SUCCESS,FAILED,,BARRIERPOINTSEARCH_FAILED,80.09,/home/a360/research/flaky-test-detection-results/FlakeSyncResults/artifacts/junit4/org.junit.tests.running.core.CommandLineTest_runATest
junit4,https://github.com/junit-team/junit4,7167b23b3ba7dd79410f6e9db350d16cbe30617b,.,nondex,org.junit.tests.running.core.CommandLineTest#runTwoClasses,org.junit.tests.running.core.CommandLineTest#runTwoClasses,SUCCESS,SUCCESS,SUCCESS,SUCCESS,SUCCESS,FAILED,,BARRIERPOINTSEARCH_FAILED,80.14,/home/a360/research/flaky-test-detection-results/FlakeSyncResults/artifacts/junit4/org.junit.tests.running.core.CommandLineTest_runTwoClasses
junit4,https://github.com/junit-team/junit4,7167b23b3ba7dd79410f6e9db350d16cbe30617b,.,nondex,org.junit.tests.running.core.CommandLineTest#runTwoClassesAsArray,org.junit.tests.running.core.CommandLineTest#runTwoClassesAsArray,SUCCESS,SUCCESS,SUCCESS,SUCCESS,SUCCESS,FAILED,,BARRIERPOINTSEARCH_FAILED,80.38,/home/a360/research/flaky-test-detection-results/FlakeSyncResults/artifacts/junit4/org.junit.tests.running.core.CommandLineTest_runTwoClassesAsArray
junit4,https://github.com/junit-team/junit4,7167b23b3ba7dd79410f6e9db350d16cbe30617b,.,nondex,org.junit.tests.running.core.JUnitCoreReturnsCorrectExitCodeTest#failureCausesExitCodeOf1,org.junit.tests.running.core.JUnitCoreReturnsCorrectExitCodeTest#failureCausesExitCodeOf1,SUCCESS,SUCCESS,SUCCESS,SUCCESS,FAILED,,,CRITSEARCH_FAILED,70.18,/home/a360/research/flaky-test-detection-results/FlakeSyncResults/artifacts/junit4/org.junit.tests.running.core.JUnitCoreReturnsCorrectExitCodeTest_failureCausesExitCodeOf1
junit4,https://github.com/junit-team/junit4,7167b23b3ba7dd79410f6e9db350d16cbe30617b,.,nondex,org.junit.tests.running.core.JUnitCoreReturnsCorrectExitCodeTest#missingClassCausesExitCodeOf1,org.junit.tests.running.core.JUnitCoreReturnsCorrectExitCodeTest#missingClassCausesExitCodeOf1,SUCCESS,SUCCESS,SUCCESS,SUCCESS,FAILED,,,CRITSEARCH_FAILED,69.37,/home/a360/research/flaky-test-detection-results/FlakeSyncResults/artifacts/junit4/org.junit.tests.running.core.JUnitCoreReturnsCorrectExitCodeTest_missingClassCausesExitCodeOf1
junit4,https://github.com/junit-team/junit4,7167b23b3ba7dd79410f6e9db350d16cbe30617b,.,nondex,org.junit.tests.running.core.JUnitCoreReturnsCorrectExitCodeTest#successCausesExitCodeOf0,org.junit.tests.running.core.JUnitCoreReturnsCorrectExitCodeTest#successCausesExitCodeOf0,SUCCESS,SUCCESS,SUCCESS,SUCCESS,FAILED,,,CRITSEARCH_FAILED,69.86,/home/a360/research/flaky-test-detection-results/FlakeSyncResults/artifacts/junit4/org.junit.tests.running.core.JUnitCoreReturnsCorrectExitCodeTest_successCausesExitCodeOf0
junit4,https://github.com/junit-team/junit4,7167b23b3ba7dd79410f6e9db350d16cbe30617b,.,nondex,org.junit.tests.running.core.SystemExitTest#failureCausesExitCodeOf1,org.junit.tests.running.core.SystemExitTest#failureCausesExitCodeOf1,SUCCESS,SUCCESS,SUCCESS,SUCCESS,SUCCESS,FAILED,,BARRIERPOINTSEARCH_FAILED,80.77,/home/a360/research/flaky-test-detection-results/FlakeSyncResults/artifacts/junit4/org.junit.tests.running.core.SystemExitTest_failureCausesExitCodeOf1
junit4,https://github.com/junit-team/junit4,7167b23b3ba7dd79410f6e9db350d16cbe30617b,.,nondex,org.junit.tests.running.methods.AnnotationTest#testAnnotatedMethod,org.junit.tests.running.methods.AnnotationTest#testAnnotatedMethod,SUCCESS,SUCCESS,SUCCESS,SUCCESS,SUCCESS,FAILED,,BARRIERPOINTSEARCH_FAILED,81.03,/home/a360/research/flaky-test-detection-results/FlakeSyncResults/artifacts/junit4/org.junit.tests.running.methods.AnnotationTest_testAnnotatedMethod
junit4,https://github.com/junit-team/junit4,7167b23b3ba7dd79410f6e9db350d16cbe30617b,.,nondex,org.junit.tests.running.methods.AnnotationTest#testAnnotatedMethodWithFutureProofExplicitRunner,org.junit.tests.running.methods.AnnotationTest#testAnnotatedMethodWithFutureProofExplicitRunner,SUCCESS,SUCCESS,SUCCESS,SUCCESS,SUCCESS,FAILED,,BARRIERPOINTSEARCH_FAILED,80.08,/home/a360/research/flaky-test-detection-results/FlakeSyncResults/artifacts/junit4/org.junit.tests.running.methods.AnnotationTest_testAnnotatedMethodWithFutureProofExplicitRunner
junit4,https://github.com/junit-team/junit4,7167b23b3ba7dd79410f6e9db350d16cbe30617b,.,nondex,org.junit.tests.running.methods.AnnotationTest#testErrorInAfterClass,org.junit.tests.running.methods.AnnotationTest#testErrorInAfterClass,SUCCESS,SUCCESS,SUCCESS,SUCCESS,SUCCESS,FAILED,,BARRIERPOINTSEARCH_FAILED,80.18,/home/a360/research/flaky-test-detection-results/FlakeSyncResults/artifacts/junit4/org.junit.tests.running.methods.AnnotationTest_testErrorInAfterClass
junit4,https://github.com/junit-team/junit4,7167b23b3ba7dd79410f6e9db350d16cbe30617b,.,nondex,org.junit.tests.running.methods.AnnotationTest#testErrorInBeforeClass,org.junit.tests.running.methods.AnnotationTest#testErrorInBeforeClass,SUCCESS,SUCCESS,SUCCESS,SUCCESS,SUCCESS,FAILED,,BARRIERPOINTSEARCH_FAILED,80.16,/home/a360/research/flaky-test-detection-results/FlakeSyncResults/artifacts/junit4/org.junit.tests.running.methods.AnnotationTest_testErrorInBeforeClass
junit4,https://github.com/junit-team/junit4,7167b23b3ba7dd79410f6e9db350d16cbe30617b,.,nondex,org.junit.tests.running.methods.AnnotationTest#testException,org.junit.tests.running.methods.AnnotationTest#testException,SUCCESS,SUCCESS,SUCCESS,SUCCESS,SUCCESS,FAILED,,BARRIERPOINTSEARCH_FAILED,80.28,/home/a360/research/flaky-test-detection-results/FlakeSyncResults/artifacts/junit4/org.junit.tests.running.methods.AnnotationTest_testException
junit4,https://github.com/junit-team/junit4,7167b23b3ba7dd79410f6e9db350d16cbe30617b,.,nondex,org.junit.tests.running.methods.AnnotationTest#testExceptionNotThrown,org.junit.tests.running.methods.AnnotationTest#testExceptionNotThrown,SUCCESS,SUCCESS,SUCCESS,SUCCESS,SUCCESS,FAILED,,BARRIERPOINTSEARCH_FAILED,80.02,/home/a360/research/flaky-test-detection-results/FlakeSyncResults/artifacts/junit4/org.junit.tests.running.methods.AnnotationTest_testExceptionNotThrown
junit4,https://github.com/junit-team/junit4,7167b23b3ba7dd79410f6e9db350d16cbe30617b,.,nondex,org.junit.tests.running.methods.AnnotationTest#testFieldsShadowFieldsFromParent,org.junit.tests.running.methods.AnnotationTest#testFieldsShadowFieldsFromParent,SUCCESS,SUCCESS,SUCCESS,SUCCESS,SUCCESS,FAILED,,BARRIERPOINTSEARCH_FAILED,79.97,/home/a360/research/flaky-test-detection-results/FlakeSyncResults/artifacts/junit4/org.junit.tests.running.methods.AnnotationTest_testFieldsShadowFieldsFromParent
junit4,https://github.com/junit-team/junit4,7167b23b3ba7dd79410f6e9db350d16cbe30617b,.,nondex,org.junit.tests.running.methods.AnnotationTest#testOldSuiteTest,org.junit.tests.running.methods.AnnotationTest#testOldSuiteTest,SUCCESS,SUCCESS,SUCCESS,SUCCESS,SUCCESS,FAILED,,BARRIERPOINTSEARCH_FAILED,80.07,/home/a360/research/flaky-test-detection-results/FlakeSyncResults/artifacts/junit4/org.junit.tests.running.methods.AnnotationTest_testOldSuiteTest
junit4,https://github.com/junit-team/junit4,7167b23b3ba7dd79410f6e9db350d16cbe30617b,.,nondex,org.junit.tests.running.methods.AnnotationTest#testOldTest,org.junit.tests.running.methods.AnnotationTest#testOldTest,SUCCESS,SUCCESS,SUCCESS,SUCCESS,SUCCESS,FAILED,,BARRIERPOINTSEARCH_FAILED,79.93,/home/a360/research/flaky-test-detection-results/FlakeSyncResults/artifacts/junit4/org.junit.tests.running.methods.AnnotationTest_testOldTest
junit4,https://github.com/junit-team/junit4,7167b23b3ba7dd79410f6e9db350d16cbe30617b,.,nondex,org.junit.tests.running.methods.AnnotationTest#testOneTimeSetup,org.junit.tests.running.methods.AnnotationTest#testOneTimeSetup,SUCCESS,SUCCESS,SUCCESS,SUCCESS,SUCCESS,FAILED,,BARRIERPOINTSEARCH_FAILED,80.38,/home/a360/research/flaky-test-detection-results/FlakeSyncResults/artifacts/junit4/org.junit.tests.running.methods.AnnotationTest_testOneTimeSetup
junit4,https://github.com/junit-team/junit4,7167b23b3ba7dd79410f6e9db350d16cbe30617b,.,nondex,org.junit.tests.running.methods.AnnotationTest#testOneTimeTeardown,org.junit.tests.running.methods.AnnotationTest#testOneTimeTeardown,SUCCESS,SUCCESS,SUCCESS,SUCCESS,SUCCESS,FAILED,,BARRIERPOINTSEARCH_FAILED,81.09,/home/a360/research/flaky-test-detection-results/FlakeSyncResults/artifacts/junit4/org.junit.tests.running.methods.AnnotationTest_testOneTimeTeardown
junit4,https://github.com/junit-team/junit4,7167b23b3ba7dd79410f6e9db350d16cbe30617b,.,nondex,org.junit.tests.running.methods.AnnotationTest#testOrder,org.junit.tests.running.methods.AnnotationTest#testOrder,SUCCESS,SUCCESS,SUCCESS,SUCCESS,SUCCESS,FAILED,,BARRIERPOINTSEARCH_FAILED,80.24,/home/a360/research/flaky-test-detection-results/FlakeSyncResults/artifacts/junit4/org.junit.tests.running.methods.AnnotationTest_testOrder
junit4,https://github.com/junit-team/junit4,7167b23b3ba7dd79410f6e9db350d16cbe30617b,.,nondex,org.junit.tests.running.methods.AnnotationTest#testOrderingOfInheritance,org.junit.tests.running.methods.AnnotationTest#testOrderingOfInheritance,SUCCESS,SUCCESS,SUCCESS,SUCCESS,SUCCESS,FAILED,,BARRIERPOINTSEARCH_FAILED,80.59,/home/a360/research/flaky-test-detection-results/FlakeSyncResults/artifacts/junit4/org.junit.tests.running.methods.AnnotationTest_testOrderingOfInheritance
junit4,https://github.com/junit-team/junit4,7167b23b3ba7dd79410f6e9db350d16cbe30617b,.,nondex,org.junit.tests.running.methods.AnnotationTest#testRunAllAfterClasses,org.junit.tests.running.methods.AnnotationTest#testRunAllAfterClasses,SUCCESS,SUCCESS,SUCCESS,SUCCESS,SUCCESS,FAILED,,BARRIERPOINTSEARCH_FAILED,80.24,/home/a360/research/flaky-test-detection-results/FlakeSyncResults/artifacts/junit4/org.junit.tests.running.methods.AnnotationTest_testRunAllAfterClasses
junit4,https://github.com/junit-team/junit4,7167b23b3ba7dd79410f6e9db350d16cbe30617b,.,nondex,org.junit.tests.running.methods.AnnotationTest#testRunAllAfterClassesRegardless,org.junit.tests.running.methods.AnnotationTest#testRunAllAfterClassesRegardless,SUCCESS,SUCCESS,SUCCESS,SUCCESS,SUCCESS,FAILED,,BARRIERPOINTSEARCH_FAILED,79.79,/home/a360/research/flaky-test-detection-results/FlakeSyncResults/artifacts/junit4/org.junit.tests.running.methods.AnnotationTest_testRunAllAfterClassesRegardless
junit4,https://github.com/junit-team/junit4,7167b23b3ba7dd79410f6e9db350d16cbe30617b,.,nondex,org.junit.tests.running.methods.AnnotationTest#testRunAllAfters,org.junit.tests.running.methods.AnnotationTest#testRunAllAfters,SUCCESS,SUCCESS,SUCCESS,SUCCESS,SUCCESS,FAILED,,BARRIERPOINTSEARCH_FAILED,80.92,/home/a360/research/flaky-test-detection-results/FlakeSyncResults/artifacts/junit4/org.junit.tests.running.methods.AnnotationTest_testRunAllAfters
junit4,https://github.com/junit-team/junit4,7167b23b3ba7dd79410f6e9db350d16cbe30617b,.,nondex,org.junit.tests.running.methods.AnnotationTest#testRunAllAftersRegardless,org.junit.tests.running.methods.AnnotationTest#testRunAllAftersRegardless,SUCCESS,SUCCESS,SUCCESS,SUCCESS,SUCCESS,FAILED,,BARRIERPOINTSEARCH_FAILED,82.16,/home/a360/research/flaky-test-detection-results/FlakeSyncResults/artifacts/junit4/org.junit.tests.running.methods.AnnotationTest_testRunAllAftersRegardless
junit4,https://github.com/junit-team/junit4,7167b23b3ba7dd79410f6e9db350d16cbe30617b,.,nondex,org.junit.tests.running.methods.AnnotationTest#testRunFailure,org.junit.tests.running.methods.AnnotationTest#testRunFailure,SUCCESS,SUCCESS,SUCCESS,SUCCESS,SUCCESS,FAILED,,BARRIERPOINTSEARCH_FAILED,80.49,/home/a360/research/flaky-test-detection-results/FlakeSyncResults/artifacts/junit4/org.junit.tests.running.methods.AnnotationTest_testRunFailure
junit4,https://github.com/junit-team/junit4,7167b23b3ba7dd79410f6e9db350d16cbe30617b,.,nondex,org.junit.tests.running.methods.AnnotationTest#testSetup,org.junit.tests.running.methods.AnnotationTest#testSetup,SUCCESS,SUCCESS,SUCCESS,SUCCESS,SUCCESS,FAILED,,BARRIERPOINTSEARCH_FAILED,79.83,/home/a360/research/flaky-test-detection-results/FlakeSyncResults/artifacts/junit4/org.junit.tests.running.methods.AnnotationTest_testSetup
junit4,https://github.com/junit-team/junit4,7167b23b3ba7dd79410f6e9db350d16cbe30617b,.,nondex,org.junit.tests.running.methods.AnnotationTest#testSetupFailure,org.junit.tests.running.methods.AnnotationTest#testSetupFailure,SUCCESS,SUCCESS,SUCCESS,SUCCESS,SUCCESS,FAILED,,BARRIERPOINTSEARCH_FAILED,80.64,/home/a360/research/flaky-test-detection-results/FlakeSyncResults/artifacts/junit4/org.junit.tests.running.methods.AnnotationTest_testSetupFailure
junit4,https://github.com/junit-team/junit4,7167b23b3ba7dd79410f6e9db350d16cbe30617b,.,nondex,org.junit.tests.running.methods.AnnotationTest#testShadowing,org.junit.tests.running.methods.AnnotationTest#testShadowing,SUCCESS,SUCCESS,SUCCESS,SUCCESS,SUCCESS,FAILED,,BARRIERPOINTSEARCH_FAILED,80.74,/home/a360/research/flaky-test-detection-results/FlakeSyncResults/artifacts/junit4/org.junit.tests.running.methods.AnnotationTest_testShadowing
junit4,https://github.com/junit-team/junit4,7167b23b3ba7dd79410f6e9db350d16cbe30617b,.,nondex,org.junit.tests.running.methods.AnnotationTest#testStaticFieldsCanBeTreatedAsShadowed,org.junit.tests.running.methods.AnnotationTest#testStaticFieldsCanBeTreatedAsShadowed,SUCCESS,SUCCESS,SUCCESS,SUCCESS,SUCCESS,FAILED,,BARRIERPOINTSEARCH_FAILED,80.64,/home/a360/research/flaky-test-detection-results/FlakeSyncResults/artifacts/junit4/org.junit.tests.running.methods.AnnotationTest_testStaticFieldsCanBeTreatedAsShadowed
junit4,https://github.com/junit-team/junit4,7167b23b3ba7dd79410f6e9db350d16cbe30617b,.,nondex,org.junit.tests.running.methods.AnnotationTest#testStaticMethodsCanBeTreatedAsShadowed,org.junit.tests.running.methods.AnnotationTest#testStaticMethodsCanBeTreatedAsShadowed,SUCCESS,SUCCESS,SUCCESS,SUCCESS,SUCCESS,FAILED,,BARRIERPOINTSEARCH_FAILED,79.7,/home/a360/research/flaky-test-detection-results/FlakeSyncResults/artifacts/junit4/org.junit.tests.running.methods.AnnotationTest_testStaticMethodsCanBeTreatedAsShadowed
junit4,https://github.com/junit-team/junit4,7167b23b3ba7dd79410f6e9db350d16cbe30617b,.,nondex,org.junit.tests.running.methods.AnnotationTest#testTeardown,org.junit.tests.running.methods.AnnotationTest#testTeardown,SUCCESS,SUCCESS,SUCCESS,SUCCESS,SUCCESS,FAILED,,BARRIERPOINTSEARCH_FAILED,80.38,/home/a360/research/flaky-test-detection-results/FlakeSyncResults/artifacts/junit4/org.junit.tests.running.methods.AnnotationTest_testTeardown
junit4,https://github.com/junit-team/junit4,7167b23b3ba7dd79410f6e9db350d16cbe30617b,.,nondex,org.junit.tests.running.methods.AnnotationTest#testTeardownAfterFailure,org.junit.tests.running.methods.AnnotationTest#testTeardownAfterFailure,SUCCESS,SUCCESS,SUCCESS,SUCCESS,SUCCESS,FAILED,,BARRIERPOINTSEARCH_FAILED,80.49,/home/a360/research/flaky-test-detection-results/FlakeSyncResults/artifacts/junit4/org.junit.tests.running.methods.AnnotationTest_testTeardownAfterFailure
junit4,https://github.com/junit-team/junit4,7167b23b3ba7dd79410f6e9db350d16cbe30617b,.,nondex,org.junit.tests.running.methods.AnnotationTest#testTeardownFailure,org.junit.tests.running.methods.AnnotationTest#testTeardownFailure,SUCCESS,SUCCESS,SUCCESS,SUCCESS,SUCCESS,FAILED,,BARRIERPOINTSEARCH_FAILED,80.36,/home/a360/research/flaky-test-detection-results/FlakeSyncResults/artifacts/junit4/org.junit.tests.running.methods.AnnotationTest_testTeardownFailure
junit4,https://github.com/junit-team/junit4,7167b23b3ba7dd79410f6e9db350d16cbe30617b,.,nondex,org.junit.tests.running.methods.AnnotationTest#testTestAndTeardownFailure,org.junit.tests.running.methods.AnnotationTest#testTestAndTeardownFailure,SUCCESS,SUCCESS,SUCCESS,SUCCESS,SUCCESS,FAILED,,BARRIERPOINTSEARCH_FAILED,79.88,/home/a360/research/flaky-test-detection-results/FlakeSyncResults/artifacts/junit4/org.junit.tests.running.methods.AnnotationTest_testTestAndTeardownFailure
junit4,https://github.com/junit-team/junit4,7167b23b3ba7dd79410f6e9db350d16cbe30617b,.,nondex,org.junit.tests.running.methods.AnnotationTest#testTestInheritance,org.junit.tests.running.methods.AnnotationTest#testTestInheritance,SUCCESS,SUCCESS,SUCCESS,SUCCESS,SUCCESS,FAILED,,BARRIERPOINTSEARCH_FAILED,79.98,/home/a360/research/flaky-test-detection-results/FlakeSyncResults/artifacts/junit4/org.junit.tests.running.methods.AnnotationTest_testTestInheritance
junit4,https://github.com/junit-team/junit4,7167b23b3ba7dd79410f6e9db350d16cbe30617b,.,nondex,org.junit.tests.running.methods.AnnotationTest#testTwoTests,org.junit.tests.running.methods.AnnotationTest#testTwoTests,SUCCESS,SUCCESS,SUCCESS,SUCCESS,SUCCESS,FAILED,,BARRIERPOINTSEARCH_FAILED,79.82,/home/a360/research/flaky-test-detection-results/FlakeSyncResults/artifacts/junit4/org.junit.tests.running.methods.AnnotationTest_testTwoTests
junit4,https://github.com/junit-team/junit4,7167b23b3ba7dd79410f6e9db350d16cbe30617b,.,nondex,org.junit.tests.running.methods.ExpectedTest#expected,org.junit.tests.running.methods.ExpectedTest#expected,SUCCESS,SUCCESS,SUCCESS,SUCCESS,SUCCESS,FAILED,,BARRIERPOINTSEARCH_FAILED,79.42,/home/a360/research/flaky-test-detection-results/FlakeSyncResults/artifacts/junit4/org.junit.tests.running.methods.ExpectedTest_expected
junit4,https://github.com/junit-team/junit4,7167b23b3ba7dd79410f6e9db350d16cbe30617b,.,nondex,org.junit.tests.running.methods.ExpectedTest#expectsAssumptionViolatedException,org.junit.tests.running.methods.ExpectedTest#expectsAssumptionViolatedException,SUCCESS,SUCCESS,SUCCESS,SUCCESS,SUCCESS,FAILED,,BARRIERPOINTSEARCH_FAILED,80.12,/home/a360/research/flaky-test-detection-results/FlakeSyncResults/artifacts/junit4/org.junit.tests.running.methods.ExpectedTest_expectsAssumptionViolatedException
junit4,https://github.com/junit-team/junit4,7167b23b3ba7dd79410f6e9db350d16cbe30617b,.,nondex,org.junit.tests.running.methods.ExpectedTest#expectsSuperclass,org.junit.tests.running.methods.ExpectedTest#expectsSuperclass,SUCCESS,SUCCESS,SUCCESS,SUCCESS,SUCCESS,FAILED,,BARRIERPOINTSEARCH_FAILED,80.08,/home/a360/research/flaky-test-detection-results/FlakeSyncResults/artifacts/junit4/org.junit.tests.running.methods.ExpectedTest_expectsSuperclass
junit4,https://github.com/junit-team/junit4,7167b23b3ba7dd79410f6e9db350d16cbe30617b,.,nondex,org.junit.tests.running.methods.ExpectedTest#noneThrown,org.junit.tests.running.methods.ExpectedTest#noneThrown,SUCCESS,SUCCESS,SUCCESS,SUCCESS,SUCCESS,FAILED,,BARRIERPOINTSEARCH_FAILED,80.67,/home/a360/research/flaky-test-detection-results/FlakeSyncResults/artifacts/junit4/org.junit.tests.running.methods.ExpectedTest_noneThrown
junit4,https://github.com/junit-team/junit4,7167b23b3ba7dd79410f6e9db350d16cbe30617b,.,nondex,org.junit.tests.running.methods.ExpectedTest#unexpected,org.junit.tests.running.methods.ExpectedTest#unexpected,SUCCESS,SUCCESS,SUCCESS,SUCCESS,SUCCESS,FAILED,,BARRIERPOINTSEARCH_FAILED,79.88,/home/a360/research/flaky-test-detection-results/FlakeSyncResults/artifacts/junit4/org.junit.tests.running.methods.ExpectedTest_unexpected
junit4,https://github.com/junit-team/junit4,7167b23b3ba7dd79410f6e9db350d16cbe30617b,.,nondex,org.junit.tests.running.methods.InheritedTestTest#subclassWithInheritedTestAndOwnBeforeRunsBefore,org.junit.tests.running.methods.InheritedTestTest#subclassWithInheritedTestAndOwnBeforeRunsBefore,SUCCESS,SUCCESS,SUCCESS,SUCCESS,SUCCESS,FAILED,,BARRIERPOINTSEARCH_FAILED,79.86,/home/a360/research/flaky-test-detection-results/FlakeSyncResults/artifacts/junit4/org.junit.tests.running.methods.InheritedTestTest_subclassWithInheritedTestAndOwnBeforeRunsBefore
junit4,https://github.com/junit-team/junit4,7167b23b3ba7dd79410f6e9db350d16cbe30617b,.,nondex,org.junit.tests.running.methods.InheritedTestTest#subclassWithOnlyInheritedTestsRuns,org.junit.tests.running.methods.InheritedTestTest#subclassWithOnlyInheritedTestsRuns,SUCCESS,SUCCESS,SUCCESS,SUCCESS,SUCCESS,FAILED,,BARRIERPOINTSEARCH_FAILED,80.26,/home/a360/research/flaky-test-detection-results/FlakeSyncResults/artifacts/junit4/org.junit.tests.running.methods.InheritedTestTest_subclassWithOnlyInheritedTestsRuns
junit4,https://github.com/junit-team/junit4,7167b23b3ba7dd79410f6e9db350d16cbe30617b,.,nondex,org.junit.tests.running.methods.TestMethodTest#compatibility,org.junit.tests.running.methods.TestMethodTest#compatibility,SUCCESS,SUCCESS,SUCCESS,SUCCESS,SUCCESS,FAILED,,BARRIERPOINTSEARCH_FAILED,80.49,/home/a360/research/flaky-test-detection-results/FlakeSyncResults/artifacts/junit4/org.junit.tests.running.methods.TestMethodTest_compatibility
junit4,https://github.com/junit-team/junit4,7167b23b3ba7dd79410f6e9db350d16cbe30617b,.,nondex,org.junit.tests.running.methods.TestMethodTest#constructorParameter,org.junit.tests.running.methods.TestMethodTest#constructorParameter,SUCCESS,SUCCESS,SUCCESS,SUCCESS,SUCCESS,FAILED,,BARRIERPOINTSEARCH_FAILED,79.38,/home/a360/research/flaky-test-detection-results/FlakeSyncResults/artifacts/junit4/org.junit.tests.running.methods.TestMethodTest_constructorParameter
junit4,https://github.com/junit-team/junit4,7167b23b3ba7dd79410f6e9db350d16cbe30617b,.,nondex,org.junit.tests.running.methods.TestMethodTest#dontValidateShadowedMethods,org.junit.tests.running.methods.TestMethodTest#dontValidateShadowedMethods,SUCCESS,SUCCESS,SUCCESS,SUCCESS,SUCCESS,FAILED,,BARRIERPOINTSEARCH_FAILED,79.82,/home/a360/research/flaky-test-detection-results/FlakeSyncResults/artifacts/junit4/org.junit.tests.running.methods.TestMethodTest_dontValidateShadowedMethods
junit4,https://github.com/junit-team/junit4,7167b23b3ba7dd79410f6e9db350d16cbe30617b,.,nondex,org.junit.tests.running.methods.TestMethodTest#ignoreRunner,org.junit.tests.running.methods.TestMethodTest#ignoreRunner,SUCCESS,SUCCESS,SUCCESS,SUCCESS,SUCCESS,FAILED,,BARRIERPOINTSEARCH_FAILED,80.44,/home/a360/research/flaky-test-detection-results/FlakeSyncResults/artifacts/junit4/org.junit.tests.running.methods.TestMethodTest_ignoreRunner
junit4,https://github.com/junit-team/junit4,7167b23b3ba7dd79410f6e9db350d16cbe30617b,.,nondex,org.junit.tests.running.methods.TestMethodTest#onlyIgnoredMethodsIsStillFineTestClass,org.junit.tests.running.methods.TestMethodTest#onlyIgnoredMethodsIsStillFineTestClass,SUCCESS,SUCCESS,SUCCESS,SUCCESS,SUCCESS,FAILED,,BARRIERPOINTSEARCH_FAILED,79.77,/home/a360/research/flaky-test-detection-results/FlakeSyncResults/artifacts/junit4/org.junit.tests.running.methods.TestMethodTest_onlyIgnoredMethodsIsStillFineTestClass
junit4,https://github.com/junit-team/junit4,7167b23b3ba7dd79410f6e9db350d16cbe30617b,.,nondex,org.junit.tests.running.methods.TestMethodTest#overloaded,org.junit.tests.running.methods.TestMethodTest#overloaded,SUCCESS,SUCCESS,SUCCESS,SUCCESS,SUCCESS,FAILED,,BARRIERPOINTSEARCH_FAILED,80.27,/home/a360/research/flaky-test-detection-results/FlakeSyncResults/artifacts/junit4/org.junit.tests.running.methods.TestMethodTest_overloaded
junit4,https://github.com/junit-team/junit4,7167b23b3ba7dd79410f6e9db350d16cbe30617b,.,nondex,org.junit.tests.running.methods.TestMethodTest#testFailures,org.junit.tests.running.methods.TestMethodTest#testFailures,SUCCESS,SUCCESS,SUCCESS,SUCCESS,SUCCESS,FAILED,,BARRIERPOINTSEARCH_FAILED,79.97,/home/a360/research/flaky-test-detection-results/FlakeSyncResults/artifacts/junit4/org.junit.tests.running.methods.TestMethodTest_testFailures
junit4,https://github.com/junit-team/junit4,7167b23b3ba7dd79410f6e9db350d16cbe30617b,.,nondex,org.junit.tests.running.methods.TestMethodTest#validateInheritedMethods,org.junit.tests.running.methods.TestMethodTest#validateInheritedMethods,SUCCESS,SUCCESS,SUCCESS,SUCCESS,SUCCESS,FAILED,,BARRIERPOINTSEARCH_FAILED,80.21,/home/a360/research/flaky-test-detection-results/FlakeSyncResults/artifacts/junit4/org.junit.tests.running.methods.TestMethodTest_validateInheritedMethods
junit4,https://github.com/junit-team/junit4,7167b23b3ba7dd79410f6e9db350d16cbe30617b,.,nondex,org.junit.tests.running.methods.TimeoutTest#stalledThreadAppearsInStackTrace,org.junit.tests.running.methods.TimeoutTest#stalledThreadAppearsInStackTrace,SUCCESS,SUCCESS,SUCCESS,SUCCESS,SUCCESS,FAILED,,BARRIERPOINTSEARCH_FAILED,81.03,/home/a360/research/flaky-test-detection-results/FlakeSyncResults/artifacts/junit4/org.junit.tests.running.methods.TimeoutTest_stalledThreadAppearsInStackTrace
junit4,https://github.com/junit-team/junit4,7167b23b3ba7dd79410f6e9db350d16cbe30617b,.,nondex,org.junit.tests.running.methods.TimeoutTest#testGetTimeout,org.junit.tests.running.methods.TimeoutTest#testGetTimeout,SUCCESS,SUCCESS,SUCCESS,SUCCESS,SUCCESS,FAILED,,BARRIERPOINTSEARCH_FAILED,80.48,/home/a360/research/flaky-test-detection-results/FlakeSyncResults/artifacts/junit4/org.junit.tests.running.methods.TimeoutTest_testGetTimeout
junit4,https://github.com/junit-team/junit4,7167b23b3ba7dd79410f6e9db350d16cbe30617b,.,nondex,org.junit.tests.running.methods.TimeoutTest#testZeroTimeoutIsIgnored,org.junit.tests.running.methods.TimeoutTest#testZeroTimeoutIsIgnored,SUCCESS,SUCCESS,SUCCESS,SUCCESS,SUCCESS,FAILED,,BARRIERPOINTSEARCH_FAILED,82.79,/home/a360/research/flaky-test-detection-results/FlakeSyncResults/artifacts/junit4/org.junit.tests.running.methods.TimeoutTest_testZeroTimeoutIsIgnored
junit4,https://github.com/junit-team/junit4,7167b23b3ba7dd79410f6e9db350d16cbe30617b,.,nondex,org.junit.tests.running.methods.TimeoutTest#timeoutFailureMultithreadedStuckInMain,org.junit.tests.running.methods.TimeoutTest#timeoutFailureMultithreadedStuckInMain,SUCCESS,SUCCESS,SUCCESS,SUCCESS,SUCCESS,FAILED,,BARRIERPOINTSEARCH_FAILED,80.89,/home/a360/research/flaky-test-detection-results/FlakeSyncResults/artifacts/junit4/org.junit.tests.running.methods.TimeoutTest_timeoutFailureMultithreadedStuckInMain
maven-dependency-plugin,https://github.com/apache/maven-dependency-plugin,1d9261293f44cc1918bae0fb3e4db9abe452f8c5,.,nondex,org.apache.maven.plugins.dependency.fromDependencies.TestCopyDependenciesMojo#testGetDependencies,org.apache.maven.plugins.dependency.fromDependencies.TestCopyDependenciesMojo#testGetDependencies,FAILED,,,,,,,BASELINE_FAILED,16.73,
maven-dependency-plugin,https://github.com/apache/maven-dependency-plugin,1d9261293f44cc1918bae0fb3e4db9abe452f8c5,.,nondex,org.apache.maven.plugins.dependency.tree.TestTreeMojo#testTreeJsonParsing,org.apache.maven.plugins.dependency.tree.TestTreeMojo#testTreeJsonParsing,FAILED,,,,,,,BASELINE_FAILED,15.03,
maven-dependency-plugin,https://github.com/apache/maven-dependency-plugin,1d9261293f44cc1918bae0fb3e4db9abe452f8c5,.,nondex,org.apache.maven.plugins.dependency.tree.TestTreeMojo#testTreeTestEnvironment,org.apache.maven.plugins.dependency.tree.TestTreeMojo#testTreeTestEnvironment,FAILED,,,,,,,BASELINE_FAILED,15.02,
mercury,https://github.com/Accenture/mercury,8586dc79f8bf75a929896f0aac03fe95824d9578,system/platform-core,nondex,org.platformlambda.core.PostOfficeTest#journalYamlTest,org.platformlambda.core.PostOfficeTest#journalYamlTest,SUCCESS,SUCCESS,TIMEOUT,,,,,DELAYLOCS_TIMEOUT,1937.5,/home/a360/research/flaky-test-detection-results/FlakeSyncResults/artifacts/mercury/org.platformlambda.core.PostOfficeTest_journalYamlTest
morel,https://github.com/hydromatic/morel,b3ce1d8ba7351ba6fb0dceeaf30288451fe5bf7d,.,nondex,net.hydromatic.morel.SatTest#testBuild,net.hydromatic.morel.SatTest#testBuild,SUCCESS,SUCCESS,SUCCESS,SUCCESS,SUCCESS,FAILED,,BARRIERPOINTSEARCH_FAILED,73.35,/home/a360/research/flaky-test-detection-results/FlakeSyncResults/artifacts/morel/net.hydromatic.morel.SatTest_testBuild
opennlp,https://github.com/apache/opennlp,8209cd308ee6ff7e61ec0346f1799a32541ed80f,opennlp-tools,idflakies,opennlp.tools.eval.ArvoresDeitadasEval.evalPortugueseChunkerPerceptron,opennlp.tools.eval.ArvoresDeitadasEval#evalPortugueseChunkerPerceptron,FAILED,,,,,,,BASELINE_FAILED,22.61,
opennlp,https://github.com/apache/opennlp,8209cd308ee6ff7e61ec0346f1799a32541ed80f,opennlp-tools,idflakies,opennlp.tools.eval.ArvoresDeitadasEval.evalPortugueseChunkerQn,opennlp.tools.eval.ArvoresDeitadasEval#evalPortugueseChunkerQn,FAILED,,,,,,,BASELINE_FAILED,21.45,
opennlp,https://github.com/apache/opennlp,8209cd308ee6ff7e61ec0346f1799a32541ed80f,opennlp-tools,idflakies,opennlp.tools.eval.ArvoresDeitadasEval.evalPortugueseSentenceDetectorGis,opennlp.tools.eval.ArvoresDeitadasEval#evalPortugueseSentenceDetectorGis,FAILED,,,,,,,BASELINE_FAILED,20.8,
opennlp,https://github.com/apache/opennlp,8209cd308ee6ff7e61ec0346f1799a32541ed80f,opennlp-tools,idflakies,opennlp.tools.eval.ArvoresDeitadasEval.evalPortugueseTokenizerGis,opennlp.tools.eval.ArvoresDeitadasEval#evalPortugueseTokenizerGis,FAILED,,,,,,,BASELINE_FAILED,21.1,
opennlp,https://github.com/apache/opennlp,8209cd308ee6ff7e61ec0346f1799a32541ed80f,opennlp-tools,idflakies,opennlp.tools.eval.ArvoresDeitadasEval.evalPortugueseTokenizerMaxentQn,opennlp.tools.eval.ArvoresDeitadasEval#evalPortugueseTokenizerMaxentQn,FAILED,,,,,,,BASELINE_FAILED,21.15,
opennlp,https://github.com/apache/opennlp,8209cd308ee6ff7e61ec0346f1799a32541ed80f,opennlp-tools,idflakies,opennlp.tools.eval.ArvoresDeitadasEval.evalPortugueseTokenizerPerceptron,opennlp.tools.eval.ArvoresDeitadasEval#evalPortugueseTokenizerPerceptron,FAILED,,,,,,,BASELINE_FAILED,21.05,
opennlp,https://github.com/apache/opennlp,8209cd308ee6ff7e61ec0346f1799a32541ed80f,opennlp-tools,idflakies,opennlp.tools.eval.Conll02NameFinderEval.evalDutchCombinedPerceptron,opennlp.tools.eval.Conll02NameFinderEval#evalDutchCombinedPerceptron,FAILED,,,,,,,BASELINE_FAILED,21.1,
opennlp,https://github.com/apache/opennlp,8209cd308ee6ff7e61ec0346f1799a32541ed80f,opennlp-tools,idflakies,opennlp.tools.eval.Conll02NameFinderEval.evalDutchLocationPerceptron,opennlp.tools.eval.Conll02NameFinderEval#evalDutchLocationPerceptron,FAILED,,,,,,,BASELINE_FAILED,20.74,
opennlp,https://github.com/apache/opennlp,8209cd308ee6ff7e61ec0346f1799a32541ed80f,opennlp-tools,idflakies,opennlp.tools.eval.Conll02NameFinderEval.evalDutchMiscMaxentGis,opennlp.tools.eval.Conll02NameFinderEval#evalDutchMiscMaxentGis,FAILED,,,,,,,BASELINE_FAILED,20.45,
opennlp,https://github.com/apache/opennlp,8209cd308ee6ff7e61ec0346f1799a32541ed80f,opennlp-tools,idflakies,opennlp.tools.eval.Conll02NameFinderEval.evalDutchMiscMaxentQn,opennlp.tools.eval.Conll02NameFinderEval#evalDutchMiscMaxentQn,FAILED,,,,,,,BASELINE_FAILED,20.9,
opennlp,https://github.com/apache/opennlp,8209cd308ee6ff7e61ec0346f1799a32541ed80f,opennlp-tools,idflakies,opennlp.tools.eval.Conll02NameFinderEval.evalDutchMiscPerceptron,opennlp.tools.eval.Conll02NameFinderEval#evalDutchMiscPerceptron,FAILED,,,,,,,BASELINE_FAILED,20.15,
opennlp,https://github.com/apache/opennlp,8209cd308ee6ff7e61ec0346f1799a32541ed80f,opennlp-tools,idflakies,opennlp.tools.eval.Conll02NameFinderEval.evalDutchOrganizationMaxentQn,opennlp.tools.eval.Conll02NameFinderEval#evalDutchOrganizationMaxentQn,FAILED,,,,,,,BASELINE_FAILED,20.6,
opennlp,https://github.com/apache/opennlp,8209cd308ee6ff7e61ec0346f1799a32541ed80f,opennlp-tools,idflakies,opennlp.tools.eval.Conll02NameFinderEval.evalSpanishLocationMaxentGis,opennlp.tools.eval.Conll02NameFinderEval#evalSpanishLocationMaxentGis,FAILED,,,,,,,BASELINE_FAILED,21.01,
opennlp,https://github.com/apache/opennlp,8209cd308ee6ff7e61ec0346f1799a32541ed80f,opennlp-tools,idflakies,opennlp.tools.eval.Conll02NameFinderEval.evalSpanishMiscMaxentQn,opennlp.tools.eval.Conll02NameFinderEval#evalSpanishMiscMaxentQn,FAILED,,,,,,,BASELINE_FAILED,21.05,
opennlp,https://github.com/apache/opennlp,8209cd308ee6ff7e61ec0346f1799a32541ed80f,opennlp-tools,idflakies,opennlp.tools.eval.Conll02NameFinderEval.evalSpanishOrganizationMaxentGis,opennlp.tools.eval.Conll02NameFinderEval#evalSpanishOrganizationMaxentGis,FAILED,,,,,,,BASELINE_FAILED,20.65,
opennlp,https://github.com/apache/opennlp,8209cd308ee6ff7e61ec0346f1799a32541ed80f,opennlp-tools,idflakies,opennlp.tools.eval.Conll02NameFinderEval.evalSpanishOrganizationMaxentQn,opennlp.tools.eval.Conll02NameFinderEval#evalSpanishOrganizationMaxentQn,FAILED,,,,,,,BASELINE_FAILED,21.31,
opennlp,https://github.com/apache/opennlp,8209cd308ee6ff7e61ec0346f1799a32541ed80f,opennlp-tools,idflakies,opennlp.tools.eval.Conll02NameFinderEval.evalSpanishPersonMaxentGis,opennlp.tools.eval.Conll02NameFinderEval#evalSpanishPersonMaxentGis,FAILED,,,,,,,BASELINE_FAILED,20.15,
opennlp,https://github.com/apache/opennlp,8209cd308ee6ff7e61ec0346f1799a32541ed80f,opennlp-tools,idflakies,opennlp.tools.eval.Conll02NameFinderEval.evalSpanishPersonMaxentQn,opennlp.tools.eval.Conll02NameFinderEval#evalSpanishPersonMaxentQn,FAILED,,,,,,,BASELINE_FAILED,21.1,
opennlp,https://github.com/apache/opennlp,8209cd308ee6ff7e61ec0346f1799a32541ed80f,opennlp-tools,idflakies,opennlp.tools.eval.ConllXPosTaggerEval.evalDanishMaxentQn,opennlp.tools.eval.ConllXPosTaggerEval#evalDanishMaxentQn,FAILED,,,,,,,BASELINE_FAILED,21.36,
opennlp,https://github.com/apache/opennlp,8209cd308ee6ff7e61ec0346f1799a32541ed80f,opennlp-tools,idflakies,opennlp.tools.eval.OntoNotes4NameFinderEval.evalAllTypesNameFinder,opennlp.tools.eval.OntoNotes4NameFinderEval#evalAllTypesNameFinder,FAILED,,,,,,,BASELINE_FAILED,20.8,
opennlp,https://github.com/apache/opennlp,8209cd308ee6ff7e61ec0346f1799a32541ed80f,opennlp-tools,idflakies,opennlp.tools.eval.SourceForgeModelEval.evalNerDateModel,opennlp.tools.eval.SourceForgeModelEval#evalNerDateModel,FAILED,,,,,,,BASELINE_FAILED,20.55,
opennlp,https://github.com/apache/opennlp,8209cd308ee6ff7e61ec0346f1799a32541ed80f,opennlp-tools,idflakies,opennlp.tools.eval.SourceForgeModelEval.evalNerOrganizationModel,opennlp.tools.eval.SourceForgeModelEval#evalNerOrganizationModel,FAILED,,,,,,,BASELINE_FAILED,20.9,
opennlp,https://github.com/apache/opennlp,8209cd308ee6ff7e61ec0346f1799a32541ed80f,opennlp-tools,idflakies,opennlp.tools.eval.SourceForgeModelEval.evalNerTimeModel,opennlp.tools.eval.SourceForgeModelEval#evalNerTimeModel,FAILED,,,,,,,BASELINE_FAILED,20.8,
opennlp,https://github.com/apache/opennlp,8209cd308ee6ff7e61ec0346f1799a32541ed80f,opennlp-tools,idflakies,opennlp.tools.eval.SourceForgeModelEval.evalSentenceModel,opennlp.tools.eval.SourceForgeModelEval#evalSentenceModel,FAILED,,,,,,,BASELINE_FAILED,22.5,
ormlite-core,https://github.com/j256/ormlite-core,61ebf9e20fcc1e243de3e40b235445bae4de6dbc,.,nondex,com.j256.ormlite.table.DatabaseTableConfigTest#testMultiAfter,com.j256.ormlite.table.DatabaseTableConfigTest#testMultiAfter,SUCCESS,SUCCESS,SUCCESS,SUCCESS,SUCCESS,FAILED,,BARRIERPOINTSEARCH_FAILED,46.62,/home/a360/research/flaky-test-detection-results/FlakeSyncResults/artifacts/ormlite-core/com.j256.ormlite.table.DatabaseTableConfigTest_testMultiAfter
pair-distribution-app,https://github.com/SAP/pair-distribution-app,0be329d2897f6d5fbb634e46e0ef3d283282dc93,.,nondex,pair.distribution.app.helpers.DayPairsHelperTest#testGenerateNewDayPairs,pair.distribution.app.helpers.DayPairsHelperTest#testGenerateNewDayPairs,SUCCESS,SUCCESS,SUCCESS,SUCCESS,SUCCESS,FAILED,,BARRIERPOINTSEARCH_FAILED,35.84,/home/a360/research/flaky-test-detection-results/FlakeSyncResults/artifacts/pair-distribution-app/pair.distribution.app.helpers.DayPairsHelperTest_testGenerateNewDayPairs
pair-distribution-app,https://github.com/SAP/pair-distribution-app,0be329d2897f6d5fbb634e46e0ef3d283282dc93,.,nondex,pair.distribution.app.helpers.DayPairsHelperTest#testGenerateNewDayPairsNoPastState,pair.distribution.app.helpers.DayPairsHelperTest#testGenerateNewDayPairsNoPastState,SUCCESS,SUCCESS,SUCCESS,SUCCESS,SUCCESS,FAILED,,BARRIERPOINTSEARCH_FAILED,34.89,/home/a360/research/flaky-test-detection-results/FlakeSyncResults/artifacts/pair-distribution-app/pair.distribution.app.helpers.DayPairsHelperTest_testGenerateNewDayPairsNoPastState
pair-distribution-app,https://github.com/SAP/pair-distribution-app,0be329d2897f6d5fbb634e46e0ef3d283282dc93,.,nondex,pair.distribution.app.helpers.DayPairsHelperTest#testGenerateNewDayPairsOnlyOldDevAvailableForStory,pair.distribution.app.helpers.DayPairsHelperTest#testGenerateNewDayPairsOnlyOldDevAvailableForStory,SUCCESS,SUCCESS,SUCCESS,SUCCESS,SUCCESS,FAILED,,BARRIERPOINTSEARCH_FAILED,34.89,/home/a360/research/flaky-test-detection-results/FlakeSyncResults/artifacts/pair-distribution-app/pair.distribution.app.helpers.DayPairsHelperTest_testGenerateNewDayPairsOnlyOldDevAvailableForStory
pair-distribution-app,https://github.com/SAP/pair-distribution-app,0be329d2897f6d5fbb634e46e0ef3d283282dc93,.,nondex,pair.distribution.app.helpers.DayPairsHelperTest#testGenerateNewDayPairsSoloRequired,pair.distribution.app.helpers.DayPairsHelperTest#testGenerateNewDayPairsSoloRequired,SUCCESS,SUCCESS,SUCCESS,SUCCESS,SUCCESS,FAILED,,BARRIERPOINTSEARCH_FAILED,35.19,/home/a360/research/flaky-test-detection-results/FlakeSyncResults/artifacts/pair-distribution-app/pair.distribution.app.helpers.DayPairsHelperTest_testGenerateNewDayPairsSoloRequired
pair-distribution-app,https://github.com/SAP/pair-distribution-app,0be329d2897f6d5fbb634e46e0ef3d283282dc93,.,nondex,pair.distribution.app.helpers.DayPairsHelperTest#testGenerateNewDayPairsWithEverydayRotation,pair.distribution.app.helpers.DayPairsHelperTest#testGenerateNewDayPairsWithEverydayRotation,SUCCESS,SUCCESS,SUCCESS,SUCCESS,SUCCESS,FAILED,,BARRIERPOINTSEARCH_FAILED,35.09,/home/a360/research/flaky-test-detection-results/FlakeSyncResults/artifacts/pair-distribution-app/pair.distribution.app.helpers.DayPairsHelperTest_testGenerateNewDayPairsWithEverydayRotation
pair-distribution-app,https://github.com/SAP/pair-distribution-app,0be329d2897f6d5fbb634e46e0ef3d283282dc93,.,nondex,pair.distribution.app.helpers.DayPairsHelperTest#testGenerateNewDayPairsWithSmallestWeight,pair.distribution.app.helpers.DayPairsHelperTest#testGenerateNewDayPairsWithSmallestWeight,SUCCESS,SUCCESS,SUCCESS,SUCCESS,SUCCESS,FAILED,,BARRIERPOINTSEARCH_FAILED,35.04,/home/a360/research/flaky-test-detection-results/FlakeSyncResults/artifacts/pair-distribution-app/pair.distribution.app.helpers.DayPairsHelperTest_testGenerateNewDayPairsWithSmallestWeight
semanticvectors,https://github.com/Lucky-Dhakad/semanticvectors,cf2d883c5fafd84ca2530fb15e62ba399ebc7176,.,idflakies,pitt.search.semanticvectors.integrationtests.RegressionTests.testBuildAndSearchBinaryDirectionalIndex,pitt.search.semanticvectors.integrationtests.RegressionTests#testBuildAndSearchBinaryDirectionalIndex,SUCCESS,SUCCESS,SUCCESS,SUCCESS,SUCCESS,FAILED,,BARRIERPOINTSEARCH_FAILED,22.63,/home/a360/research/flaky-test-detection-results/FlakeSyncResults/artifacts/semanticvectors/pitt.search.semanticvectors.integrationtests.RegressionTests_testBuildAndSearchBinaryDirectionalIndex
SpringBoot-Learning,https://github.com/dyc87112/SpringBoot-Learning,4212d163da816c6fa5b28d59130318dac2379a73,2.x/chapter2-1,nondex,com.didispace.chapter21.Chapter21ApplicationTests#testUserController,com.didispace.chapter21.Chapter21ApplicationTests#testUserController,SUCCESS,SUCCESS,SUCCESS,SUCCESS,SUCCESS,FAILED,,BARRIERPOINTSEARCH_FAILED,78.71,/home/a360/research/flaky-test-detection-results/FlakeSyncResults/artifacts/SpringBoot-Learning/com.didispace.chapter21.Chapter21ApplicationTests_testUserController
tez,https://github.com/apache/tez,51d6f53967110e2b91b6d90b46f8e16bdc062091,tez-api,nondex,org.apache.tez.dag.api.TestDAG#testRecreateDAG,org.apache.tez.dag.api.TestDAG#testRecreateDAG,SUCCESS,SUCCESS,SUCCESS,SUCCESS,SUCCESS,FAILED,,BARRIERPOINTSEARCH_FAILED,68.43,/home/a360/research/flaky-test-detection-results/FlakeSyncResults/artifacts/tez/org.apache.tez.dag.api.TestDAG_testRecreateDAG
tez,https://github.com/apache/tez,51d6f53967110e2b91b6d90b46f8e16bdc062091,tez-api,nondex,org.apache.tez.dag.api.TestDAGPlan#userVertexOrderingIsMaintained,org.apache.tez.dag.api.TestDAGPlan#userVertexOrderingIsMaintained,SUCCESS,SUCCESS,SUCCESS,SUCCESS,SUCCESS,FAILED,,BARRIERPOINTSEARCH_FAILED,66.0,/home/a360/research/flaky-test-detection-results/FlakeSyncResults/artifacts/tez/org.apache.tez.dag.api.TestDAGPlan_userVertexOrderingIsMaintained
tika,https://github.com/apache/tika,1e67ef16f7b735c27114256d8ad7469248e501f2,tika-parsers/tika-parsers-standard/tika-parsers-standard-modules/tika-parser-microsoft-module,nondex,org.apache.tika.parser.microsoft.ooxml.xps.XPSParserTest#testVarious,org.apache.tika.parser.microsoft.ooxml.xps.XPSParserTest#testVarious,FAILED,,,,,,,BASELINE_FAILED,21.82,
jnr-posix,https://github.com/jnr/jnr-posix,dbda72ce198a8dd766c30c591d63d726d2a28a7c,.,idflakies,jnr.posix.FileTest.closeTest,jnr.posix.FileTest#closeTest,SUCCESS,SUCCESS,SUCCESS,SUCCESS,SUCCESS,SUCCESS,SUCCESS,PIPELINE_COMPLETED,46.38,/home/a360/research/flaky-test-detection-results/FlakeSyncResults/artifacts/jnr-posix/jnr.posix.FileTest_closeTest
altus-sdk-java,https://github.com/cloudera/altus-sdk-java,914688f557923a8d9fae44b4da318e3e66c96d74,.,idflakies,com.cloudera.altus.authentication.credentials.DefaultCredentialsProviderChainTest#testNoCredentials(),com.cloudera.altus.authentication.credentials.DefaultCredentialsProviderChainTest#testNoCredentials(),SUCCESS,SUCCESS,SUCCESS,SUCCESS,SUCCESS,SUCCESS,SUCCESS,PIPELINE_COMPLETED,51.43,/home/a360/research/flaky-test-detection-results/FlakeSyncResults/artifacts/altus-sdk-java/com.cloudera.altus.authentication.credentials.DefaultCredentialsProviderChainTest_testNoCredentials__
altus-sdk-java,https://github.com/cloudera/altus-sdk-java,914688f557923a8d9fae44b4da318e3e66c96d74,.,idflakies,com.cloudera.altus.authentication.credentials.DefaultCredentialsProviderChainTest#testValidProfileCredentials(java.nio.file.Path),com.cloudera.altus.authentication.credentials.DefaultCredentialsProviderChainTest#testValidProfileCredentials(java.nio.file.Path),SUCCESS,SUCCESS,SUCCESS,SUCCESS,SUCCESS,SUCCESS,SUCCESS,PIPELINE_COMPLETED,47.35,/home/a360/research/flaky-test-detection-results/FlakeSyncResults/artifacts/altus-sdk-java/com.cloudera.altus.authentication.credentials.DefaultCredentialsProviderChainTest_testValidProfileCredentials_java.nio.file.Path_
amazon-instant-access-sdk-java,https://github.com/amzn/amazon-instant-access-sdk-java,3aae2253569751eaa4c419300cf9915f03a42bf1,.,nondex,com.amazon.dtasdk.v2.serialization.messages.InstantAccessRequestTest#testSerialize,com.amazon.dtasdk.v2.serialization.messages.InstantAccessRequestTest#testSerialize,SUCCESS,SUCCESS,SUCCESS,SUCCESS,SUCCESS,SUCCESS,SUCCESS,PIPELINE_COMPLETED,22.84,/home/a360/research/flaky-test-detection-results/FlakeSyncResults/artifacts/amazon-instant-access-sdk-java/com.amazon.dtasdk.v2.serialization.messages.InstantAccessRequestTest_testSerialize
amazon-instant-access-sdk-java,https://github.com/amzn/amazon-instant-access-sdk-java,3aae2253569751eaa4c419300cf9915f03a42bf1,.,nondex,com.amazon.dtasdk.v3.messages.InstantAccessRequestTest#testSerialize,com.amazon.dtasdk.v3.messages.InstantAccessRequestTest#testSerialize,SUCCESS,SUCCESS,SUCCESS,SUCCESS,SUCCESS,SUCCESS,SUCCESS,PIPELINE_COMPLETED,22.79,/home/a360/research/flaky-test-detection-results/FlakeSyncResults/artifacts/amazon-instant-access-sdk-java/com.amazon.dtasdk.v3.messages.InstantAccessRequestTest_testSerialize
amazon-pay-api-sdk-java,https://github.com/amzn/amazon-pay-api-sdk-java,4093fc0ddca8e410764919f587a2e984246d5dc1,.,nondex,com.amazon.pay.api.GenerateButtonSignatureTest#testButtonSignatureWithJSONObject,com.amazon.pay.api.GenerateButtonSignatureTest#testButtonSignatureWithJSONObject,SUCCESS,SUCCESS,SUCCESS,SUCCESS,SUCCESS,FAILED,,BARRIERPOINTSEARCH_FAILED,32.87,/home/a360/research/flaky-test-detection-results/FlakeSyncResults/artifacts/amazon-pay-api-sdk-java/com.amazon.pay.api.GenerateButtonSignatureTest_testButtonSignatureWithJSONObject
captivate-prime-aem-components,https://github.com/adobe/captivate-prime-aem-components,87a88b3e9fcd67f22577a5b549e25f8224b4a0c8,core,nondex,com.adobe.prime.core.sightly.models.EmbeddableWidgetModelTest#testWidgetConfigs,com.adobe.prime.core.sightly.models.EmbeddableWidgetModelTest#testWidgetConfigs,SUCCESS,SUCCESS,SUCCESS,SUCCESS,SUCCESS,FAILED,,BARRIERPOINTSEARCH_FAILED,86.04,/home/a360/research/flaky-test-detection-results/FlakeSyncResults/artifacts/captivate-prime-aem-components/com.adobe.prime.core.sightly.models.EmbeddableWidgetModelTest_testWidgetConfigs
classgraph,https://github.com/classgraph/classgraph,d3b5aebd2d9bfc8b98539f7ce157775cc5af6e95,.,nondex,io.github.classgraph.json.JSONSerializationTest#testSerializeThenDeserializeScanResult,io.github.classgraph.json.JSONSerializationTest#testSerializeThenDeserializeScanResult,SUCCESS,SUCCESS,SUCCESS,SUCCESS,SUCCESS,FAILED,,BARRIERPOINTSEARCH_FAILED,629.98,/home/a360/research/flaky-test-detection-results/FlakeSyncResults/artifacts/classgraph/io.github.classgraph.json.JSONSerializationTest_testSerializeThenDeserializeScanResult
depgraph-maven-plugin,https://github.com/ferstl/depgraph-maven-plugin,f93bf3b39986dd7eafff30f5858439a9879e1618,.,nondex,GraphIntegrationTest#graphInJson,GraphIntegrationTest#graphInJson,SUCCESS,SUCCESS,SUCCESS,SUCCESS,SUCCESS,FAILED,,BARRIERPOINTSEARCH_FAILED,123.79,/home/a360/research/flaky-test-detection-results/FlakeSyncResults/artifacts/depgraph-maven-plugin/GraphIntegrationTest_graphInJson
dubbo,https://github.com/apache/dubbo,3720471e56717b7e3494a7352aa437ef95507fe1,dubbo-common,nondex,org.apache.dubbo.common.URLTest#testHashcode,org.apache.dubbo.common.URLTest#testHashcode,SUCCESS,SUCCESS,TIMEOUT,,,,,DELAYLOCS_TIMEOUT,1821.37,/home/a360/research/flaky-test-detection-results/FlakeSyncResults/artifacts/dubbo/org.apache.dubbo.common.URLTest_testHashcode
dubbo,https://github.com/apache/dubbo,3720471e56717b7e3494a7352aa437ef95507fe1,dubbo-common,nondex,org.apache.dubbo.common.bytecode.WrapperTest#testWrapImplClass,org.apache.dubbo.common.bytecode.WrapperTest#testWrapImplClass,SUCCESS,SUCCESS,SUCCESS,SUCCESS,SUCCESS,FAILED,,BARRIERPOINTSEARCH_FAILED,68.37,/home/a360/research/flaky-test-detection-results/FlakeSyncResults/artifacts/dubbo/org.apache.dubbo.common.bytecode.WrapperTest_testWrapImplClass
dubbo,https://github.com/apache/dubbo,3720471e56717b7e3494a7352aa437ef95507fe1,dubbo-common,nondex,org.apache.dubbo.common.utils.JsonUtilsTest#consistentTest,org.apache.dubbo.common.utils.JsonUtilsTest#consistentTest,SUCCESS,SUCCESS,SUCCESS,SUCCESS,SUCCESS,FAILED,,BARRIERPOINTSEARCH_FAILED,66.56,/home/a360/research/flaky-test-detection-results/FlakeSyncResults/artifacts/dubbo/org.apache.dubbo.common.utils.JsonUtilsTest_consistentTest
dubbo,https://github.com/apache/dubbo,3720471e56717b7e3494a7352aa437ef95507fe1,dubbo-common,nondex,org.apache.dubbo.config.context.ConfigManagerTest#testGetConfigByIdOrName,org.apache.dubbo.config.context.ConfigManagerTest#testGetConfigByIdOrName,SUCCESS,SUCCESS,TIMEOUT,,,,,DELAYLOCS_TIMEOUT,1820.32,/home/a360/research/flaky-test-detection-results/FlakeSyncResults/artifacts/dubbo/org.apache.dubbo.config.context.ConfigManagerTest_testGetConfigByIdOrName
dubbo,https://github.com/apache/dubbo,3720471e56717b7e3494a7352aa437ef95507fe1,dubbo-common,nondex,org.apache.dubbo.metadata.definition.ServiceDefinitionBuilderTest#testBuilderComplexObject,org.apache.dubbo.metadata.definition.ServiceDefinitionBuilderTest#testBuilderComplexObject,SUCCESS,SUCCESS,TIMEOUT,,,,,DELAYLOCS_TIMEOUT,1822.88,/home/a360/research/flaky-test-detection-results/FlakeSyncResults/artifacts/dubbo/org.apache.dubbo.metadata.definition.ServiceDefinitionBuilderTest_testBuilderComplexObject
emobility-smart-charging,https://github.com/SAP/emobility-smart-charging,53c97ae60625a3e89a130213551840e455b74ae6,.,nondex,com.sap.charging.model.FuseTreeTest#testToJSON,com.sap.charging.model.FuseTreeTest#testToJSON,SUCCESS,SUCCESS,SUCCESS,SUCCESS,SUCCESS,FAILED,,BARRIERPOINTSEARCH_FAILED,32.47,/home/a360/research/flaky-test-detection-results/FlakeSyncResults/artifacts/emobility-smart-charging/com.sap.charging.model.FuseTreeTest_testToJSON
esper,https://github.com/espertechinc/esper,590fa9c9eb854f1420b9d337b802aca19f963cc0,examples/rfidassetzone,nondex,com.espertech.esper.example.rfidassetzone.TestLRMovingSimMain#testSim,com.espertech.esper.example.rfidassetzone.TestLRMovingSimMain#testSim,SUCCESS,SUCCESS,SUCCESS,SUCCESS,SUCCESS,SUCCESS,SUCCESS,PIPELINE_COMPLETED,57.83,/home/a360/research/flaky-test-detection-results/FlakeSyncResults/artifacts/esper/com.espertech.esper.example.rfidassetzone.TestLRMovingSimMain_testSim
flink,https://github.com/apache/flink,23c9b5ac50d04d28a34a87c78eb2d3331c06b74b,flink-libraries/flink-cep,nondex,org.apache.flink.cep.nfa.NFATest#testNFASerialization,org.apache.flink.cep.nfa.NFATest#testNFASerialization,SUCCESS,SUCCESS,SUCCESS,SUCCESS,SUCCESS,FAILED,,BARRIERPOINTSEARCH_FAILED,837.56,/home/a360/research/flaky-test-detection-results/FlakeSyncResults/artifacts/flink/org.apache.flink.cep.nfa.NFATest_testNFASerialization
flink,https://github.com/apache/flink,23c9b5ac50d04d28a34a87c78eb2d3331c06b74b,flink-libraries/flink-cep,nondex,org.apache.flink.cep.nfa.NFATest#testSimpleNFA,org.apache.flink.cep.nfa.NFATest#testSimpleNFA,SUCCESS,SUCCESS,SUCCESS,SUCCESS,SUCCESS,FAILED,,BARRIERPOINTSEARCH_FAILED,872.59,/results/artifacts/flink/org.apache.flink.cep.nfa.NFATest_testSimpleNFA
flink,https://github.com/apache/flink,23c9b5ac50d04d28a34a87c78eb2d3331c06b74b,flink-libraries/flink-cep,nondex,org.apache.flink.cep.operator.CEPOperatorTest#testCEPOperatorComparatorProcessTime,org.apache.flink.cep.operator.CEPOperatorTest#testCEPOperatorComparatorProcessTime,SUCCESS,SUCCESS,TIMEOUT,,,,,DELAYLOCS_TIMEOUT,2196.97,/results/artifacts/flink/org.apache.flink.cep.operator.CEPOperatorTest_testCEPOperatorComparatorProcessTime
gora,https://github.com/apache/gora,6c6b06c916b969352a6757ba7025cc78055fa87a,gora-ignite,nondex,org.apache.gora.ignite.store.TestIgniteStore#testAutoCreateSchema,org.apache.gora.ignite.store.TestIgniteStore#testAutoCreateSchema,SUCCESS,SUCCESS,SUCCESS,SUCCESS,SUCCESS,FAILED,,BARRIERPOINTSEARCH_FAILED,305.66,/results/artifacts/gora/org.apache.gora.ignite.store.TestIgniteStore_testAutoCreateSchema
gora,https://github.com/apache/gora,6c6b06c916b969352a6757ba7025cc78055fa87a,gora-ignite,nondex,org.apache.gora.ignite.store.TestIgniteStore#testDeleteByQuery,org.apache.gora.ignite.store.TestIgniteStore#testDeleteByQuery,SUCCESS,SUCCESS,SUCCESS,SUCCESS,SUCCESS,FAILED,,BARRIERPOINTSEARCH_FAILED,251.72,/results/artifacts/gora/org.apache.gora.ignite.store.TestIgniteStore_testDeleteByQuery
gora,https://github.com/apache/gora,6c6b06c916b969352a6757ba7025cc78055fa87a,gora-ignite,nondex,org.apache.gora.ignite.store.TestIgniteStore#testGet,org.apache.gora.ignite.store.TestIgniteStore#testGet,SUCCESS,SUCCESS,SUCCESS,SUCCESS,SUCCESS,FAILED,,BARRIERPOINTSEARCH_FAILED,224.93,/results/artifacts/gora/org.apache.gora.ignite.store.TestIgniteStore_testGet
gora,https://github.com/apache/gora,6c6b06c916b969352a6757ba7025cc78055fa87a,gora-ignite,nondex,org.apache.gora.ignite.store.TestIgniteStore#testGetNested,org.apache.gora.ignite.store.TestIgniteStore#testGetNested,SUCCESS,SUCCESS,SUCCESS,SUCCESS,SUCCESS,FAILED,,BARRIERPOINTSEARCH_FAILED,220.99,/results/artifacts/gora/org.apache.gora.ignite.store.TestIgniteStore_testGetNested
gora,https://github.com/apache/gora,6c6b06c916b969352a6757ba7025cc78055fa87a,gora-ignite,nondex,org.apache.gora.ignite.store.TestIgniteStore#testGetWebPage,org.apache.gora.ignite.store.TestIgniteStore#testGetWebPage,SUCCESS,SUCCESS,SUCCESS,SUCCESS,SUCCESS,FAILED,,BARRIERPOINTSEARCH_FAILED,224.84,/results/artifacts/gora/org.apache.gora.ignite.store.TestIgniteStore_testGetWebPage
gora,https://github.com/apache/gora,6c6b06c916b969352a6757ba7025cc78055fa87a,gora-ignite,nondex,org.apache.gora.ignite.store.TestIgniteStore#testObjectFieldValue,org.apache.gora.ignite.store.TestIgniteStore#testObjectFieldValue,SUCCESS,SUCCESS,SUCCESS,SUCCESS,SUCCESS,FAILED,,BARRIERPOINTSEARCH_FAILED,229.02,/results/artifacts/gora/org.apache.gora.ignite.store.TestIgniteStore_testObjectFieldValue
gora,https://github.com/apache/gora,6c6b06c916b969352a6757ba7025cc78055fa87a,gora-ignite,nondex,org.apache.gora.ignite.store.TestIgniteStore#testPutMap,org.apache.gora.ignite.store.TestIgniteStore#testPutMap,SUCCESS,SUCCESS,SUCCESS,SUCCESS,SUCCESS,FAILED,,BARRIERPOINTSEARCH_FAILED,222.78,/results/artifacts/gora/org.apache.gora.ignite.store.TestIgniteStore_testPutMap
gora,https://github.com/apache/gora,6c6b06c916b969352a6757ba7025cc78055fa87a,gora-ignite,nondex,org.apache.gora.ignite.store.TestIgniteStore#testQuery,org.apache.gora.ignite.store.TestIgniteStore#testQuery,SUCCESS,SUCCESS,SUCCESS,SUCCESS,SUCCESS,FAILED,,BARRIERPOINTSEARCH_FAILED,237.56,/results/artifacts/gora/org.apache.gora.ignite.store.TestIgniteStore_testQuery
gora,https://github.com/apache/gora,6c6b06c916b969352a6757ba7025cc78055fa87a,gora-ignite,nondex,org.apache.gora.ignite.store.TestIgniteStore#testQueryStartKey,org.apache.gora.ignite.store.TestIgniteStore#testQueryStartKey,FAILED,,,,,,,BASELINE_FAILED,35.61,
gora,https://github.com/apache/gora,6c6b06c916b969352a6757ba7025cc78055fa87a,gora-ignite,nondex,org.apache.gora.ignite.store.TestIgniteStore#testUpdate,org.apache.gora.ignite.store.TestIgniteStore#testUpdate,FAILED,,,,,,,BASELINE_FAILED,33.84,
gson,https://github.com/google/gson,e685705b2bf3ae174958612a185bd231c0e0c5d9,gson,nondex,com.google.gson.functional.CollectionTest#testCollectionOfBagOfPrimitivesSerialization,com.google.gson.functional.CollectionTest#testCollectionOfBagOfPrimitivesSerialization,SUCCESS,SUCCESS,SUCCESS,SUCCESS,SUCCESS,FAILED,,BARRIERPOINTSEARCH_FAILED,101.03,/results/artifacts/gson/com.google.gson.functional.CollectionTest_testCollectionOfBagOfPrimitivesSerialization
gson,https://github.com/google/gson,e685705b2bf3ae174958612a185bd231c0e0c5d9,gson,nondex,com.google.gson.functional.CollectionTest#testWildcardCollectionField,com.google.gson.functional.CollectionTest#testWildcardCollectionField,SUCCESS,SUCCESS,SUCCESS,SUCCESS,SUCCESS,FAILED,,BARRIERPOINTSEARCH_FAILED,48.24,/results/artifacts/gson/com.google.gson.functional.CollectionTest_testWildcardCollectionField
gson,https://github.com/google/gson,e685705b2bf3ae174958612a185bd231c0e0c5d9,gson,nondex,com.google.gson.functional.ExposeFieldsTest#testExposeAnnotationSerialization,com.google.gson.functional.ExposeFieldsTest#testExposeAnnotationSerialization,SUCCESS,SUCCESS,SUCCESS,SUCCESS,SUCCESS,FAILED,,BARRIERPOINTSEARCH_FAILED,49.55,/results/artifacts/gson/com.google.gson.functional.ExposeFieldsTest_testExposeAnnotationSerialization
gson,https://github.com/google/gson,e685705b2bf3ae174958612a185bd231c0e0c5d9,gson,nondex,com.google.gson.functional.FieldNamingTest#testLowerCaseWithUnderscores,com.google.gson.functional.FieldNamingTest#testLowerCaseWithUnderscores,SUCCESS,SUCCESS,SUCCESS,SUCCESS,SUCCESS,FAILED,,BARRIERPOINTSEARCH_FAILED,48.32,/results/artifacts/gson/com.google.gson.functional.FieldNamingTest_testLowerCaseWithUnderscores
gson,https://github.com/google/gson,e685705b2bf3ae174958612a185bd231c0e0c5d9,gson,nondex,com.google.gson.functional.FieldNamingTest#testUpperCaseWithUnderscores,com.google.gson.functional.FieldNamingTest#testUpperCaseWithUnderscores,SUCCESS,SUCCESS,SUCCESS,SUCCESS,SUCCESS,FAILED,,BARRIERPOINTSEARCH_FAILED,47.83,/results/artifacts/gson/com.google.gson.functional.FieldNamingTest_testUpperCaseWithUnderscores
gson,https://github.com/google/gson,e685705b2bf3ae174958612a185bd231c0e0c5d9,gson,nondex,com.google.gson.functional.JsonAdapterAnnotationOnFieldsTest#testExcludeDeserializePrecedence,com.google.gson.functional.JsonAdapterAnnotationOnFieldsTest#testExcludeDeserializePrecedence,SUCCESS,SUCCESS,SUCCESS,SUCCESS,SUCCESS,FAILED,,BARRIERPOINTSEARCH_FAILED,48.78,/results/artifacts/gson/com.google.gson.functional.JsonAdapterAnnotationOnFieldsTest_testExcludeDeserializePrecedence
gson,https://github.com/google/gson,e685705b2bf3ae174958612a185bd231c0e0c5d9,gson,nondex,com.google.gson.functional.MapAsArrayTypeAdapterTest#testMapWithTypeVariableSerialization,com.google.gson.functional.MapAsArrayTypeAdapterTest#testMapWithTypeVariableSerialization,SUCCESS,SUCCESS,SUCCESS,SUCCESS,SUCCESS,FAILED,,BARRIERPOINTSEARCH_FAILED,49.75,/results/artifacts/gson/com.google.gson.functional.MapAsArrayTypeAdapterTest_testMapWithTypeVariableSerialization
gson,https://github.com/google/gson,e685705b2bf3ae174958612a185bd231c0e0c5d9,gson,nondex,com.google.gson.functional.MapTest#testInterfaceTypeMap,com.google.gson.functional.MapTest#testInterfaceTypeMap,SUCCESS,SUCCESS,SUCCESS,SUCCESS,SUCCESS,FAILED,,BARRIERPOINTSEARCH_FAILED,55.03,/results/artifacts/gson/com.google.gson.functional.MapTest_testInterfaceTypeMap
gson,https://github.com/google/gson,e685705b2bf3ae174958612a185bd231c0e0c5d9,gson,nondex,com.google.gson.functional.ObjectTest#testArrayOfArraysSerialization,com.google.gson.functional.ObjectTest#testArrayOfArraysSerialization,SUCCESS,SUCCESS,SUCCESS,SUCCESS,SUCCESS,FAILED,,BARRIERPOINTSEARCH_FAILED,57.25,/results/artifacts/gson/com.google.gson.functional.ObjectTest_testArrayOfArraysSerialization
gson,https://github.com/google/gson,e685705b2bf3ae174958612a185bd231c0e0c5d9,gson,nondex,com.google.gson.functional.ObjectTest#testBagOfPrimitivesSerialization,com.google.gson.functional.ObjectTest#testBagOfPrimitivesSerialization,SUCCESS,SUCCESS,SUCCESS,SUCCESS,SUCCESS,FAILED,,BARRIERPOINTSEARCH_FAILED,52.71,/results/artifacts/gson/com.google.gson.functional.ObjectTest_testBagOfPrimitivesSerialization
gson,https://github.com/google/gson,e685705b2bf3ae174958612a185bd231c0e0c5d9,gson,nondex,com.google.gson.functional.ObjectTest#testSingletonLists,com.google.gson.functional.ObjectTest#testSingletonLists,SUCCESS,SUCCESS,SUCCESS,SUCCESS,SUCCESS,FAILED,,BARRIERPOINTSEARCH_FAILED,66.35,/results/artifacts/gson/com.google.gson.functional.ObjectTest_testSingletonLists
gson,https://github.com/google/gson,e685705b2bf3ae174958612a185bd231c0e0c5d9,gson,nondex,com.google.gson.functional.ParameterizedTypesTest#testVariableTypeFieldsAndGenericArraysSerialization,com.google.gson.functional.ParameterizedTypesTest#testVariableTypeFieldsAndGenericArraysSerialization,SUCCESS,SUCCESS,SUCCESS,SUCCESS,SUCCESS,FAILED,,BARRIERPOINTSEARCH_FAILED,63.39,/results/artifacts/gson/com.google.gson.functional.ParameterizedTypesTest_testVariableTypeFieldsAndGenericArraysSerialization
gson,https://github.com/google/gson,e685705b2bf3ae174958612a185bd231c0e0c5d9,gson,nondex,com.google.gson.functional.SerializedNameTest#testFirstNameIsChosenForSerialization,com.google.gson.functional.SerializedNameTest#testFirstNameIsChosenForSerialization,SUCCESS,SUCCESS,SUCCESS,SUCCESS,SUCCESS,FAILED,,BARRIERPOINTSEARCH_FAILED,62.68,/results/artifacts/gson/com.google.gson.functional.SerializedNameTest_testFirstNameIsChosenForSerialization
gson,https://github.com/google/gson,e685705b2bf3ae174958612a185bd231c0e0c5d9,gson,nondex,com.google.gson.functional.StreamingTypeAdaptersTest#testSerializeNullField,com.google.gson.functional.StreamingTypeAdaptersTest#testSerializeNullField,SUCCESS,SUCCESS,SUCCESS,SUCCESS,SUCCESS,FAILED,,BARRIERPOINTSEARCH_FAILED,55.22,/results/artifacts/gson/com.google.gson.functional.StreamingTypeAdaptersTest_testSerializeNullField
gson,https://github.com/google/gson,e685705b2bf3ae174958612a185bd231c0e0c5d9,gson,nondex,com.google.gson.functional.StreamingTypeAdaptersTest#testSerializeWithCustomTypeAdapter,com.google.gson.functional.StreamingTypeAdaptersTest#testSerializeWithCustomTypeAdapter,SUCCESS,SUCCESS,SUCCESS,SUCCESS,SUCCESS,FAILED,,BARRIERPOINTSEARCH_FAILED,49.5,/results/artifacts/gson/com.google.gson.functional.StreamingTypeAdaptersTest_testSerializeWithCustomTypeAdapter
gson,https://github.com/google/gson,e685705b2bf3ae174958612a185bd231c0e0c5d9,gson,nondex,com.google.gson.functional.VersioningTest#testVersionedGsonWithUnversionedClassesSerialization,com.google.gson.functional.VersioningTest#testVersionedGsonWithUnversionedClassesSerialization,SUCCESS,SUCCESS,SUCCESS,SUCCESS,SUCCESS,FAILED,,BARRIERPOINTSEARCH_FAILED,49.06,/results/artifacts/gson/com.google.gson.functional.VersioningTest_testVersionedGsonWithUnversionedClassesSerialization
hop,https://github.com/apache/hop,be70e6fa1d4bf180c2766edc4c21d10fc215118b,core,nondex,org.apache.hop.core.svg.HopSvgGraphics2DTest#testNewDocumentSimpleXml,org.apache.hop.core.svg.HopSvgGraphics2DTest#testNewDocumentSimpleXml,SUCCESS,SUCCESS,SUCCESS,SUCCESS,SUCCESS,FAILED,,BARRIERPOINTSEARCH_FAILED,113.62,/results/artifacts/hop/org.apache.hop.core.svg.HopSvgGraphics2DTest_testNewDocumentSimpleXml
incubator-shenyu,https://github.com/apache/incubator-shenyu,3777209fc76800175df3962213ca1febe57edca6,shenyu-common,nondex,org.apache.shenyu.common.utils.JsonUtilsTest#toJson,org.apache.shenyu.common.utils.JsonUtilsTest#toJson,SUCCESS,SUCCESS,SUCCESS,SUCCESS,SUCCESS,FAILED,,BARRIERPOINTSEARCH_FAILED,117.87,/results/artifacts/incubator-shenyu/org.apache.shenyu.common.utils.JsonUtilsTest_toJson
innodb-java-reader,https://github.com/alibaba/innodb-java-reader,24a95d8005d480d460c3004fad89cfa295b9cbb4,innodb-java-reader,nondex,com.alibaba.innodb.java.reader.sk.SimpleSkTableReaderTest#testQueryAllIteratorMysql80,com.alibaba.innodb.java.reader.sk.SimpleSkTableReaderTest#testQueryAllIteratorMysql80,SUCCESS,SUCCESS,SUCCESS,SUCCESS,SUCCESS,FAILED,,BARRIERPOINTSEARCH_FAILED,134.99,/results/artifacts/innodb-java-reader/com.alibaba.innodb.java.reader.sk.SimpleSkTableReaderTest_testQueryAllIteratorMysql80
innodb-java-reader,https://github.com/alibaba/innodb-java-reader,24a95d8005d480d460c3004fad89cfa295b9cbb4,innodb-java-reader,nondex,com.alibaba.innodb.java.reader.sk.SimpleSkTableReaderTest#testQueryBySkAddress80,com.alibaba.innodb.java.reader.sk.SimpleSkTableReaderTest#testQueryBySkAddress80,SUCCESS,SUCCESS,SUCCESS,SUCCESS,SUCCESS,FAILED,,BARRIERPOINTSEARCH_FAILED,113.18,/results/artifacts/innodb-java-reader/com.alibaba.innodb.java.reader.sk.SimpleSkTableReaderTest_testQueryBySkAddress80
innodb-java-reader,https://github.com/alibaba/innodb-java-reader,24a95d8005d480d460c3004fad89cfa295b9cbb4,innodb-java-reader,nondex,com.alibaba.innodb.java.reader.sk.SimpleSkTableReaderTest#testQueryBySkAddressProjectionMysql80,com.alibaba.innodb.java.reader.sk.SimpleSkTableReaderTest#testQueryBySkAddressProjectionMysql80,SUCCESS,SUCCESS,SUCCESS,SUCCESS,SUCCESS,FAILED,,BARRIERPOINTSEARCH_FAILED,116.2,/results/artifacts/innodb-java-reader/com.alibaba.innodb.java.reader.sk.SimpleSkTableReaderTest_testQueryBySkAddressProjectionMysql80
innodb-java-reader,https://github.com/alibaba/innodb-java-reader,24a95d8005d480d460c3004fad89cfa295b9cbb4,innodb-java-reader,nondex,com.alibaba.innodb.java.reader.sk.SimpleSkTableReaderTest#testQueryBySkAgeDescMysql80,com.alibaba.innodb.java.reader.sk.SimpleSkTableReaderTest#testQueryBySkAgeDescMysql80,SUCCESS,SUCCESS,SUCCESS,SUCCESS,SUCCESS,FAILED,,BARRIERPOINTSEARCH_FAILED,114.22,/results/artifacts/innodb-java-reader/com.alibaba.innodb.java.reader.sk.SimpleSkTableReaderTest_testQueryBySkAgeDescMysql80
innodb-java-reader,https://github.com/alibaba/innodb-java-reader,24a95d8005d480d460c3004fad89cfa295b9cbb4,innodb-java-reader,nondex,com.alibaba.innodb.java.reader.sk.SimpleSkTableReaderTest#testQueryBySkAgeMysql80,com.alibaba.innodb.java.reader.sk.SimpleSkTableReaderTest#testQueryBySkAgeMysql80,SUCCESS,SUCCESS,SUCCESS,SUCCESS,SUCCESS,FAILED,,BARRIERPOINTSEARCH_FAILED,115.84,/results/artifacts/innodb-java-reader/com.alibaba.innodb.java.reader.sk.SimpleSkTableReaderTest_testQueryBySkAgeMysql80
innodb-java-reader,https://github.com/alibaba/innodb-java-reader,24a95d8005d480d460c3004fad89cfa295b9cbb4,innodb-java-reader,nondex,com.alibaba.innodb.java.reader.sk.SimpleSkTableReaderTest#testQueryBySkAgeProjectionDescMysql80,com.alibaba.innodb.java.reader.sk.SimpleSkTableReaderTest#testQueryBySkAgeProjectionDescMysql80,SUCCESS,SUCCESS,SUCCESS,SUCCESS,SUCCESS,FAILED,,BARRIERPOINTSEARCH_FAILED,114.81,/results/artifacts/innodb-java-reader/com.alibaba.innodb.java.reader.sk.SimpleSkTableReaderTest_testQueryBySkAgeProjectionDescMysql80
innodb-java-reader,https://github.com/alibaba/innodb-java-reader,24a95d8005d480d460c3004fad89cfa295b9cbb4,innodb-java-reader,nondex,com.alibaba.innodb.java.reader.sk.SimpleSkTableReaderTest#testQueryBySkAgeProjectionMysql80,com.alibaba.innodb.java.reader.sk.SimpleSkTableReaderTest#testQueryBySkAgeProjectionMysql80,SUCCESS,SUCCESS,SUCCESS,SUCCESS,SUCCESS,FAILED,,BARRIERPOINTSEARCH_FAILED,113.86,/results/artifacts/innodb-java-reader/com.alibaba.innodb.java.reader.sk.SimpleSkTableReaderTest_testQueryBySkAgeProjectionMysql80
innodb-java-reader,https://github.com/alibaba/innodb-java-reader,24a95d8005d480d460c3004fad89cfa295b9cbb4,innodb-java-reader,nondex,com.alibaba.innodb.java.reader.sk.SimpleSkTableReaderTest#testQueryBySkAgeSalaryMysql80,com.alibaba.innodb.java.reader.sk.SimpleSkTableReaderTest#testQueryBySkAgeSalaryMysql80,SUCCESS,SUCCESS,SUCCESS,SUCCESS,SUCCESS,FAILED,,BARRIERPOINTSEARCH_FAILED,114.95,/results/artifacts/innodb-java-reader/com.alibaba.innodb.java.reader.sk.SimpleSkTableReaderTest_testQueryBySkAgeSalaryMysql80
innodb-java-reader,https://github.com/alibaba/innodb-java-reader,24a95d8005d480d460c3004fad89cfa295b9cbb4,innodb-java-reader,nondex,com.alibaba.innodb.java.reader.sk.SimpleSkTableReaderTest#testQueryBySkCityMysql80,com.alibaba.innodb.java.reader.sk.SimpleSkTableReaderTest#testQueryBySkCityMysql80,SUCCESS,SUCCESS,SUCCESS,SUCCESS,SUCCESS,FAILED,,BARRIERPOINTSEARCH_FAILED,113.13,/results/artifacts/innodb-java-reader/com.alibaba.innodb.java.reader.sk.SimpleSkTableReaderTest_testQueryBySkCityMysql80
innodb-java-reader,https://github.com/alibaba/innodb-java-reader,24a95d8005d480d460c3004fad89cfa295b9cbb4,innodb-java-reader,nondex,com.alibaba.innodb.java.reader.sk.SimpleSkTableReaderTest#testQueryBySkDeptnoLevelNameMysql80,com.alibaba.innodb.java.reader.sk.SimpleSkTableReaderTest#testQueryBySkDeptnoLevelNameMysql80,SUCCESS,SUCCESS,SUCCESS,SUCCESS,SUCCESS,FAILED,,BARRIERPOINTSEARCH_FAILED,114.1,/results/artifacts/innodb-java-reader/com.alibaba.innodb.java.reader.sk.SimpleSkTableReaderTest_testQueryBySkDeptnoLevelNameMysql80
innodb-java-reader,https://github.com/alibaba/innodb-java-reader,24a95d8005d480d460c3004fad89cfa295b9cbb4,innodb-java-reader,nondex,com.alibaba.innodb.java.reader.sk.SimpleSkTableReaderTest#testQueryBySkEmailProjectionMysql80,com.alibaba.innodb.java.reader.sk.SimpleSkTableReaderTest#testQueryBySkEmailProjectionMysql80,SUCCESS,SUCCESS,SUCCESS,SUCCESS,SUCCESS,FAILED,,BARRIERPOINTSEARCH_FAILED,118.38,/results/artifacts/innodb-java-reader/com.alibaba.innodb.java.reader.sk.SimpleSkTableReaderTest_testQueryBySkEmailProjectionMysql80
innodb-java-reader,https://github.com/alibaba/innodb-java-reader,24a95d8005d480d460c3004fad89cfa295b9cbb4,innodb-java-reader,nondex,com.alibaba.innodb.java.reader.sk.SimpleSkTableReaderTest#testQueryBySkJoinDateMysql80,com.alibaba.innodb.java.reader.sk.SimpleSkTableReaderTest#testQueryBySkJoinDateMysql80,SUCCESS,SUCCESS,SUCCESS,SUCCESS,SUCCESS,FAILED,,BARRIERPOINTSEARCH_FAILED,208.37,/results/artifacts/innodb-java-reader/com.alibaba.innodb.java.reader.sk.SimpleSkTableReaderTest_testQueryBySkJoinDateMysql80
innodb-java-reader,https://github.com/alibaba/innodb-java-reader,24a95d8005d480d460c3004fad89cfa295b9cbb4,innodb-java-reader,nondex,com.alibaba.innodb.java.reader.sk.SimpleSkTableReaderTest#testQueryBySkLevel80,com.alibaba.innodb.java.reader.sk.SimpleSkTableReaderTest#testQueryBySkLevel80,SUCCESS,SUCCESS,SUCCESS,SUCCESS,SUCCESS,FAILED,,BARRIERPOINTSEARCH_FAILED,114.63,/results/artifacts/innodb-java-reader/com.alibaba.innodb.java.reader.sk.SimpleSkTableReaderTest_testQueryBySkLevel80
innodb-java-reader,https://github.com/alibaba/innodb-java-reader,24a95d8005d480d460c3004fad89cfa295b9cbb4,innodb-java-reader,nondex,com.alibaba.innodb.java.reader.sk.SimpleSkTableReaderTest#testQueryBySkNameMysql80,com.alibaba.innodb.java.reader.sk.SimpleSkTableReaderTest#testQueryBySkNameMysql80,SUCCESS,SUCCESS,SUCCESS,SUCCESS,SUCCESS,FAILED,,BARRIERPOINTSEARCH_FAILED,120.45,/results/artifacts/innodb-java-reader/com.alibaba.innodb.java.reader.sk.SimpleSkTableReaderTest_testQueryBySkNameMysql80
innodb-java-reader,https://github.com/alibaba/innodb-java-reader,24a95d8005d480d460c3004fad89cfa295b9cbb4,innodb-java-reader,nondex,com.alibaba.innodb.java.reader.sk.SimpleSkTableReaderTest#testQueryBySkPutOrdinal80,com.alibaba.innodb.java.reader.sk.SimpleSkTableReaderTest#testQueryBySkPutOrdinal80,SUCCESS,SUCCESS,SUCCESS,SUCCESS,SUCCESS,FAILED,,BARRIERPOINTSEARCH_FAILED,115.0,/results/artifacts/innodb-java-reader/com.alibaba.innodb.java.reader.sk.SimpleSkTableReaderTest_testQueryBySkPutOrdinal80
iotdb,https://github.com/apache/iotdb,25a98ee165131047cda93dc92203db2ab9aecbc8,tsfile,nondex,org.apache.iotdb.tsfile.read.controller.IMetadataQuerierByFileImplTest#testConvert1,org.apache.iotdb.tsfile.read.controller.IMetadataQuerierByFileImplTest#testConvert1,SUCCESS,SUCCESS,SUCCESS,SUCCESS,SUCCESS,FAILED,,BARRIERPOINTSEARCH_FAILED,235.06,/results/artifacts/iotdb/org.apache.iotdb.tsfile.read.controller.IMetadataQuerierByFileImplTest_testConvert1
iotdb,https://github.com/apache/iotdb,25a98ee165131047cda93dc92203db2ab9aecbc8,tsfile,nondex,org.apache.iotdb.tsfile.write.schema.converter.SchemaBuilderTest#testJsonConverter3,org.apache.iotdb.tsfile.write.schema.converter.SchemaBuilderTest#testJsonConverter3,SUCCESS,SUCCESS,SUCCESS,SUCCESS,SUCCESS,FAILED,,BARRIERPOINTSEARCH_FAILED,154.18,/results/artifacts/iotdb/org.apache.iotdb.tsfile.write.schema.converter.SchemaBuilderTest_testJsonConverter3
json-schema,https://github.com/everit-org/json-schema,81f0b2f5381cf964a49570a5f80bc78e12b5982b,core,nondex,org.everit.json.schema.ObjectSchemaTest#multipleSchemaDepViolation,org.everit.json.schema.ObjectSchemaTest#multipleSchemaDepViolation,SUCCESS,SUCCESS,SUCCESS,SUCCESS,SUCCESS,FAILED,,BARRIERPOINTSEARCH_FAILED,107.32,/results/artifacts/json-schema/org.everit.json.schema.ObjectSchemaTest_multipleSchemaDepViolation
junit4,https://github.com/junit-team/junit4,7167b23b3ba7dd79410f6e9db350d16cbe30617b,.,nondex,junit.framework.TestSuite$1#warning,junit.framework.TestSuite$1#warning,FAILED,,,,,,,BASELINE_FAILED,39.45,
junit4,https://github.com/junit-team/junit4,7167b23b3ba7dd79410f6e9db350d16cbe30617b,.,nondex,junit.samples.SimpleTest#testEquals,junit.samples.SimpleTest#testEquals,FAILED,,,,,,,BASELINE_FAILED,21.51,
junit4,https://github.com/junit-team/junit4,7167b23b3ba7dd79410f6e9db350d16cbe30617b,.,nondex,org.junit.internal.runners.statements.FailOnTimeoutTest#noExceptionIsThrownWhenWrappedStatementFinishesBeforeTimeoutWithoutThrowingException,org.junit.internal.runners.statements.FailOnTimeoutTest#noExceptionIsThrownWhenWrappedStatementFinishesBeforeTimeoutWithoutThrowingException,FAILED,,,,,,,BASELINE_FAILED,19.8,
junit4,https://github.com/junit-team/junit4,7167b23b3ba7dd79410f6e9db350d16cbe30617b,.,nondex,org.junit.internal.runners.statements.FailOnTimeoutTest#stackTraceContainsRealCauseOfTimeout,org.junit.internal.runners.statements.FailOnTimeoutTest#stackTraceContainsRealCauseOfTimeout,FAILED,,,,,,,BASELINE_FAILED,20.39,
junit4,https://github.com/junit-team/junit4,7167b23b3ba7dd79410f6e9db350d16cbe30617b,.,nondex,org.junit.internal.runners.statements.FailOnTimeoutTest#throwTimeoutExceptionOnSecondCallAlthoughFirstCallThrowsException,org.junit.internal.runners.statements.FailOnTimeoutTest#throwTimeoutExceptionOnSecondCallAlthoughFirstCallThrowsException,FAILED,,,,,,,BASELINE_FAILED,20.92,
junit4,https://github.com/junit-team/junit4,7167b23b3ba7dd79410f6e9db350d16cbe30617b,.,nondex,org.junit.samples.SimpleTest#divideByZero,org.junit.samples.SimpleTest#divideByZero,FAILED,,,,,,,BASELINE_FAILED,22.01,
junit4,https://github.com/junit-team/junit4,7167b23b3ba7dd79410f6e9db350d16cbe30617b,.,nondex,org.junit.tests.running.classes.parent.TestWithClassRule#org,org.junit.tests.running.classes.parent.TestWithClassRule#org,FAILED,,,,,,,BASELINE_FAILED,23.12,
kryo,https://github.com/EsotericSoftware/kryo,c6d199b1e3622dd323d0641260c4e31cec439636,main,nondex,com.esotericsoftware.kryo.serializers.DefaultSerializersTest#testPriorityQueue,com.esotericsoftware.kryo.serializers.DefaultSerializersTest#testPriorityQueue,SUCCESS,SUCCESS,SUCCESS,SUCCESS,SUCCESS,FAILED,,BARRIERPOINTSEARCH_FAILED,137.02,/results/artifacts/kryo/com.esotericsoftware.kryo.serializers.DefaultSerializersTest_testPriorityQueue
kubernetes-client,https://github.com/fabric8io/kubernetes-client,56a6c2c4f336cc6f64c19029a55c2d3d0289344f,junit/mockwebserver,nondex,io.fabric8.mockwebserver.DefaultMockServerCrudTest#get,io.fabric8.mockwebserver.DefaultMockServerCrudTest#get,SUCCESS,SUCCESS,SUCCESS,SUCCESS,SUCCESS,FAILED,,BARRIERPOINTSEARCH_FAILED,112.17,/results/artifacts/kubernetes-client/io.fabric8.mockwebserver.DefaultMockServerCrudTest_get
kubernetes-client,https://github.com/fabric8io/kubernetes-client,56a6c2c4f336cc6f64c19029a55c2d3d0289344f,junit/mockwebserver,nondex,io.fabric8.mockwebserver.crud.AttributeSetTest#when,io.fabric8.mockwebserver.crud.AttributeSetTest#when,SUCCESS,SUCCESS,SUCCESS,SUCCESS,SUCCESS,FAILED,,BARRIERPOINTSEARCH_FAILED,74.97,/results/artifacts/kubernetes-client/io.fabric8.mockwebserver.crud.AttributeSetTest_when
Mapper,https://github.com/abel533/Mapper,1764748eedb2f320a0d1c43cb4f928c4ccb1f2f5,core,nondex,tk.mybatis.mapper.mapperhelper.FieldHelperTest#testComplex,tk.mybatis.mapper.mapperhelper.FieldHelperTest#testComplex,SUCCESS,SUCCESS,SUCCESS,SUCCESS,SUCCESS,FAILED,,BARRIERPOINTSEARCH_FAILED,52.5,/results/artifacts/Mapper/tk.mybatis.mapper.mapperhelper.FieldHelperTest_testComplex
modelmapper,https://github.com/modelmapper/modelmapper,689f5a36713a1e09edeeb8ecd7a822dbc097d7cd,core,nondex,org.modelmapper.internal.TypeInfoImplTest#shouldProduceMutators,org.modelmapper.internal.TypeInfoImplTest#shouldProduceMutators,SUCCESS,SUCCESS,SUCCESS,SUCCESS,SUCCESS,FAILED,,BARRIERPOINTSEARCH_FAILED,133.09,/results/artifacts/modelmapper/org.modelmapper.internal.TypeInfoImplTest_shouldProduceMutators
morel,https://github.com/hydromatic/morel,b3ce1d8ba7351ba6fb0dceeaf30288451fe5bf7d,.,nondex,net.hydromatic.morel.CalciteTest#testNestedSchema,net.hydromatic.morel.CalciteTest#testNestedSchema,SUCCESS,SUCCESS,SUCCESS,SUCCESS,SUCCESS,FAILED,,BARRIERPOINTSEARCH_FAILED,181.07,/results/artifacts/morel/net.hydromatic.morel.CalciteTest_testNestedSchema
morel,https://github.com/hydromatic/morel,b3ce1d8ba7351ba6fb0dceeaf30288451fe5bf7d,.,nondex,net.hydromatic.morel.ScriptTest#test,net.hydromatic.morel.ScriptTest#test,SUCCESS,SUCCESS,SUCCESS,SUCCESS,SUCCESS,FAILED,,BARRIERPOINTSEARCH_FAILED,2703.74,/results/artifacts/morel/net.hydromatic.morel.ScriptTest_test
mybatis-flex,https://github.com/mybatis-flex/mybatis-flex,d7259955b3e29ba6dcece18201e58c18952e6ce1,mybatis-flex-core,nondex,com.mybatisflex.coretest.LambdaSqlTest#test05,com.mybatisflex.coretest.LambdaSqlTest#test05,FAILED,,,,,,,BASELINE_FAILED,14.12,
nifi,https://github.com/apache/nifi,2bd752d868a8f3e36113b078bb576cf054e945e8,nifi-commons/nifi-record,nondex,org.apache.nifi.serialization.record.TestMapRecord#testAliasConflictingAliasValues,org.apache.nifi.serialization.record.TestMapRecord#testAliasConflictingAliasValues,SUCCESS,SUCCESS,SUCCESS,SUCCESS,SUCCESS,FAILED,,BARRIERPOINTSEARCH_FAILED,172.91,/results/artifacts/nifi/org.apache.nifi.serialization.record.TestMapRecord_testAliasConflictingAliasValues
opennlp,https://github.com/apache/opennlp,8209cd308ee6ff7e61ec0346f1799a32541ed80f,opennlp-tools,nondex,opennlp.tools.ml.naivebayes.NaiveBayesSerializedCorrectnessTest#testPlainTextModel,opennlp.tools.ml.naivebayes.NaiveBayesSerializedCorrectnessTest#testPlainTextModel,SUCCESS,SUCCESS,SUCCESS,SUCCESS,SUCCESS,FAILED,,BARRIERPOINTSEARCH_FAILED,151.21,/results/artifacts/opennlp/opennlp.tools.ml.naivebayes.NaiveBayesSerializedCorrectnessTest_testPlainTextModel
OpenRefine,https://github.com/OpenRefine/OpenRefine,3bff27b868a6a1b695f3855ae0f49e269c5ef7cd,main,nondex,com.google.refine.clustering.binning.BinningClustererTests#testSerializeBinningClusterer,com.google.refine.clustering.binning.BinningClustererTests#testSerializeBinningClusterer,SUCCESS,SUCCESS,SUCCESS,SUCCESS,SUCCESS,FAILED,,BARRIERPOINTSEARCH_FAILED,217.3,/results/artifacts/OpenRefine/com.google.refine.clustering.binning.BinningClustererTests_testSerializeBinningClusterer
OpenRefine,https://github.com/OpenRefine/OpenRefine,3bff27b868a6a1b695f3855ae0f49e269c5ef7cd,main,nondex,com.google.refine.model.recon.StandardReconConfigTests#reconTest,com.google.refine.model.recon.StandardReconConfigTests#reconTest,SUCCESS,SUCCESS,SUCCESS,SUCCESS,SUCCESS,FAILED,,BARRIERPOINTSEARCH_FAILED,101.45,/results/artifacts/OpenRefine/com.google.refine.model.recon.StandardReconConfigTests_reconTest
oryx,https://github.com/OryxProject/oryx,43511f068bb4905769edc00e32f894016e2d0419,framework/oryx-common,nondex,com.cloudera.oryx.common.text.TextUtilsTest#testJSONMap,com.cloudera.oryx.common.text.TextUtilsTest#testJSONMap,SUCCESS,SUCCESS,SUCCESS,SUCCESS,SUCCESS,FAILED,,BARRIERPOINTSEARCH_FAILED,76.67,/results/artifacts/oryx/com.cloudera.oryx.common.text.TextUtilsTest_testJSONMap
pushy,https://github.com/jchambers/pushy,da5f8b97106cd41278b421ec63e4e76a7313bed9,pushy,nondex,com.eatthepath.pushy.apns.ApnsClientTest#testSendNotificationWithPushTypeHeader,com.eatthepath.pushy.apns.ApnsClientTest#testSendNotificationWithPushTypeHeader,SUCCESS,SUCCESS,SUCCESS,TIMEOUT,,,,DELTADEBUG_TIMEOUT,2232.69,/results/artifacts/pushy/com.eatthepath.pushy.apns.ApnsClientTest_testSendNotificationWithPushTypeHeader
pushy,https://github.com/jchambers/pushy,da5f8b97106cd41278b421ec63e4e76a7313bed9,pushy,nondex,com.eatthepath.pushy.apns.server.TokenAuthenticationValidatingPushNotificationHandlerTest#testHandleNotificationWithEmptyPayload,com.eatthepath.pushy.apns.server.TokenAuthenticationValidatingPushNotificationHandlerTest#testHandleNotificationWithEmptyPayload,SUCCESS,SUCCESS,SUCCESS,SUCCESS,SUCCESS,FAILED,,BARRIERPOINTSEARCH_FAILED,57.65,/results/artifacts/pushy/com.eatthepath.pushy.apns.server.TokenAuthenticationValidatingPushNotificationHandlerTest_testHandleNotificationWithEmptyPayload
pushy,https://github.com/jchambers/pushy,da5f8b97106cd41278b421ec63e4e76a7313bed9,pushy,nondex,com.eatthepath.pushy.apns.server.TokenAuthenticationValidatingPushNotificationHandlerTest#testHandleNotificationWithOversizedPayload,com.eatthepath.pushy.apns.server.TokenAuthenticationValidatingPushNotificationHandlerTest#testHandleNotificationWithOversizedPayload,SUCCESS,SUCCESS,SUCCESS,SUCCESS,SUCCESS,FAILED,,BARRIERPOINTSEARCH_FAILED,58.78,/results/artifacts/pushy/com.eatthepath.pushy.apns.server.TokenAuthenticationValidatingPushNotificationHandlerTest_testHandleNotificationWithOversizedPayload
pushy,https://github.com/jchambers/pushy,da5f8b97106cd41278b421ec63e4e76a7313bed9,pushy,nondex,com.eatthepath.pushy.apns.server.TokenAuthenticationValidatingPushNotificationHandlerTest#testHandleNotificationWithWithExpiredAuthenticationToken,com.eatthepath.pushy.apns.server.TokenAuthenticationValidatingPushNotificationHandlerTest#testHandleNotificationWithWithExpiredAuthenticationToken,SUCCESS,SUCCESS,SUCCESS,SUCCESS,SUCCESS,FAILED,,BARRIERPOINTSEARCH_FAILED,59.25,/results/artifacts/pushy/com.eatthepath.pushy.apns.server.TokenAuthenticationValidatingPushNotificationHandlerTest_testHandleNotificationWithWithExpiredAuthenticationToken
skywalking,https://github.com/apache/skywalking,edf0bce37f682c093d1ea5bcca0a6d2d1ecc2cc4,apm-commons/apm-datacarrier,idflakies,org.apache.skywalking.apm.commons.datacarrier.consumer.ConsumerTest.testConsumerMoreThanChannel,org.apache.skywalking.apm.commons.datacarrier.consumer.ConsumerTest#testConsumerMoreThanChannel,SUCCESS,SUCCESS,SUCCESS,SUCCESS,SUCCESS,TIMEOUT,,BARRIERPOINTSEARCH_TIMEOUT,1980.13,/results/artifacts/skywalking/org.apache.skywalking.apm.commons.datacarrier.consumer.ConsumerTest_testConsumerMoreThanChannel
tamper,https://github.com/alibaba/tamper,781c159496991705e273fb8538024dfa687235a5,.,nondex,com.alibaba.tamper.ConfigTest#testFileParse,com.alibaba.tamper.ConfigTest#testFileParse,SUCCESS,SUCCESS,SUCCESS,SUCCESS,SUCCESS,SUCCESS,SUCCESS,PIPELINE_COMPLETED,40.51,/results/artifacts/tamper/com.alibaba.tamper.ConfigTest_testFileParse
TestParameterInjector,https://github.com/google/TestParameterInjector,5d67f8cb66481638bcd117227bd0103c32c84491,junit4,nondex,com.google.testing.junit.testparameterinjector.ParameterValueParsingTest#formatTestNameString_success,com.google.testing.junit.testparameterinjector.ParameterValueParsingTest#formatTestNameString_success,SUCCESS,SUCCESS,SUCCESS,SUCCESS,SUCCESS,SUCCESS,SUCCESS,PIPELINE_COMPLETED,38.78,/results/artifacts/TestParameterInjector/com.google.testing.junit.testparameterinjector.ParameterValueParsingTest_formatTestNameString_success
TestParameterInjector,https://github.com/google/TestParameterInjector,5d67f8cb66481638bcd117227bd0103c32c84491,junit4,nondex,com.google.testing.junit.testparameterinjector.TestParameterTest#test,com.google.testing.junit.testparameterinjector.TestParameterTest#test,SUCCESS,SUCCESS,SUCCESS,SUCCESS,SUCCESS,SUCCESS,SUCCESS,PIPELINE_COMPLETED,28.28,/results/artifacts/TestParameterInjector/com.google.testing.junit.testparameterinjector.TestParameterTest_test
unirest-java,https://github.com/Kong/unirest-java,36e7480d619507b8e96b10645a7ca72c0279832b,unirest,idflakies,BehaviorTests.CookieTest#willManageCookiesByDefault(),BehaviorTests.CookieTest#willManageCookiesByDefault(),SUCCESS,SUCCESS,SUCCESS,SUCCESS,SUCCESS,SUCCESS,SUCCESS,PIPELINE_COMPLETED,87.85,/results/artifacts/unirest-java/BehaviorTests.CookieTest_willManageCookiesByDefault__
flink,https://github.com/apache/flink,23c9b5ac50d04d28a34a87c78eb2d3331c06b74b,flink-libraries/flink-cep,nondex,org.apache.flink.cep.operator.CEPOperatorTest#testCEPOperatorCleanupEventTime,org.apache.flink.cep.operator.CEPOperatorTest#testCEPOperatorCleanupEventTime,SUCCESS,SUCCESS,TIMEOUT,,,,,DELAYLOCS_TIMEOUT,2272.93,/results/artifacts/flink/org.apache.flink.cep.operator.CEPOperatorTest_testCEPOperatorCleanupEventTime
flink,https://github.com/apache/flink,23c9b5ac50d04d28a34a87c78eb2d3331c06b74b,flink-libraries/flink-cep,nondex,org.apache.flink.cep.operator.CEPOperatorTest#testCEPOperatorCleanupProcessingTime,org.apache.flink.cep.operator.CEPOperatorTest#testCEPOperatorCleanupProcessingTime,SUCCESS,SUCCESS,TIMEOUT,,,,,DELAYLOCS_TIMEOUT,2197.01,/results/artifacts/flink/org.apache.flink.cep.operator.CEPOperatorTest_testCEPOperatorCleanupProcessingTime
gora,https://github.com/apache/gora,6c6b06c916b969352a6757ba7025cc78055fa87a,gora-ignite,nondex,org.apache.gora.ignite.mapreduce.IgniteStoreMapReduceTest#testCountQuery,org.apache.gora.ignite.mapreduce.IgniteStoreMapReduceTest#testCountQuery,SUCCESS,SUCCESS,SUCCESS,SUCCESS,SUCCESS,SUCCESS,SUCCESS,PIPELINE_COMPLETED,474.65,/results/artifacts/gora/org.apache.gora.ignite.mapreduce.IgniteStoreMapReduceTest_testCountQuery
gora,https://github.com/apache/gora,6c6b06c916b969352a6757ba7025cc78055fa87a,gora-ignite,nondex,org.apache.gora.ignite.store.TestIgniteStore#testBenchmarkExists,org.apache.gora.ignite.store.TestIgniteStore#testBenchmarkExists,SUCCESS,SUCCESS,SUCCESS,SUCCESS,SUCCESS,FAILED,,BARRIERPOINTSEARCH_FAILED,243.19,/results/artifacts/gora/org.apache.gora.ignite.store.TestIgniteStore_testBenchmarkExists
gora,https://github.com/apache/gora,6c6b06c916b969352a6757ba7025cc78055fa87a,gora-ignite,nondex,org.apache.gora.ignite.store.TestIgniteStore#testDeleteByQueryFields,org.apache.gora.ignite.store.TestIgniteStore#testDeleteByQueryFields,SUCCESS,SUCCESS,SUCCESS,SUCCESS,SUCCESS,FAILED,,BARRIERPOINTSEARCH_FAILED,234.75,/results/artifacts/gora/org.apache.gora.ignite.store.TestIgniteStore_testDeleteByQueryFields
gora,https://github.com/apache/gora,6c6b06c916b969352a6757ba7025cc78055fa87a,gora-ignite,nondex,org.apache.gora.ignite.store.TestIgniteStore#testGet3UnionField,org.apache.gora.ignite.store.TestIgniteStore#testGet3UnionField,FAILED,,,,,,,BASELINE_FAILED,35.83,
gora,https://github.com/apache/gora,6c6b06c916b969352a6757ba7025cc78055fa87a,gora-ignite,nondex,org.apache.gora.ignite.store.TestIgniteStore#testGetPartitions,org.apache.gora.ignite.store.TestIgniteStore#testGetPartitions,SUCCESS,SUCCESS,SUCCESS,SUCCESS,SUCCESS,FAILED,,BARRIERPOINTSEARCH_FAILED,273.61,/results/artifacts/gora/org.apache.gora.ignite.store.TestIgniteStore_testGetPartitions
gora,https://github.com/apache/gora,6c6b06c916b969352a6757ba7025cc78055fa87a,gora-ignite,nondex,org.apache.gora.ignite.store.TestIgniteStore#testGetWebPageDefaultFields,org.apache.gora.ignite.store.TestIgniteStore#testGetWebPageDefaultFields,SUCCESS,SUCCESS,SUCCESS,SUCCESS,SUCCESS,FAILED,,BARRIERPOINTSEARCH_FAILED,180.69,/results/artifacts/gora/org.apache.gora.ignite.store.TestIgniteStore_testGetWebPageDefaultFields
gora,https://github.com/apache/gora,6c6b06c916b969352a6757ba7025cc78055fa87a,gora-ignite,nondex,org.apache.gora.ignite.store.TestIgniteStore#testPutArray,org.apache.gora.ignite.store.TestIgniteStore#testPutArray,SUCCESS,SUCCESS,SUCCESS,SUCCESS,SUCCESS,FAILED,,BARRIERPOINTSEARCH_FAILED,225.56,/results/artifacts/gora/org.apache.gora.ignite.store.TestIgniteStore_testPutArray
gora,https://github.com/apache/gora,6c6b06c916b969352a6757ba7025cc78055fa87a,gora-ignite,nondex,org.apache.gora.ignite.store.TestIgniteStore#testPutMixedMaps,org.apache.gora.ignite.store.TestIgniteStore#testPutMixedMaps,SUCCESS,SUCCESS,SUCCESS,SUCCESS,SUCCESS,SUCCESS,SUCCESS,PIPELINE_COMPLETED,192.37,/results/artifacts/gora/org.apache.gora.ignite.store.TestIgniteStore_testPutMixedMaps
gora,https://github.com/apache/gora,6c6b06c916b969352a6757ba7025cc78055fa87a,gora-ignite,nondex,org.apache.gora.ignite.store.TestIgniteStore#testQueryEndKey,org.apache.gora.ignite.store.TestIgniteStore#testQueryEndKey,SUCCESS,SUCCESS,SUCCESS,SUCCESS,SUCCESS,FAILED,,BARRIERPOINTSEARCH_FAILED,237.44,/results/artifacts/gora/org.apache.gora.ignite.store.TestIgniteStore_testQueryEndKey
gora,https://github.com/apache/gora,6c6b06c916b969352a6757ba7025cc78055fa87a,gora-ignite,nondex,org.apache.gora.ignite.store.TestIgniteStore#testQueryWebPageSingleKey,org.apache.gora.ignite.store.TestIgniteStore#testQueryWebPageSingleKey,SUCCESS,SUCCESS,SUCCESS,SUCCESS,SUCCESS,FAILED,,BARRIERPOINTSEARCH_FAILED,219.12,/results/artifacts/gora/org.apache.gora.ignite.store.TestIgniteStore_testQueryWebPageSingleKey
gson,https://github.com/google/gson,e685705b2bf3ae174958612a185bd231c0e0c5d9,gson,nondex,com.google.gson.MixedStreamTest#testWriteMixedStreamed,com.google.gson.MixedStreamTest#testWriteMixedStreamed,SUCCESS,SUCCESS,SUCCESS,SUCCESS,SUCCESS,FAILED,,BARRIERPOINTSEARCH_FAILED,112.49,/results/artifacts/gson/com.google.gson.MixedStreamTest_testWriteMixedStreamed
gson,https://github.com/google/gson,e685705b2bf3ae174958612a185bd231c0e0c5d9,gson,nondex,com.google.gson.functional.CollectionTest#testObjectCollectionSerialization,com.google.gson.functional.CollectionTest#testObjectCollectionSerialization,SUCCESS,SUCCESS,SUCCESS,SUCCESS,SUCCESS,FAILED,,BARRIERPOINTSEARCH_FAILED,54.59,/results/artifacts/gson/com.google.gson.functional.CollectionTest_testObjectCollectionSerialization
gson,https://github.com/google/gson,e685705b2bf3ae174958612a185bd231c0e0c5d9,gson,nondex,com.google.gson.functional.CustomTypeAdaptersTest#testCustomNestedSerializers,com.google.gson.functional.CustomTypeAdaptersTest#testCustomNestedSerializers,SUCCESS,SUCCESS,SUCCESS,SUCCESS,SUCCESS,FAILED,,BARRIERPOINTSEARCH_FAILED,54.42,/results/artifacts/gson/com.google.gson.functional.CustomTypeAdaptersTest_testCustomNestedSerializers
gson,https://github.com/google/gson,e685705b2bf3ae174958612a185bd231c0e0c5d9,gson,nondex,com.google.gson.functional.FieldNamingTest#testIdentity,com.google.gson.functional.FieldNamingTest#testIdentity,SUCCESS,SUCCESS,SUCCESS,SUCCESS,SUCCESS,FAILED,,BARRIERPOINTSEARCH_FAILED,70.16,/results/artifacts/gson/com.google.gson.functional.FieldNamingTest_testIdentity
gson,https://github.com/google/gson,e685705b2bf3ae174958612a185bd231c0e0c5d9,gson,nondex,com.google.gson.functional.FieldNamingTest#testUpperCamelCase,com.google.gson.functional.FieldNamingTest#testUpperCamelCase,SUCCESS,SUCCESS,SUCCESS,SUCCESS,SUCCESS,FAILED,,BARRIERPOINTSEARCH_FAILED,57.7,/results/artifacts/gson/com.google.gson.functional.FieldNamingTest_testUpperCamelCase
gson,https://github.com/google/gson,e685705b2bf3ae174958612a185bd231c0e0c5d9,gson,nondex,com.google.gson.functional.InheritanceTest#testSubClassSerialization,com.google.gson.functional.InheritanceTest#testSubClassSerialization,SUCCESS,SUCCESS,SUCCESS,SUCCESS,SUCCESS,FAILED,,BARRIERPOINTSEARCH_FAILED,63.84,/results/artifacts/gson/com.google.gson.functional.InheritanceTest_testSubClassSerialization
gson,https://github.com/google/gson,e685705b2bf3ae174958612a185bd231c0e0c5d9,gson,nondex,com.google.gson.functional.JsonAdapterSerializerDeserializerTest#testJsonAdapterNullSafe,com.google.gson.functional.JsonAdapterSerializerDeserializerTest#testJsonAdapterNullSafe,SUCCESS,SUCCESS,SUCCESS,SUCCESS,SUCCESS,FAILED,,BARRIERPOINTSEARCH_FAILED,52.55,/results/artifacts/gson/com.google.gson.functional.JsonAdapterSerializerDeserializerTest_testJsonAdapterNullSafe
gson,https://github.com/google/gson,e685705b2bf3ae174958612a185bd231c0e0c5d9,gson,nondex,com.google.gson.functional.MapAsArrayTypeAdapterTest#testMultipleEnableComplexKeyRegistrationHasNoEffect,com.google.gson.functional.MapAsArrayTypeAdapterTest#testMultipleEnableComplexKeyRegistrationHasNoEffect,SUCCESS,SUCCESS,SUCCESS,SUCCESS,SUCCESS,FAILED,,BARRIERPOINTSEARCH_FAILED,49.65,/results/artifacts/gson/com.google.gson.functional.MapAsArrayTypeAdapterTest_testMultipleEnableComplexKeyRegistrationHasNoEffect
gson,https://github.com/google/gson,e685705b2bf3ae174958612a185bd231c0e0c5d9,gson,nondex,com.google.gson.functional.MapTest#testInterfaceTypeMapWithSerializer,com.google.gson.functional.MapTest#testInterfaceTypeMapWithSerializer,SUCCESS,SUCCESS,SUCCESS,SUCCESS,SUCCESS,FAILED,,BARRIERPOINTSEARCH_FAILED,50.06,/results/artifacts/gson/com.google.gson.functional.MapTest_testInterfaceTypeMapWithSerializer
gson,https://github.com/google/gson,e685705b2bf3ae174958612a185bd231c0e0c5d9,gson,nondex,com.google.gson.functional.ObjectTest#testArrayOfObjectsSerialization,com.google.gson.functional.ObjectTest#testArrayOfObjectsSerialization,SUCCESS,SUCCESS,SUCCESS,SUCCESS,SUCCESS,FAILED,,BARRIERPOINTSEARCH_FAILED,51.21,/results/artifacts/gson/com.google.gson.functional.ObjectTest_testArrayOfObjectsSerialization
gson,https://github.com/google/gson,e685705b2bf3ae174958612a185bd231c0e0c5d9,gson,nondex,com.google.gson.functional.ObjectTest#testNestedSerialization,com.google.gson.functional.ObjectTest#testNestedSerialization,SUCCESS,SUCCESS,SUCCESS,SUCCESS,SUCCESS,FAILED,,BARRIERPOINTSEARCH_FAILED,50.51,/results/artifacts/gson/com.google.gson.functional.ObjectTest_testNestedSerialization
gson,https://github.com/google/gson,e685705b2bf3ae174958612a185bd231c0e0c5d9,gson,nondex,com.google.gson.functional.ParameterizedTypesTest#testTypesWithMultipleParametersSerialization,com.google.gson.functional.ParameterizedTypesTest#testTypesWithMultipleParametersSerialization,SUCCESS,SUCCESS,SUCCESS,SUCCESS,SUCCESS,FAILED,,BARRIERPOINTSEARCH_FAILED,52.45,/results/artifacts/gson/com.google.gson.functional.ParameterizedTypesTest_testTypesWithMultipleParametersSerialization
gson,https://github.com/google/gson,e685705b2bf3ae174958612a185bd231c0e0c5d9,gson,nondex,com.google.gson.functional.ReadersWritersTest#testWriterForSerialization,com.google.gson.functional.ReadersWritersTest#testWriterForSerialization,SUCCESS,SUCCESS,SUCCESS,SUCCESS,SUCCESS,FAILED,,BARRIERPOINTSEARCH_FAILED,50.31,/results/artifacts/gson/com.google.gson.functional.ReadersWritersTest_testWriterForSerialization
gson,https://github.com/google/gson,e685705b2bf3ae174958612a185bd231c0e0c5d9,gson,nondex,com.google.gson.functional.StreamingTypeAdaptersTest#testNullSafe,com.google.gson.functional.StreamingTypeAdaptersTest#testNullSafe,SUCCESS,SUCCESS,SUCCESS,SUCCESS,SUCCESS,FAILED,,BARRIERPOINTSEARCH_FAILED,52.02,/results/artifacts/gson/com.google.gson.functional.StreamingTypeAdaptersTest_testNullSafe
gson,https://github.com/google/gson,e685705b2bf3ae174958612a185bd231c0e0c5d9,gson,nondex,com.google.gson.functional.StreamingTypeAdaptersTest#testSerializeNullObject,com.google.gson.functional.StreamingTypeAdaptersTest#testSerializeNullObject,SUCCESS,SUCCESS,SUCCESS,SUCCESS,SUCCESS,FAILED,,BARRIERPOINTSEARCH_FAILED,50.77,/results/artifacts/gson/com.google.gson.functional.StreamingTypeAdaptersTest_testSerializeNullObject
gson,https://github.com/google/gson,e685705b2bf3ae174958612a185bd231c0e0c5d9,gson,nondex,com.google.gson.functional.TypeVariableTest#testTypeVariablesViaTypeParameter,com.google.gson.functional.TypeVariableTest#testTypeVariablesViaTypeParameter,SUCCESS,SUCCESS,SUCCESS,SUCCESS,SUCCESS,FAILED,,BARRIERPOINTSEARCH_FAILED,51.19,/results/artifacts/gson/com.google.gson.functional.TypeVariableTest_testTypeVariablesViaTypeParameter
hop,https://github.com/apache/hop,be70e6fa1d4bf180c2766edc4c21d10fc215118b,core,idflakies,org.apache.hop.core.extension.ExtensionPointIntegrationTest.test,org.apache.hop.core.extension.ExtensionPointIntegrationTest#test,SUCCESS,SUCCESS,SUCCESS,SUCCESS,SUCCESS,FAILED,,BARRIERPOINTSEARCH_FAILED,108.0,/results/artifacts/hop/org.apache.hop.core.extension.ExtensionPointIntegrationTest_test
hop,https://github.com/apache/hop,be70e6fa1d4bf180c2766edc4c21d10fc215118b,core,nondex,org.apache.hop.core.svg.HopSvgGraphics2DTest#testNewDocumentXml,org.apache.hop.core.svg.HopSvgGraphics2DTest#testNewDocumentXml,SUCCESS,SUCCESS,SUCCESS,SUCCESS,SUCCESS,FAILED,,BARRIERPOINTSEARCH_FAILED,84.54,/results/artifacts/hop/org.apache.hop.core.svg.HopSvgGraphics2DTest_testNewDocumentXml
innodb-java-reader,https://github.com/alibaba/innodb-java-reader,24a95d8005d480d460c3004fad89cfa295b9cbb4,innodb-java-reader,nondex,com.alibaba.innodb.java.reader.sk.SimpleSkTableReaderTest#testQueryAllIteratorMysql56,com.alibaba.innodb.java.reader.sk.SimpleSkTableReaderTest#testQueryAllIteratorMysql56,SUCCESS,SUCCESS,SUCCESS,SUCCESS,SUCCESS,FAILED,,BARRIERPOINTSEARCH_FAILED,134.85,/results/artifacts/innodb-java-reader/com.alibaba.innodb.java.reader.sk.SimpleSkTableReaderTest_testQueryAllIteratorMysql56
innodb-java-reader,https://github.com/alibaba/innodb-java-reader,24a95d8005d480d460c3004fad89cfa295b9cbb4,innodb-java-reader,nondex,com.alibaba.innodb.java.reader.sk.SimpleSkTableReaderTest#testQueryBySkAddress56,com.alibaba.innodb.java.reader.sk.SimpleSkTableReaderTest#testQueryBySkAddress56,SUCCESS,SUCCESS,SUCCESS,SUCCESS,SUCCESS,FAILED,,BARRIERPOINTSEARCH_FAILED,113.0,/results/artifacts/innodb-java-reader/com.alibaba.innodb.java.reader.sk.SimpleSkTableReaderTest_testQueryBySkAddress56
innodb-java-reader,https://github.com/alibaba/innodb-java-reader,24a95d8005d480d460c3004fad89cfa295b9cbb4,innodb-java-reader,nondex,com.alibaba.innodb.java.reader.sk.SimpleSkTableReaderTest#testQueryBySkAddressProjectionMysql56,com.alibaba.innodb.java.reader.sk.SimpleSkTableReaderTest#testQueryBySkAddressProjectionMysql56,SUCCESS,SUCCESS,SUCCESS,SUCCESS,SUCCESS,FAILED,,BARRIERPOINTSEARCH_FAILED,115.13,/results/artifacts/innodb-java-reader/com.alibaba.innodb.java.reader.sk.SimpleSkTableReaderTest_testQueryBySkAddressProjectionMysql56
innodb-java-reader,https://github.com/alibaba/innodb-java-reader,24a95d8005d480d460c3004fad89cfa295b9cbb4,innodb-java-reader,nondex,com.alibaba.innodb.java.reader.sk.SimpleSkTableReaderTest#testQueryBySkAgeDescMysql56,com.alibaba.innodb.java.reader.sk.SimpleSkTableReaderTest#testQueryBySkAgeDescMysql56,SUCCESS,SUCCESS,SUCCESS,SUCCESS,SUCCESS,FAILED,,BARRIERPOINTSEARCH_FAILED,111.83,/results/artifacts/innodb-java-reader/com.alibaba.innodb.java.reader.sk.SimpleSkTableReaderTest_testQueryBySkAgeDescMysql56
innodb-java-reader,https://github.com/alibaba/innodb-java-reader,24a95d8005d480d460c3004fad89cfa295b9cbb4,innodb-java-reader,nondex,com.alibaba.innodb.java.reader.sk.SimpleSkTableReaderTest#testQueryBySkAgeMysql56,com.alibaba.innodb.java.reader.sk.SimpleSkTableReaderTest#testQueryBySkAgeMysql56,SUCCESS,SUCCESS,SUCCESS,SUCCESS,SUCCESS,FAILED,,BARRIERPOINTSEARCH_FAILED,114.0,/results/artifacts/innodb-java-reader/com.alibaba.innodb.java.reader.sk.SimpleSkTableReaderTest_testQueryBySkAgeMysql56
innodb-java-reader,https://github.com/alibaba/innodb-java-reader,24a95d8005d480d460c3004fad89cfa295b9cbb4,innodb-java-reader,nondex,com.alibaba.innodb.java.reader.sk.SimpleSkTableReaderTest#testQueryBySkAgeProjectionDescMysql56,com.alibaba.innodb.java.reader.sk.SimpleSkTableReaderTest#testQueryBySkAgeProjectionDescMysql56,SUCCESS,SUCCESS,SUCCESS,SUCCESS,SUCCESS,FAILED,,BARRIERPOINTSEARCH_FAILED,114.37,/results/artifacts/innodb-java-reader/com.alibaba.innodb.java.reader.sk.SimpleSkTableReaderTest_testQueryBySkAgeProjectionDescMysql56
innodb-java-reader,https://github.com/alibaba/innodb-java-reader,24a95d8005d480d460c3004fad89cfa295b9cbb4,innodb-java-reader,nondex,com.alibaba.innodb.java.reader.sk.SimpleSkTableReaderTest#testQueryBySkAgeProjectionMysql56,com.alibaba.innodb.java.reader.sk.SimpleSkTableReaderTest#testQueryBySkAgeProjectionMysql56,SUCCESS,SUCCESS,SUCCESS,SUCCESS,SUCCESS,FAILED,,BARRIERPOINTSEARCH_FAILED,114.82,/results/artifacts/innodb-java-reader/com.alibaba.innodb.java.reader.sk.SimpleSkTableReaderTest_testQueryBySkAgeProjectionMysql56
innodb-java-reader,https://github.com/alibaba/innodb-java-reader,24a95d8005d480d460c3004fad89cfa295b9cbb4,innodb-java-reader,nondex,com.alibaba.innodb.java.reader.sk.SimpleSkTableReaderTest#testQueryBySkAgeSalaryMysql56,com.alibaba.innodb.java.reader.sk.SimpleSkTableReaderTest#testQueryBySkAgeSalaryMysql56,SUCCESS,SUCCESS,SUCCESS,SUCCESS,SUCCESS,FAILED,,BARRIERPOINTSEARCH_FAILED,117.41,/results/artifacts/innodb-java-reader/com.alibaba.innodb.java.reader.sk.SimpleSkTableReaderTest_testQueryBySkAgeSalaryMysql56
innodb-java-reader,https://github.com/alibaba/innodb-java-reader,24a95d8005d480d460c3004fad89cfa295b9cbb4,innodb-java-reader,nondex,com.alibaba.innodb.java.reader.sk.SimpleSkTableReaderTest#testQueryBySkCityMysql56,com.alibaba.innodb.java.reader.sk.SimpleSkTableReaderTest#testQueryBySkCityMysql56,SUCCESS,SUCCESS,SUCCESS,SUCCESS,SUCCESS,FAILED,,BARRIERPOINTSEARCH_FAILED,214.92,/results/artifacts/innodb-java-reader/com.alibaba.innodb.java.reader.sk.SimpleSkTableReaderTest_testQueryBySkCityMysql56
innodb-java-reader,https://github.com/alibaba/innodb-java-reader,24a95d8005d480d460c3004fad89cfa295b9cbb4,innodb-java-reader,nondex,com.alibaba.innodb.java.reader.sk.SimpleSkTableReaderTest#testQueryBySkDeptnoLevelNameMysql56,com.alibaba.innodb.java.reader.sk.SimpleSkTableReaderTest#testQueryBySkDeptnoLevelNameMysql56,SUCCESS,SUCCESS,SUCCESS,SUCCESS,SUCCESS,FAILED,,BARRIERPOINTSEARCH_FAILED,115.69,/results/artifacts/innodb-java-reader/com.alibaba.innodb.java.reader.sk.SimpleSkTableReaderTest_testQueryBySkDeptnoLevelNameMysql56
innodb-java-reader,https://github.com/alibaba/innodb-java-reader,24a95d8005d480d460c3004fad89cfa295b9cbb4,innodb-java-reader,nondex,com.alibaba.innodb.java.reader.sk.SimpleSkTableReaderTest#testQueryBySkEmailProjectionMysql56,com.alibaba.innodb.java.reader.sk.SimpleSkTableReaderTest#testQueryBySkEmailProjectionMysql56,SUCCESS,SUCCESS,SUCCESS,SUCCESS,SUCCESS,FAILED,,BARRIERPOINTSEARCH_FAILED,118.5,/results/artifacts/innodb-java-reader/com.alibaba.innodb.java.reader.sk.SimpleSkTableReaderTest_testQueryBySkEmailProjectionMysql56
innodb-java-reader,https://github.com/alibaba/innodb-java-reader,24a95d8005d480d460c3004fad89cfa295b9cbb4,innodb-java-reader,nondex,com.alibaba.innodb.java.reader.sk.SimpleSkTableReaderTest#testQueryBySkJoinDateMysql56,com.alibaba.innodb.java.reader.sk.SimpleSkTableReaderTest#testQueryBySkJoinDateMysql56,SUCCESS,SUCCESS,SUCCESS,SUCCESS,SUCCESS,FAILED,,BARRIERPOINTSEARCH_FAILED,113.89,/results/artifacts/innodb-java-reader/com.alibaba.innodb.java.reader.sk.SimpleSkTableReaderTest_testQueryBySkJoinDateMysql56
innodb-java-reader,https://github.com/alibaba/innodb-java-reader,24a95d8005d480d460c3004fad89cfa295b9cbb4,innodb-java-reader,nondex,com.alibaba.innodb.java.reader.sk.SimpleSkTableReaderTest#testQueryBySkLevel56,com.alibaba.innodb.java.reader.sk.SimpleSkTableReaderTest#testQueryBySkLevel56,SUCCESS,SUCCESS,SUCCESS,SUCCESS,SUCCESS,FAILED,,BARRIERPOINTSEARCH_FAILED,112.18,/results/artifacts/innodb-java-reader/com.alibaba.innodb.java.reader.sk.SimpleSkTableReaderTest_testQueryBySkLevel56
innodb-java-reader,https://github.com/alibaba/innodb-java-reader,24a95d8005d480d460c3004fad89cfa295b9cbb4,innodb-java-reader,nondex,com.alibaba.innodb.java.reader.sk.SimpleSkTableReaderTest#testQueryBySkNameMysql56,com.alibaba.innodb.java.reader.sk.SimpleSkTableReaderTest#testQueryBySkNameMysql56,SUCCESS,SUCCESS,SUCCESS,SUCCESS,SUCCESS,FAILED,,BARRIERPOINTSEARCH_FAILED,114.08,/results/artifacts/innodb-java-reader/com.alibaba.innodb.java.reader.sk.SimpleSkTableReaderTest_testQueryBySkNameMysql56
innodb-java-reader,https://github.com/alibaba/innodb-java-reader,24a95d8005d480d460c3004fad89cfa295b9cbb4,innodb-java-reader,nondex,com.alibaba.innodb.java.reader.sk.SimpleSkTableReaderTest#testQueryBySkPutOrdinal56,com.alibaba.innodb.java.reader.sk.SimpleSkTableReaderTest#testQueryBySkPutOrdinal56,SUCCESS,SUCCESS,SUCCESS,SUCCESS,SUCCESS,FAILED,,BARRIERPOINTSEARCH_FAILED,110.25,/results/artifacts/innodb-java-reader/com.alibaba.innodb.java.reader.sk.SimpleSkTableReaderTest_testQueryBySkPutOrdinal56
iotdb,https://github.com/apache/iotdb,25a98ee165131047cda93dc92203db2ab9aecbc8,tsfile,nondex,org.apache.iotdb.tsfile.read.ReadInPartitionTest#test1,org.apache.iotdb.tsfile.read.ReadInPartitionTest#test1,SUCCESS,SUCCESS,SUCCESS,SUCCESS,SUCCESS,FAILED,,BARRIERPOINTSEARCH_FAILED,226.51,/results/artifacts/iotdb/org.apache.iotdb.tsfile.read.ReadInPartitionTest_test1
iotdb,https://github.com/apache/iotdb,25a98ee165131047cda93dc92203db2ab9aecbc8,tsfile,nondex,org.apache.iotdb.tsfile.read.controller.IMetadataQuerierByFileImplTest#testConvert2,org.apache.iotdb.tsfile.read.controller.IMetadataQuerierByFileImplTest#testConvert2,SUCCESS,SUCCESS,SUCCESS,SUCCESS,SUCCESS,FAILED,,BARRIERPOINTSEARCH_FAILED,148.63,/results/artifacts/iotdb/org.apache.iotdb.tsfile.read.controller.IMetadataQuerierByFileImplTest_testConvert2
jmeter-datadog-backend-listener,https://github.com/DataDog/jmeter-datadog-backend-listener,4b237366bf81050e56aa4d96944cffcd594593c0,.,nondex,org.datadog.jmeter.plugins.DatadogBackendClientTest#testExtractLogs,org.datadog.jmeter.plugins.DatadogBackendClientTest#testExtractLogs,SUCCESS,SUCCESS,SUCCESS,SUCCESS,SUCCESS,FAILED,,BARRIERPOINTSEARCH_FAILED,151.02,/results/artifacts/jmeter-datadog-backend-listener/org.datadog.jmeter.plugins.DatadogBackendClientTest_testExtractLogs
jsondoc,https://github.com/fabiomaffioletti/jsondoc,de5bd0024b4e5444a541fa4fa4ec518176b646f3,jsondoc-core,nondex,org.jsondoc.core.scanner.builder.JSONDocApiAuthBuilderTest#testApiAuthToken,org.jsondoc.core.scanner.builder.JSONDocApiAuthBuilderTest#testApiAuthToken,SUCCESS,SUCCESS,SUCCESS,SUCCESS,SUCCESS,FAILED,,BARRIERPOINTSEARCH_FAILED,72.47,/results/artifacts/jsondoc/org.jsondoc.core.scanner.builder.JSONDocApiAuthBuilderTest_testApiAuthToken
junit4,https://github.com/junit-team/junit4,7167b23b3ba7dd79410f6e9db350d16cbe30617b,.,nondex,junit.samples.SimpleTest#testAdd,junit.samples.SimpleTest#testAdd,FAILED,,,,,,,BASELINE_FAILED,39.82,
junit4,https://github.com/junit-team/junit4,7167b23b3ba7dd79410f6e9db350d16cbe30617b,.,nondex,org.junit.internal.StackTracesTest#org,org.junit.internal.StackTracesTest#org,FAILED,,,,,,,BASELINE_FAILED,19.93,
junit4,https://github.com/junit-team/junit4,7167b23b3ba7dd79410f6e9db350d16cbe30617b,.,nondex,org.junit.internal.runners.statements.FailOnTimeoutTest#notLookingForStuckThread_usesSameThreadGroup,org.junit.internal.runners.statements.FailOnTimeoutTest#notLookingForStuckThread_usesSameThreadGroup,FAILED,,,,,,,BASELINE_FAILED,21.16,
junit4,https://github.com/junit-team/junit4,7167b23b3ba7dd79410f6e9db350d16cbe30617b,.,nondex,org.junit.internal.runners.statements.FailOnTimeoutTest#statementThatCanBeInterruptedIsStoppedAfterTimeout,org.junit.internal.runners.statements.FailOnTimeoutTest#statementThatCanBeInterruptedIsStoppedAfterTimeout,FAILED,,,,,,,BASELINE_FAILED,21.08,
junit4,https://github.com/junit-team/junit4,7167b23b3ba7dd79410f6e9db350d16cbe30617b,.,nondex,org.junit.internal.runners.statements.FailOnTimeoutTest#throwsExceptionWithTimeoutValueAndTimeUnitSet,org.junit.internal.runners.statements.FailOnTimeoutTest#throwsExceptionWithTimeoutValueAndTimeUnitSet,FAILED,,,,,,,BASELINE_FAILED,21.69,
junit4,https://github.com/junit-team/junit4,7167b23b3ba7dd79410f6e9db350d16cbe30617b,.,nondex,org.junit.samples.SimpleTest#testEquals,org.junit.samples.SimpleTest#testEquals,FAILED,,,,,,,BASELINE_FAILED,21.11,
junit4,https://github.com/junit-team/junit4,7167b23b3ba7dd79410f6e9db350d16cbe30617b,.,nondex,org.junit.tests.running.methods.ParameterizedTestMethodTest#testFailures,org.junit.tests.running.methods.ParameterizedTestMethodTest#testFailures,FAILED,,,,,,,BASELINE_FAILED,22.2,
kryo,https://github.com/EsotericSoftware/kryo,c6d199b1e3622dd323d0641260c4e31cec439636,main,nondex,com.esotericsoftware.kryo.serializers.DefaultSerializersTest#testPriorityQueueSubclass,com.esotericsoftware.kryo.serializers.DefaultSerializersTest#testPriorityQueueSubclass,SUCCESS,SUCCESS,SUCCESS,SUCCESS,SUCCESS,FAILED,,BARRIERPOINTSEARCH_FAILED,178.3,/results/artifacts/kryo/com.esotericsoftware.kryo.serializers.DefaultSerializersTest_testPriorityQueueSubclass
kubernetes-client,https://github.com/fabric8io/kubernetes-client,56a6c2c4f336cc6f64c19029a55c2d3d0289344f,junit/mockwebserver,nondex,io.fabric8.mockwebserver.DefaultMockServerCrudTest#put,io.fabric8.mockwebserver.DefaultMockServerCrudTest#put,SUCCESS,SUCCESS,SUCCESS,SUCCESS,SUCCESS,FAILED,,BARRIERPOINTSEARCH_FAILED,125.27,/results/artifacts/kubernetes-client/io.fabric8.mockwebserver.DefaultMockServerCrudTest_put
Mapper,https://github.com/abel533/Mapper,1764748eedb2f320a0d1c43cb4f928c4ccb1f2f5,core,nondex,tk.mybatis.mapper.annotation.IdTest#testCompositeKeys,tk.mybatis.mapper.annotation.IdTest#testCompositeKeys,SUCCESS,SUCCESS,SUCCESS,SUCCESS,SUCCESS,FAILED,,BARRIERPOINTSEARCH_FAILED,44.26,/results/artifacts/Mapper/tk.mybatis.mapper.annotation.IdTest_testCompositeKeys
Mapper,https://github.com/abel533/Mapper,1764748eedb2f320a0d1c43cb4f928c4ccb1f2f5,core,nondex,tk.mybatis.mapper.mapperhelper.SqlHelperTest#testLogicDeleteSql,tk.mybatis.mapper.mapperhelper.SqlHelperTest#testLogicDeleteSql,SUCCESS,SUCCESS,SUCCESS,SUCCESS,SUCCESS,FAILED,,BARRIERPOINTSEARCH_FAILED,33.87,/results/artifacts/Mapper/tk.mybatis.mapper.mapperhelper.SqlHelperTest_testLogicDeleteSql
modelmapper,https://github.com/modelmapper/modelmapper,689f5a36713a1e09edeeb8ecd7a822dbc097d7cd,core,nondex,org.modelmapper.internal.converter.ArrayConverterTest#shouldConvertFromSet,org.modelmapper.internal.converter.ArrayConverterTest#shouldConvertFromSet,SUCCESS,SUCCESS,SUCCESS,SUCCESS,SUCCESS,FAILED,,BARRIERPOINTSEARCH_FAILED,135.81,/results/artifacts/modelmapper/org.modelmapper.internal.converter.ArrayConverterTest_shouldConvertFromSet
morel,https://github.com/hydromatic/morel,b3ce1d8ba7351ba6fb0dceeaf30288451fe5bf7d,.,nondex,net.hydromatic.morel.MainTest#testCompute,net.hydromatic.morel.MainTest#testCompute,SUCCESS,SUCCESS,SUCCESS,SUCCESS,SUCCESS,FAILED,,BARRIERPOINTSEARCH_FAILED,129.38,/results/artifacts/morel/net.hydromatic.morel.MainTest_testCompute
mybatis-flex,https://github.com/mybatis-flex/mybatis-flex,d7259955b3e29ba6dcece18201e58c18952e6ce1,mybatis-flex-core,nondex,com.mybatisflex.coretest.AuthTest#test,com.mybatisflex.coretest.AuthTest#test,FAILED,,,,,,,BASELINE_FAILED,15.33,
nifi,https://github.com/apache/nifi,2bd752d868a8f3e36113b078bb576cf054e945e8,nifi-commons/nifi-record,nondex,org.apache.nifi.serialization.record.TestDataTypeUtils#testInferTypeWithMapNonStringKeys,org.apache.nifi.serialization.record.TestDataTypeUtils#testInferTypeWithMapNonStringKeys,SUCCESS,SUCCESS,SUCCESS,SUCCESS,SUCCESS,FAILED,,BARRIERPOINTSEARCH_FAILED,190.95,/results/artifacts/nifi/org.apache.nifi.serialization.record.TestDataTypeUtils_testInferTypeWithMapNonStringKeys
nifi,https://github.com/apache/nifi,2bd752d868a8f3e36113b078bb576cf054e945e8,nifi-commons/nifi-record,nondex,org.apache.nifi.serialization.record.TestMapRecord#testDefaultValueWithAliasValue,org.apache.nifi.serialization.record.TestMapRecord#testDefaultValueWithAliasValue,SUCCESS,SUCCESS,SUCCESS,SUCCESS,SUCCESS,FAILED,,BARRIERPOINTSEARCH_FAILED,72.92,/results/artifacts/nifi/org.apache.nifi.serialization.record.TestMapRecord_testDefaultValueWithAliasValue
OpenRefine,https://github.com/OpenRefine/OpenRefine,3bff27b868a6a1b695f3855ae0f49e269c5ef7cd,main,nondex,com.google.refine.browsing.facets.ListFacetTests#serializeListFacet,com.google.refine.browsing.facets.ListFacetTests#serializeListFacet,SUCCESS,SUCCESS,SUCCESS,SUCCESS,SUCCESS,FAILED,,BARRIERPOINTSEARCH_FAILED,242.34,/results/artifacts/OpenRefine/com.google.refine.browsing.facets.ListFacetTests_serializeListFacet
OpenRefine,https://github.com/OpenRefine/OpenRefine,3bff27b868a6a1b695f3855ae0f49e269c5ef7cd,main,nondex,com.google.refine.clustering.knn.kNNClustererTests#serializekNNClusterer,com.google.refine.clustering.knn.kNNClustererTests#serializekNNClusterer,SUCCESS,SUCCESS,SUCCESS,SUCCESS,SUCCESS,FAILED,,BARRIERPOINTSEARCH_FAILED,93.37,/results/artifacts/OpenRefine/com.google.refine.clustering.knn.kNNClustererTests_serializekNNClusterer
optaplanner,https://github.com/kiegroup/optaplanner,dff7457cb5ba1557727deddef5b675dd00fbf8a8,optaplanner-benchmark,nondex,org.optaplanner.benchmark.config.PlannerBenchmarkConfigTest#xmlConfigFileRemainsSameAfterReadWrite,org.optaplanner.benchmark.config.PlannerBenchmarkConfigTest#xmlConfigFileRemainsSameAfterReadWrite,SUCCESS,SUCCESS,SUCCESS,SUCCESS,SUCCESS,FAILED,,BARRIERPOINTSEARCH_FAILED,297.47,/results/artifacts/optaplanner/org.optaplanner.benchmark.config.PlannerBenchmarkConfigTest_xmlConfigFileRemainsSameAfterReadWrite
pinot,https://github.com/apache/pinot,85e413ebe8c80513a8a676fc090b1af0f50861f0,pinot-spi,nondex,org.apache.pinot.spi.plugin.PluginManagerTest#testGetPluginsToLoad,org.apache.pinot.spi.plugin.PluginManagerTest#testGetPluginsToLoad,SUCCESS,SUCCESS,SUCCESS,SUCCESS,SUCCESS,FAILED,,BARRIERPOINTSEARCH_FAILED,98.96,/results/artifacts/pinot/org.apache.pinot.spi.plugin.PluginManagerTest_testGetPluginsToLoad
pushy,https://github.com/jchambers/pushy,da5f8b97106cd41278b421ec63e4e76a7313bed9,pushy,nondex,com.eatthepath.pushy.apns.auth.AuthenticationTokenTest#testVerifySignature,com.eatthepath.pushy.apns.auth.AuthenticationTokenTest#testVerifySignature,SUCCESS,SUCCESS,SUCCESS,SUCCESS,SUCCESS,FAILED,,BARRIERPOINTSEARCH_FAILED,73.27,/results/artifacts/pushy/com.eatthepath.pushy.apns.auth.AuthenticationTokenTest_testVerifySignature
pushy,https://github.com/jchambers/pushy,da5f8b97106cd41278b421ec63e4e76a7313bed9,pushy,nondex,com.eatthepath.pushy.apns.server.TokenAuthenticationValidatingPushNotificationHandlerTest#testHandleNotificationWithExpirationDate,com.eatthepath.pushy.apns.server.TokenAuthenticationValidatingPushNotificationHandlerTest#testHandleNotificationWithExpirationDate,SUCCESS,SUCCESS,SUCCESS,SUCCESS,SUCCESS,FAILED,,BARRIERPOINTSEARCH_FAILED,58.56,/results/artifacts/pushy/com.eatthepath.pushy.apns.server.TokenAuthenticationValidatingPushNotificationHandlerTest_testHandleNotificationWithExpirationDate
pushy,https://github.com/jchambers/pushy,da5f8b97106cd41278b421ec63e4e76a7313bed9,pushy,nondex,com.eatthepath.pushy.apns.server.TokenAuthenticationValidatingPushNotificationHandlerTest#testHandleNotificationWithSpecifiedPriority,com.eatthepath.pushy.apns.server.TokenAuthenticationValidatingPushNotificationHandlerTest#testHandleNotificationWithSpecifiedPriority,SUCCESS,SUCCESS,SUCCESS,SUCCESS,SUCCESS,FAILED,,BARRIERPOINTSEARCH_FAILED,58.26,/results/artifacts/pushy/com.eatthepath.pushy.apns.server.TokenAuthenticationValidatingPushNotificationHandlerTest_testHandleNotificationWithSpecifiedPriority
r2dbc-mysql,https://github.com/mirromutth/r2dbc-mysql,4b6afab92001d3e47d38278463bc7944f9eacd9b,.,nondex,dev.miku.r2dbc.mysql.codec.SetCodecTest#binarySet,dev.miku.r2dbc.mysql.codec.SetCodecTest#binarySet,SUCCESS,SUCCESS,SUCCESS,SUCCESS,SUCCESS,FAILED,,BARRIERPOINTSEARCH_FAILED,102.13,/results/artifacts/r2dbc-mysql/dev.miku.r2dbc.mysql.codec.SetCodecTest_binarySet
skywalking-java,https://github.com/apache/skywalking-java,364a4af4b1bd2805156d67b802b24a2105e24822,apm-commons/apm-util,nondex,org.apache.skywalking.apm.util.ConfigInitializerTest#testInitialize,org.apache.skywalking.apm.util.ConfigInitializerTest#testInitialize,SUCCESS,SUCCESS,SUCCESS,SUCCESS,SUCCESS,FAILED,,BARRIERPOINTSEARCH_FAILED,66.04,/results/artifacts/skywalking-java/org.apache.skywalking.apm.util.ConfigInitializerTest_testInitialize
tamper,https://github.com/alibaba/tamper,781c159496991705e273fb8538024dfa687235a5,.,nondex,com.alibaba.tamper.convertor.CollectionAndCollectionTest#testArrayAndSet,com.alibaba.tamper.convertor.CollectionAndCollectionTest#testArrayAndSet,SUCCESS,SUCCESS,SUCCESS,SUCCESS,SUCCESS,SUCCESS,SUCCESS,PIPELINE_COMPLETED,43.94,/results/artifacts/tamper/com.alibaba.tamper.convertor.CollectionAndCollectionTest_testArrayAndSet
TestParameterInjector,https://github.com/google/TestParameterInjector,5d67f8cb66481638bcd117227bd0103c32c84491,junit4,nondex,com.google.testing.junit.testparameterinjector.ParameterValueParsingTest#parseYamlStringToJavaType_success,com.google.testing.junit.testparameterinjector.ParameterValueParsingTest#parseYamlStringToJavaType_success,SUCCESS,SUCCESS,SUCCESS,SUCCESS,SUCCESS,SUCCESS,SUCCESS,PIPELINE_COMPLETED,39.05,/results/artifacts/TestParameterInjector/com.google.testing.junit.testparameterinjector.ParameterValueParsingTest_parseYamlStringToJavaType_success
TestParameterInjector,https://github.com/google/TestParameterInjector,5d67f8cb66481638bcd117227bd0103c32c84491,junit4,nondex,com.google.testing.junit.testparameterinjector.TestParametersMethodProcessorTest#test_success,com.google.testing.junit.testparameterinjector.TestParametersMethodProcessorTest#test_success,SUCCESS,SUCCESS,SUCCESS,SUCCESS,SUCCESS,SUCCESS,SUCCESS,PIPELINE_COMPLETED,29.71,/results/artifacts/TestParameterInjector/com.google.testing.junit.testparameterinjector.TestParametersMethodProcessorTest_test_success
unirest-java,https://github.com/Kong/unirest-java,36e7480d619507b8e96b10645a7ca72c0279832b,unirest,nondex,BehaviorTests.DefectTest#nullAndObjectValuesInMap,BehaviorTests.DefectTest#nullAndObjectValuesInMap,SUCCESS,SUCCESS,TIMEOUT,,,,,DELAYLOCS_TIMEOUT,1858.16,/results/artifacts/unirest-java/BehaviorTests.DefectTest_nullAndObjectValuesInMap
flink,https://github.com/apache/flink,23c9b5ac50d04d28a34a87c78eb2d3331c06b74b,flink-libraries/flink-cep,nondex,org.apache.flink.cep.operator.CEPMigrationTest#testRestoreAfterBranchingPattern,org.apache.flink.cep.operator.CEPMigrationTest#testRestoreAfterBranchingPattern,SUCCESS,SUCCESS,SUCCESS,SUCCESS,SUCCESS,SUCCESS,SUCCESS,PIPELINE_COMPLETED,1250.08,/results/artifacts/flink/org.apache.flink.cep.operator.CEPMigrationTest_testRestoreAfterBranchingPattern
flink,https://github.com/apache/flink,23c9b5ac50d04d28a34a87c78eb2d3331c06b74b,flink-libraries/flink-cep,nondex,org.apache.flink.cep.operator.CEPOperatorTest#testCEPOperatorComparatorEventTime,org.apache.flink.cep.operator.CEPOperatorTest#testCEPOperatorComparatorEventTime,SUCCESS,SUCCESS,TIMEOUT,,,,,DELAYLOCS_TIMEOUT,2210.23,/results/artifacts/flink/org.apache.flink.cep.operator.CEPOperatorTest_testCEPOperatorComparatorEventTime
gora,https://github.com/apache/gora,6c6b06c916b969352a6757ba7025cc78055fa87a,gora-ignite,nondex,org.apache.gora.ignite.store.TestIgniteStore#igniteStoreMetadataAnalyzerTest,org.apache.gora.ignite.store.TestIgniteStore#igniteStoreMetadataAnalyzerTest,SUCCESS,SUCCESS,SUCCESS,SUCCESS,SUCCESS,FAILED,,BARRIERPOINTSEARCH_FAILED,329.71,/results/artifacts/gora/org.apache.gora.ignite.store.TestIgniteStore_igniteStoreMetadataAnalyzerTest
gora,https://github.com/apache/gora,6c6b06c916b969352a6757ba7025cc78055fa87a,gora-ignite,nondex,org.apache.gora.ignite.store.TestIgniteStore#testDelete,org.apache.gora.ignite.store.TestIgniteStore#testDelete,SUCCESS,SUCCESS,SUCCESS,SUCCESS,SUCCESS,FAILED,,BARRIERPOINTSEARCH_FAILED,230.84,/results/artifacts/gora/org.apache.gora.ignite.store.TestIgniteStore_testDelete
gora,https://github.com/apache/gora,6c6b06c916b969352a6757ba7025cc78055fa87a,gora-ignite,nondex,org.apache.gora.ignite.store.TestIgniteStore#testExists,org.apache.gora.ignite.store.TestIgniteStore#testExists,SUCCESS,SUCCESS,SUCCESS,SUCCESS,SUCCESS,FAILED,,BARRIERPOINTSEARCH_FAILED,223.95,/results/artifacts/gora/org.apache.gora.ignite.store.TestIgniteStore_testExists
gora,https://github.com/apache/gora,6c6b06c916b969352a6757ba7025cc78055fa87a,gora-ignite,nondex,org.apache.gora.ignite.store.TestIgniteStore#testGetDoubleRecursive,org.apache.gora.ignite.store.TestIgniteStore#testGetDoubleRecursive,SUCCESS,SUCCESS,SUCCESS,SUCCESS,SUCCESS,SUCCESS,SUCCESS,PIPELINE_COMPLETED,203.39,/results/artifacts/gora/org.apache.gora.ignite.store.TestIgniteStore_testGetDoubleRecursive
gora,https://github.com/apache/gora,6c6b06c916b969352a6757ba7025cc78055fa87a,gora-ignite,nondex,org.apache.gora.ignite.store.TestIgniteStore#testGetRecursive,org.apache.gora.ignite.store.TestIgniteStore#testGetRecursive,SUCCESS,SUCCESS,SUCCESS,SUCCESS,SUCCESS,FAILED,,BARRIERPOINTSEARCH_FAILED,208.07,/results/artifacts/gora/org.apache.gora.ignite.store.TestIgniteStore_testGetRecursive
gora,https://github.com/apache/gora,6c6b06c916b969352a6757ba7025cc78055fa87a,gora-ignite,nondex,org.apache.gora.ignite.store.TestIgniteStore#testGetWithFields,org.apache.gora.ignite.store.TestIgniteStore#testGetWithFields,SUCCESS,SUCCESS,SUCCESS,SUCCESS,SUCCESS,FAILED,,BARRIERPOINTSEARCH_FAILED,200.89,/results/artifacts/gora/org.apache.gora.ignite.store.TestIgniteStore_testGetWithFields
gora,https://github.com/apache/gora,6c6b06c916b969352a6757ba7025cc78055fa87a,gora-ignite,nondex,org.apache.gora.ignite.store.TestIgniteStore#testPutBytes,org.apache.gora.ignite.store.TestIgniteStore#testPutBytes,SUCCESS,SUCCESS,SUCCESS,SUCCESS,SUCCESS,FAILED,,BARRIERPOINTSEARCH_FAILED,165.09,/results/artifacts/gora/org.apache.gora.ignite.store.TestIgniteStore_testPutBytes
gora,https://github.com/apache/gora,6c6b06c916b969352a6757ba7025cc78055fa87a,gora-ignite,nondex,org.apache.gora.ignite.store.TestIgniteStore#testPutNested,org.apache.gora.ignite.store.TestIgniteStore#testPutNested,SUCCESS,SUCCESS,SUCCESS,SUCCESS,SUCCESS,FAILED,,BARRIERPOINTSEARCH_FAILED,234.11,/results/artifacts/gora/org.apache.gora.ignite.store.TestIgniteStore_testPutNested
gora,https://github.com/apache/gora,6c6b06c916b969352a6757ba7025cc78055fa87a,gora-ignite,nondex,org.apache.gora.ignite.store.TestIgniteStore#testQueryKeyRange,org.apache.gora.ignite.store.TestIgniteStore#testQueryKeyRange,SUCCESS,SUCCESS,SUCCESS,SUCCESS,SUCCESS,FAILED,,BARRIERPOINTSEARCH_FAILED,200.71,/results/artifacts/gora/org.apache.gora.ignite.store.TestIgniteStore_testQueryKeyRange
gora,https://github.com/apache/gora,6c6b06c916b969352a6757ba7025cc78055fa87a,gora-ignite,nondex,org.apache.gora.ignite.store.TestIgniteStore#testQueryWebPageSingleKeyDefaultFields,org.apache.gora.ignite.store.TestIgniteStore#testQueryWebPageSingleKeyDefaultFields,FAILED,,,,,,,BASELINE_FAILED,35.85,
gson,https://github.com/google/gson,e685705b2bf3ae174958612a185bd231c0e0c5d9,gson,nondex,com.google.gson.ObjectTypeAdapterTest#testSerialize,com.google.gson.ObjectTypeAdapterTest#testSerialize,SUCCESS,SUCCESS,SUCCESS,SUCCESS,SUCCESS,FAILED,,BARRIERPOINTSEARCH_FAILED,103.63,/results/artifacts/gson/com.google.gson.ObjectTypeAdapterTest_testSerialize
gson,https://github.com/google/gson,e685705b2bf3ae174958612a185bd231c0e0c5d9,gson,nondex,com.google.gson.functional.CollectionTest#testPriorityQueue,com.google.gson.functional.CollectionTest#testPriorityQueue,SUCCESS,SUCCESS,SUCCESS,SUCCESS,SUCCESS,FAILED,,BARRIERPOINTSEARCH_FAILED,47.71,/results/artifacts/gson/com.google.gson.functional.CollectionTest_testPriorityQueue
gson,https://github.com/google/gson,e685705b2bf3ae174958612a185bd231c0e0c5d9,gson,nondex,com.google.gson.functional.EnumTest#testClassWithEnumFieldSerialization,com.google.gson.functional.EnumTest#testClassWithEnumFieldSerialization,SUCCESS,SUCCESS,SUCCESS,SUCCESS,SUCCESS,FAILED,,BARRIERPOINTSEARCH_FAILED,48.93,/results/artifacts/gson/com.google.gson.functional.EnumTest_testClassWithEnumFieldSerialization
gson,https://github.com/google/gson,e685705b2bf3ae174958612a185bd231c0e0c5d9,gson,nondex,com.google.gson.functional.FieldNamingTest#testLowerCaseWithDashes,com.google.gson.functional.FieldNamingTest#testLowerCaseWithDashes,SUCCESS,SUCCESS,SUCCESS,SUCCESS,SUCCESS,FAILED,,BARRIERPOINTSEARCH_FAILED,48.54,/results/artifacts/gson/com.google.gson.functional.FieldNamingTest_testLowerCaseWithDashes
gson,https://github.com/google/gson,e685705b2bf3ae174958612a185bd231c0e0c5d9,gson,nondex,com.google.gson.functional.FieldNamingTest#testUpperCamelCaseWithSpaces,com.google.gson.functional.FieldNamingTest#testUpperCamelCaseWithSpaces,SUCCESS,SUCCESS,SUCCESS,SUCCESS,SUCCESS,FAILED,,BARRIERPOINTSEARCH_FAILED,49.75,/results/artifacts/gson/com.google.gson.functional.FieldNamingTest_testUpperCamelCaseWithSpaces
gson,https://github.com/google/gson,e685705b2bf3ae174958612a185bd231c0e0c5d9,gson,nondex,com.google.gson.functional.InheritanceTest#testSubInterfacesOfCollectionSerialization,com.google.gson.functional.InheritanceTest#testSubInterfacesOfCollectionSerialization,SUCCESS,SUCCESS,SUCCESS,SUCCESS,SUCCESS,FAILED,,BARRIERPOINTSEARCH_FAILED,56.64,/results/artifacts/gson/com.google.gson.functional.InheritanceTest_testSubInterfacesOfCollectionSerialization
gson,https://github.com/google/gson,e685705b2bf3ae174958612a185bd231c0e0c5d9,gson,nondex,com.google.gson.functional.JsonAdapterSerializerDeserializerTest#testJsonSerializerDeserializerBasedJsonAdapterOnFields,com.google.gson.functional.JsonAdapterSerializerDeserializerTest#testJsonSerializerDeserializerBasedJsonAdapterOnFields,SUCCESS,SUCCESS,SUCCESS,SUCCESS,SUCCESS,FAILED,,BARRIERPOINTSEARCH_FAILED,54.68,/results/artifacts/gson/com.google.gson.functional.JsonAdapterSerializerDeserializerTest_testJsonSerializerDeserializerBasedJsonAdapterOnFields
gson,https://github.com/google/gson,e685705b2bf3ae174958612a185bd231c0e0c5d9,gson,nondex,com.google.gson.functional.MapAsArrayTypeAdapterTest#testSerializeComplexMapWithTypeAdapter,com.google.gson.functional.MapAsArrayTypeAdapterTest#testSerializeComplexMapWithTypeAdapter,SUCCESS,SUCCESS,SUCCESS,SUCCESS,SUCCESS,FAILED,,BARRIERPOINTSEARCH_FAILED,55.08,/results/artifacts/gson/com.google.gson.functional.MapAsArrayTypeAdapterTest_testSerializeComplexMapWithTypeAdapter
gson,https://github.com/google/gson,e685705b2bf3ae174958612a185bd231c0e0c5d9,gson,nondex,com.google.gson.functional.NamingPolicyTest#testGsonDuplicateNameDueToBadNamingPolicy,com.google.gson.functional.NamingPolicyTest#testGsonDuplicateNameDueToBadNamingPolicy,SUCCESS,SUCCESS,SUCCESS,SUCCESS,SUCCESS,FAILED,,BARRIERPOINTSEARCH_FAILED,70.18,/results/artifacts/gson/com.google.gson.functional.NamingPolicyTest_testGsonDuplicateNameDueToBadNamingPolicy
gson,https://github.com/google/gson,e685705b2bf3ae174958612a185bd231c0e0c5d9,gson,nondex,com.google.gson.functional.ObjectTest#testBagOfPrimitiveWrappersSerialization,com.google.gson.functional.ObjectTest#testBagOfPrimitiveWrappersSerialization,SUCCESS,SUCCESS,SUCCESS,SUCCESS,SUCCESS,FAILED,,BARRIERPOINTSEARCH_FAILED,57.93,/results/artifacts/gson/com.google.gson.functional.ObjectTest_testBagOfPrimitiveWrappersSerialization
gson,https://github.com/google/gson,e685705b2bf3ae174958612a185bd231c0e0c5d9,gson,nondex,com.google.gson.functional.ObjectTest#testNullFieldsSerialization,com.google.gson.functional.ObjectTest#testNullFieldsSerialization,SUCCESS,SUCCESS,SUCCESS,SUCCESS,SUCCESS,FAILED,,BARRIERPOINTSEARCH_FAILED,64.49,/results/artifacts/gson/com.google.gson.functional.ObjectTest_testNullFieldsSerialization
gson,https://github.com/google/gson,e685705b2bf3ae174958612a185bd231c0e0c5d9,gson,nondex,com.google.gson.functional.ParameterizedTypesTest#testVariableTypeFieldsAndGenericArraysDeserialization,com.google.gson.functional.ParameterizedTypesTest#testVariableTypeFieldsAndGenericArraysDeserialization,SUCCESS,SUCCESS,SUCCESS,SUCCESS,SUCCESS,FAILED,,BARRIERPOINTSEARCH_FAILED,52.61,/results/artifacts/gson/com.google.gson.functional.ParameterizedTypesTest_testVariableTypeFieldsAndGenericArraysDeserialization
gson,https://github.com/google/gson,e685705b2bf3ae174958612a185bd231c0e0c5d9,gson,nondex,com.google.gson.functional.ReflectionAccessFilterTest#testBlockInaccessibleJavaExtendingJdkClass,com.google.gson.functional.ReflectionAccessFilterTest#testBlockInaccessibleJavaExtendingJdkClass,SUCCESS,SUCCESS,SUCCESS,SUCCESS,SUCCESS,FAILED,,BARRIERPOINTSEARCH_FAILED,49.56,/results/artifacts/gson/com.google.gson.functional.ReflectionAccessFilterTest_testBlockInaccessibleJavaExtendingJdkClass
gson,https://github.com/google/gson,e685705b2bf3ae174958612a185bd231c0e0c5d9,gson,nondex,com.google.gson.functional.StreamingTypeAdaptersTest#testSerialize,com.google.gson.functional.StreamingTypeAdaptersTest#testSerialize,SUCCESS,SUCCESS,SUCCESS,SUCCESS,SUCCESS,FAILED,,BARRIERPOINTSEARCH_FAILED,49.36,/results/artifacts/gson/com.google.gson.functional.StreamingTypeAdaptersTest_testSerialize
gson,https://github.com/google/gson,e685705b2bf3ae174958612a185bd231c0e0c5d9,gson,nondex,com.google.gson.functional.StreamingTypeAdaptersTest#testSerializeRecursive,com.google.gson.functional.StreamingTypeAdaptersTest#testSerializeRecursive,SUCCESS,SUCCESS,SUCCESS,SUCCESS,SUCCESS,FAILED,,BARRIERPOINTSEARCH_FAILED,50.9,/results/artifacts/gson/com.google.gson.functional.StreamingTypeAdaptersTest_testSerializeRecursive
gson,https://github.com/google/gson,e685705b2bf3ae174958612a185bd231c0e0c5d9,gson,nondex,com.google.gson.functional.VersioningTest#testVersionedClassesSerialization,com.google.gson.functional.VersioningTest#testVersionedClassesSerialization,SUCCESS,SUCCESS,SUCCESS,SUCCESS,SUCCESS,FAILED,,BARRIERPOINTSEARCH_FAILED,50.34,/results/artifacts/gson/com.google.gson.functional.VersioningTest_testVersionedClassesSerialization
hop,https://github.com/apache/hop,be70e6fa1d4bf180c2766edc4c21d10fc215118b,core,nondex,org.apache.hop.core.row.value.ValueMetaAvroRecordTest#testStoreLoadMetaInJson,org.apache.hop.core.row.value.ValueMetaAvroRecordTest#testStoreLoadMetaInJson,SUCCESS,SUCCESS,SUCCESS,SUCCESS,SUCCESS,FAILED,,BARRIERPOINTSEARCH_FAILED,104.04,/results/artifacts/hop/org.apache.hop.core.row.value.ValueMetaAvroRecordTest_testStoreLoadMetaInJson
incubator-shenyu,https://github.com/apache/incubator-shenyu,3777209fc76800175df3962213ca1febe57edca6,shenyu-common,nondex,org.apache.shenyu.common.utils.GsonUtilsTest#testToJson,org.apache.shenyu.common.utils.GsonUtilsTest#testToJson,SUCCESS,SUCCESS,SUCCESS,SUCCESS,SUCCESS,FAILED,,BARRIERPOINTSEARCH_FAILED,113.01,/results/artifacts/incubator-shenyu/org.apache.shenyu.common.utils.GsonUtilsTest_testToJson
innodb-java-reader,https://github.com/alibaba/innodb-java-reader,24a95d8005d480d460c3004fad89cfa295b9cbb4,innodb-java-reader,nondex,com.alibaba.innodb.java.reader.sk.SimpleSkTableReaderTest#testQueryAllIteratorMysql57,com.alibaba.innodb.java.reader.sk.SimpleSkTableReaderTest#testQueryAllIteratorMysql57,SUCCESS,SUCCESS,SUCCESS,SUCCESS,SUCCESS,FAILED,,BARRIERPOINTSEARCH_FAILED,135.84,/results/artifacts/innodb-java-reader/com.alibaba.innodb.java.reader.sk.SimpleSkTableReaderTest_testQueryAllIteratorMysql57
innodb-java-reader,https://github.com/alibaba/innodb-java-reader,24a95d8005d480d460c3004fad89cfa295b9cbb4,innodb-java-reader,nondex,com.alibaba.innodb.java.reader.sk.SimpleSkTableReaderTest#testQueryBySkAddress57,com.alibaba.innodb.java.reader.sk.SimpleSkTableReaderTest#testQueryBySkAddress57,SUCCESS,SUCCESS,SUCCESS,SUCCESS,SUCCESS,FAILED,,BARRIERPOINTSEARCH_FAILED,113.71,/results/artifacts/innodb-java-reader/com.alibaba.innodb.java.reader.sk.SimpleSkTableReaderTest_testQueryBySkAddress57
innodb-java-reader,https://github.com/alibaba/innodb-java-reader,24a95d8005d480d460c3004fad89cfa295b9cbb4,innodb-java-reader,nondex,com.alibaba.innodb.java.reader.sk.SimpleSkTableReaderTest#testQueryBySkAddressProjectionMysql57,com.alibaba.innodb.java.reader.sk.SimpleSkTableReaderTest#testQueryBySkAddressProjectionMysql57,SUCCESS,SUCCESS,SUCCESS,SUCCESS,SUCCESS,FAILED,,BARRIERPOINTSEARCH_FAILED,115.11,/results/artifacts/innodb-java-reader/com.alibaba.innodb.java.reader.sk.SimpleSkTableReaderTest_testQueryBySkAddressProjectionMysql57
innodb-java-reader,https://github.com/alibaba/innodb-java-reader,24a95d8005d480d460c3004fad89cfa295b9cbb4,innodb-java-reader,nondex,com.alibaba.innodb.java.reader.sk.SimpleSkTableReaderTest#testQueryBySkAgeDescMysql57,com.alibaba.innodb.java.reader.sk.SimpleSkTableReaderTest#testQueryBySkAgeDescMysql57,SUCCESS,SUCCESS,SUCCESS,SUCCESS,SUCCESS,FAILED,,BARRIERPOINTSEARCH_FAILED,113.41,/results/artifacts/innodb-java-reader/com.alibaba.innodb.java.reader.sk.SimpleSkTableReaderTest_testQueryBySkAgeDescMysql57
innodb-java-reader,https://github.com/alibaba/innodb-java-reader,24a95d8005d480d460c3004fad89cfa295b9cbb4,innodb-java-reader,nondex,com.alibaba.innodb.java.reader.sk.SimpleSkTableReaderTest#testQueryBySkAgeMysql57,com.alibaba.innodb.java.reader.sk.SimpleSkTableReaderTest#testQueryBySkAgeMysql57,SUCCESS,SUCCESS,SUCCESS,SUCCESS,SUCCESS,FAILED,,BARRIERPOINTSEARCH_FAILED,114.64,/results/artifacts/innodb-java-reader/com.alibaba.innodb.java.reader.sk.SimpleSkTableReaderTest_testQueryBySkAgeMysql57
innodb-java-reader,https://github.com/alibaba/innodb-java-reader,24a95d8005d480d460c3004fad89cfa295b9cbb4,innodb-java-reader,nondex,com.alibaba.innodb.java.reader.sk.SimpleSkTableReaderTest#testQueryBySkAgeProjectionDescMysql57,com.alibaba.innodb.java.reader.sk.SimpleSkTableReaderTest#testQueryBySkAgeProjectionDescMysql57,SUCCESS,SUCCESS,SUCCESS,SUCCESS,SUCCESS,FAILED,,BARRIERPOINTSEARCH_FAILED,113.48,/results/artifacts/innodb-java-reader/com.alibaba.innodb.java.reader.sk.SimpleSkTableReaderTest_testQueryBySkAgeProjectionDescMysql57
innodb-java-reader,https://github.com/alibaba/innodb-java-reader,24a95d8005d480d460c3004fad89cfa295b9cbb4,innodb-java-reader,nondex,com.alibaba.innodb.java.reader.sk.SimpleSkTableReaderTest#testQueryBySkAgeProjectionMysql57,com.alibaba.innodb.java.reader.sk.SimpleSkTableReaderTest#testQueryBySkAgeProjectionMysql57,SUCCESS,SUCCESS,SUCCESS,SUCCESS,SUCCESS,FAILED,,BARRIERPOINTSEARCH_FAILED,114.81,/results/artifacts/innodb-java-reader/com.alibaba.innodb.java.reader.sk.SimpleSkTableReaderTest_testQueryBySkAgeProjectionMysql57
innodb-java-reader,https://github.com/alibaba/innodb-java-reader,24a95d8005d480d460c3004fad89cfa295b9cbb4,innodb-java-reader,nondex,com.alibaba.innodb.java.reader.sk.SimpleSkTableReaderTest#testQueryBySkAgeSalaryMysql57,com.alibaba.innodb.java.reader.sk.SimpleSkTableReaderTest#testQueryBySkAgeSalaryMysql57,SUCCESS,SUCCESS,SUCCESS,SUCCESS,SUCCESS,FAILED,,BARRIERPOINTSEARCH_FAILED,113.28,/results/artifacts/innodb-java-reader/com.alibaba.innodb.java.reader.sk.SimpleSkTableReaderTest_testQueryBySkAgeSalaryMysql57
innodb-java-reader,https://github.com/alibaba/innodb-java-reader,24a95d8005d480d460c3004fad89cfa295b9cbb4,innodb-java-reader,nondex,com.alibaba.innodb.java.reader.sk.SimpleSkTableReaderTest#testQueryBySkCityMysql57,com.alibaba.innodb.java.reader.sk.SimpleSkTableReaderTest#testQueryBySkCityMysql57,SUCCESS,SUCCESS,SUCCESS,SUCCESS,SUCCESS,FAILED,,BARRIERPOINTSEARCH_FAILED,114.19,/results/artifacts/innodb-java-reader/com.alibaba.innodb.java.reader.sk.SimpleSkTableReaderTest_testQueryBySkCityMysql57
innodb-java-reader,https://github.com/alibaba/innodb-java-reader,24a95d8005d480d460c3004fad89cfa295b9cbb4,innodb-java-reader,nondex,com.alibaba.innodb.java.reader.sk.SimpleSkTableReaderTest#testQueryBySkDeptnoLevelNameMysql57,com.alibaba.innodb.java.reader.sk.SimpleSkTableReaderTest#testQueryBySkDeptnoLevelNameMysql57,SUCCESS,SUCCESS,SUCCESS,SUCCESS,SUCCESS,FAILED,,BARRIERPOINTSEARCH_FAILED,117.04,/results/artifacts/innodb-java-reader/com.alibaba.innodb.java.reader.sk.SimpleSkTableReaderTest_testQueryBySkDeptnoLevelNameMysql57
innodb-java-reader,https://github.com/alibaba/innodb-java-reader,24a95d8005d480d460c3004fad89cfa295b9cbb4,innodb-java-reader,nondex,com.alibaba.innodb.java.reader.sk.SimpleSkTableReaderTest#testQueryBySkEmailProjectionMysql57,com.alibaba.innodb.java.reader.sk.SimpleSkTableReaderTest#testQueryBySkEmailProjectionMysql57,SUCCESS,SUCCESS,SUCCESS,SUCCESS,SUCCESS,FAILED,,BARRIERPOINTSEARCH_FAILED,211.66,/results/artifacts/innodb-java-reader/com.alibaba.innodb.java.reader.sk.SimpleSkTableReaderTest_testQueryBySkEmailProjectionMysql57
innodb-java-reader,https://github.com/alibaba/innodb-java-reader,24a95d8005d480d460c3004fad89cfa295b9cbb4,innodb-java-reader,nondex,com.alibaba.innodb.java.reader.sk.SimpleSkTableReaderTest#testQueryBySkJoinDateMysql57,com.alibaba.innodb.java.reader.sk.SimpleSkTableReaderTest#testQueryBySkJoinDateMysql57,SUCCESS,SUCCESS,SUCCESS,SUCCESS,SUCCESS,FAILED,,BARRIERPOINTSEARCH_FAILED,115.69,/results/artifacts/innodb-java-reader/com.alibaba.innodb.java.reader.sk.SimpleSkTableReaderTest_testQueryBySkJoinDateMysql57
innodb-java-reader,https://github.com/alibaba/innodb-java-reader,24a95d8005d480d460c3004fad89cfa295b9cbb4,innodb-java-reader,nondex,com.alibaba.innodb.java.reader.sk.SimpleSkTableReaderTest#testQueryBySkLevel57,com.alibaba.innodb.java.reader.sk.SimpleSkTableReaderTest#testQueryBySkLevel57,SUCCESS,SUCCESS,SUCCESS,SUCCESS,SUCCESS,FAILED,,BARRIERPOINTSEARCH_FAILED,115.79,/results/artifacts/innodb-java-reader/com.alibaba.innodb.java.reader.sk.SimpleSkTableReaderTest_testQueryBySkLevel57
innodb-java-reader,https://github.com/alibaba/innodb-java-reader,24a95d8005d480d460c3004fad89cfa295b9cbb4,innodb-java-reader,nondex,com.alibaba.innodb.java.reader.sk.SimpleSkTableReaderTest#testQueryBySkNameMysql57,com.alibaba.innodb.java.reader.sk.SimpleSkTableReaderTest#testQueryBySkNameMysql57,SUCCESS,SUCCESS,SUCCESS,SUCCESS,SUCCESS,FAILED,,BARRIERPOINTSEARCH_FAILED,114.47,/results/artifacts/innodb-java-reader/com.alibaba.innodb.java.reader.sk.SimpleSkTableReaderTest_testQueryBySkNameMysql57
innodb-java-reader,https://github.com/alibaba/innodb-java-reader,24a95d8005d480d460c3004fad89cfa295b9cbb4,innodb-java-reader,nondex,com.alibaba.innodb.java.reader.sk.SimpleSkTableReaderTest#testQueryBySkPutOrdinal57,com.alibaba.innodb.java.reader.sk.SimpleSkTableReaderTest#testQueryBySkPutOrdinal57,SUCCESS,SUCCESS,SUCCESS,SUCCESS,SUCCESS,FAILED,,BARRIERPOINTSEARCH_FAILED,114.76,/results/artifacts/innodb-java-reader/com.alibaba.innodb.java.reader.sk.SimpleSkTableReaderTest_testQueryBySkPutOrdinal57
iotdb,https://github.com/apache/iotdb,25a98ee165131047cda93dc92203db2ab9aecbc8,tsfile,nondex,org.apache.iotdb.tsfile.read.ReadInPartitionTest#test3,org.apache.iotdb.tsfile.read.ReadInPartitionTest#test3,SUCCESS,SUCCESS,SUCCESS,SUCCESS,SUCCESS,FAILED,,BARRIERPOINTSEARCH_FAILED,237.21,/results/artifacts/iotdb/org.apache.iotdb.tsfile.read.ReadInPartitionTest_test3
iotdb,https://github.com/apache/iotdb,25a98ee165131047cda93dc92203db2ab9aecbc8,tsfile,nondex,org.apache.iotdb.tsfile.write.schema.converter.SchemaBuilderTest#testJsonConverter2,org.apache.iotdb.tsfile.write.schema.converter.SchemaBuilderTest#testJsonConverter2,SUCCESS,SUCCESS,SUCCESS,SUCCESS,SUCCESS,FAILED,,BARRIERPOINTSEARCH_FAILED,145.28,/results/artifacts/iotdb/org.apache.iotdb.tsfile.write.schema.converter.SchemaBuilderTest_testJsonConverter2
json-io,https://github.com/jdereg/json-io,8d46689078710b044c80ff577c486e323d035eb5,.,idflakies,com.cedarsoftware.util.io.TestUsingSunMisc#testImpossibleClass(),com.cedarsoftware.util.io.TestUsingSunMisc#testImpossibleClass(),SUCCESS,SUCCESS,SUCCESS,SUCCESS,SUCCESS,SUCCESS,SUCCESS,PIPELINE_COMPLETED,172.56,/results/artifacts/json-io/com.cedarsoftware.util.io.TestUsingSunMisc_testImpossibleClass__
jsonex,https://github.com/eBay/jsonex,83cd2edafbca4438abee6542162ab206ad3fedd8,core,nondex,org.jsonex.core.util.ClassUtilTest#testGetProperties,org.jsonex.core.util.ClassUtilTest#testGetProperties,SUCCESS,SUCCESS,SUCCESS,SUCCESS,SUCCESS,FAILED,,BARRIERPOINTSEARCH_FAILED,58.18,/results/artifacts/jsonex/org.jsonex.core.util.ClassUtilTest_testGetProperties
junit4,https://github.com/junit-team/junit4,7167b23b3ba7dd79410f6e9db350d16cbe30617b,.,nondex,junit.samples.SimpleTest#testDivideByZero,junit.samples.SimpleTest#testDivideByZero,FAILED,,,,,,,BASELINE_FAILED,41.13,
junit4,https://github.com/junit-team/junit4,7167b23b3ba7dd79410f6e9db350d16cbe30617b,.,nondex,org.junit.internal.runners.statements.FailOnTimeoutTest#lookingForStuckThread_threadGroupNotLeaked,org.junit.internal.runners.statements.FailOnTimeoutTest#lookingForStuckThread_threadGroupNotLeaked,FAILED,,,,,,,BASELINE_FAILED,23.18,
junit4,https://github.com/junit-team/junit4,7167b23b3ba7dd79410f6e9db350d16cbe30617b,.,nondex,org.junit.internal.runners.statements.FailOnTimeoutTest#sendUpExceptionThrownByStatement,org.junit.internal.runners.statements.FailOnTimeoutTest#sendUpExceptionThrownByStatement,FAILED,,,,,,,BASELINE_FAILED,21.1,
junit4,https://github.com/junit-team/junit4,7167b23b3ba7dd79410f6e9db350d16cbe30617b,.,nondex,org.junit.internal.runners.statements.FailOnTimeoutTest#throwExceptionIfTheSecondCallToEvaluateNeedsTooMuchTime,org.junit.internal.runners.statements.FailOnTimeoutTest#throwExceptionIfTheSecondCallToEvaluateNeedsTooMuchTime,FAILED,,,,,,,BASELINE_FAILED,21.6,
junit4,https://github.com/junit-team/junit4,7167b23b3ba7dd79410f6e9db350d16cbe30617b,.,nondex,org.junit.internal.runners.statements.FailOnTimeoutTest#throwsTestTimedOutExceptionWithMeaningfulMessage,org.junit.internal.runners.statements.FailOnTimeoutTest#throwsTestTimedOutExceptionWithMeaningfulMessage,FAILED,,,,,,,BASELINE_FAILED,20.43,
junit4,https://github.com/junit-team/junit4,7167b23b3ba7dd79410f6e9db350d16cbe30617b,.,nondex,org.junit.tests.assertion.ComparisonFailureTest#compactFailureMessage,org.junit.tests.assertion.ComparisonFailureTest#compactFailureMessage,FAILED,,,,,,,BASELINE_FAILED,21.69,
junit4,https://github.com/junit-team/junit4,7167b23b3ba7dd79410f6e9db350d16cbe30617b,.,nondex,org.junit.tests.running.methods.TimeoutTest#org,org.junit.tests.running.methods.TimeoutTest#org,FAILED,,,,,,,BASELINE_FAILED,22.12,
kryo,https://github.com/EsotericSoftware/kryo,c6d199b1e3622dd323d0641260c4e31cec439636,main,nondex,com.esotericsoftware.kryo.serializers.GenericsTest#testMapTypeParams,com.esotericsoftware.kryo.serializers.GenericsTest#testMapTypeParams,SUCCESS,SUCCESS,SUCCESS,SUCCESS,SUCCESS,FAILED,,BARRIERPOINTSEARCH_FAILED,139.61,/results/artifacts/kryo/com.esotericsoftware.kryo.serializers.GenericsTest_testMapTypeParams
kubernetes-client,https://github.com/fabric8io/kubernetes-client,56a6c2c4f336cc6f64c19029a55c2d3d0289344f,junit/mockwebserver,nondex,io.fabric8.mockwebserver.DefaultMockServerTest#when,io.fabric8.mockwebserver.DefaultMockServerTest#when,SUCCESS,SUCCESS,SUCCESS,SUCCESS,SUCCESS,FAILED,,BARRIERPOINTSEARCH_FAILED,110.6,/results/artifacts/kubernetes-client/io.fabric8.mockwebserver.DefaultMockServerTest_when
Mapper,https://github.com/abel533/Mapper,1764748eedb2f320a0d1c43cb4f928c4ccb1f2f5,core,nondex,tk.mybatis.mapper.mapperhelper.ComplexEntityTest#test,tk.mybatis.mapper.mapperhelper.ComplexEntityTest#test,SUCCESS,SUCCESS,SUCCESS,SUCCESS,SUCCESS,FAILED,,BARRIERPOINTSEARCH_FAILED,47.3,/results/artifacts/Mapper/tk.mybatis.mapper.mapperhelper.ComplexEntityTest_test
modelmapper,https://github.com/modelmapper/modelmapper,689f5a36713a1e09edeeb8ecd7a822dbc097d7cd,core,nondex,org.modelmapper.internal.TypeInfoImplTest#shouldProduceAccessors,org.modelmapper.internal.TypeInfoImplTest#shouldProduceAccessors,SUCCESS,SUCCESS,SUCCESS,SUCCESS,SUCCESS,FAILED,,BARRIERPOINTSEARCH_FAILED,146.96,/results/artifacts/modelmapper/org.modelmapper.internal.TypeInfoImplTest_shouldProduceAccessors
moquette,https://github.com/moquette-io/moquette,7797062ad8957507f697acc8f1469861081ba8b5,broker,nondex,io.moquette.broker.MemoryRetainedRepositoryTest#testRetainedOnTopicReturnsWildcardTopicMatch,io.moquette.broker.MemoryRetainedRepositoryTest#testRetainedOnTopicReturnsWildcardTopicMatch,SUCCESS,SUCCESS,SUCCESS,SUCCESS,SUCCESS,FAILED,,BARRIERPOINTSEARCH_FAILED,85.63,/results/artifacts/moquette/io.moquette.broker.MemoryRetainedRepositoryTest_testRetainedOnTopicReturnsWildcardTopicMatch
morel,https://github.com/hydromatic/morel,b3ce1d8ba7351ba6fb0dceeaf30288451fe5bf7d,.,nondex,net.hydromatic.morel.MainTest#testCrossApplyGroup,net.hydromatic.morel.MainTest#testCrossApplyGroup,SUCCESS,SUCCESS,SUCCESS,SUCCESS,SUCCESS,FAILED,,BARRIERPOINTSEARCH_FAILED,144.9,/results/artifacts/morel/net.hydromatic.morel.MainTest_testCrossApplyGroup
mybatis-flex,https://github.com/mybatis-flex/mybatis-flex,d7259955b3e29ba6dcece18201e58c18952e6ce1,mybatis-flex-core,nondex,com.mybatisflex.coretest.LambdaSqlTest#test04,com.mybatisflex.coretest.LambdaSqlTest#test04,FAILED,,,,,,,BASELINE_FAILED,14.87,
nifi,https://github.com/apache/nifi,2bd752d868a8f3e36113b078bb576cf054e945e8,nifi-commons/nifi-record,nondex,org.apache.nifi.serialization.record.TestDataTypeUtils#testInferTypeWithMapStringKeys,org.apache.nifi.serialization.record.TestDataTypeUtils#testInferTypeWithMapStringKeys,SUCCESS,SUCCESS,SUCCESS,SUCCESS,SUCCESS,FAILED,,BARRIERPOINTSEARCH_FAILED,185.67,/results/artifacts/nifi/org.apache.nifi.serialization.record.TestDataTypeUtils_testInferTypeWithMapStringKeys
opennlp,https://github.com/apache/opennlp,8209cd308ee6ff7e61ec0346f1799a32541ed80f,opennlp-tools,nondex,opennlp.tools.languagemodel.NgramLanguageModelTest#testTrigram,opennlp.tools.languagemodel.NgramLanguageModelTest#testTrigram,SUCCESS,SUCCESS,SUCCESS,SUCCESS,SUCCESS,FAILED,,BARRIERPOINTSEARCH_FAILED,158.89,/results/artifacts/opennlp/opennlp.tools.languagemodel.NgramLanguageModelTest_testTrigram
OpenRefine,https://github.com/OpenRefine/OpenRefine,3bff27b868a6a1b695f3855ae0f49e269c5ef7cd,main,nondex,com.google.refine.browsing.facets.ListFacetTests#testSelectedEmptyChoice,com.google.refine.browsing.facets.ListFacetTests#testSelectedEmptyChoice,SUCCESS,SUCCESS,SUCCESS,SUCCESS,SUCCESS,FAILED,,BARRIERPOINTSEARCH_FAILED,223.64,/results/artifacts/OpenRefine/com.google.refine.browsing.facets.ListFacetTests_testSelectedEmptyChoice
OpenRefine,https://github.com/OpenRefine/OpenRefine,3bff27b868a6a1b695f3855ae0f49e269c5ef7cd,main,nondex,com.google.refine.commands.recon.GuessTypesOfColumnCommandTests#testGuessTypes,com.google.refine.commands.recon.GuessTypesOfColumnCommandTests#testGuessTypes,SUCCESS,SUCCESS,SUCCESS,SUCCESS,SUCCESS,FAILED,,BARRIERPOINTSEARCH_FAILED,102.03,/results/artifacts/OpenRefine/com.google.refine.commands.recon.GuessTypesOfColumnCommandTests_testGuessTypes
oryx,https://github.com/OryxProject/oryx,43511f068bb4905769edc00e32f894016e2d0419,framework/oryx-common,nondex,com.cloudera.oryx.common.pmml.PMMLUtilsTest#testToString,com.cloudera.oryx.common.pmml.PMMLUtilsTest#testToString,SUCCESS,SUCCESS,SUCCESS,SUCCESS,SUCCESS,FAILED,,BARRIERPOINTSEARCH_FAILED,93.7,/results/artifacts/oryx/com.cloudera.oryx.common.pmml.PMMLUtilsTest_testToString
pushy,https://github.com/jchambers/pushy,da5f8b97106cd41278b421ec63e4e76a7313bed9,pushy,nondex,com.eatthepath.pushy.apns.ApnsClientTest#testSendNotification,com.eatthepath.pushy.apns.ApnsClientTest#testSendNotification,SUCCESS,SUCCESS,SUCCESS,SUCCESS,TIMEOUT,,,CRITSEARCH_TIMEOUT,2418.92,/results/artifacts/pushy/com.eatthepath.pushy.apns.ApnsClientTest_testSendNotification
pushy,https://github.com/jchambers/pushy,da5f8b97106cd41278b421ec63e4e76a7313bed9,pushy,nondex,com.eatthepath.pushy.apns.server.TokenAuthenticationValidatingPushNotificationHandlerTest#testHandleNotificationWithCollapseId,com.eatthepath.pushy.apns.server.TokenAuthenticationValidatingPushNotificationHandlerTest#testHandleNotificationWithCollapseId,SUCCESS,SUCCESS,SUCCESS,SUCCESS,SUCCESS,FAILED,,BARRIERPOINTSEARCH_FAILED,61.19,/results/artifacts/pushy/com.eatthepath.pushy.apns.server.TokenAuthenticationValidatingPushNotificationHandlerTest_testHandleNotificationWithCollapseId
pushy,https://github.com/jchambers/pushy,da5f8b97106cd41278b421ec63e4e76a7313bed9,pushy,nondex,com.eatthepath.pushy.apns.server.TokenAuthenticationValidatingPushNotificationHandlerTest#testHandleNotificationWithMissingPayload,com.eatthepath.pushy.apns.server.TokenAuthenticationValidatingPushNotificationHandlerTest#testHandleNotificationWithMissingPayload,SUCCESS,SUCCESS,SUCCESS,SUCCESS,SUCCESS,FAILED,,BARRIERPOINTSEARCH_FAILED,56.65,/results/artifacts/pushy/com.eatthepath.pushy.apns.server.TokenAuthenticationValidatingPushNotificationHandlerTest_testHandleNotificationWithMissingPayload
pushy,https://github.com/jchambers/pushy,da5f8b97106cd41278b421ec63e4e76a7313bed9,pushy,nondex,com.eatthepath.pushy.apns.server.TokenAuthenticationValidatingPushNotificationHandlerTest#testHandleNotificationWithValidNotification,com.eatthepath.pushy.apns.server.TokenAuthenticationValidatingPushNotificationHandlerTest#testHandleNotificationWithValidNotification,SUCCESS,SUCCESS,SUCCESS,SUCCESS,SUCCESS,FAILED,,BARRIERPOINTSEARCH_FAILED,56.4,/results/artifacts/pushy/com.eatthepath.pushy.apns.server.TokenAuthenticationValidatingPushNotificationHandlerTest_testHandleNotificationWithValidNotification
r2dbc-mysql,https://github.com/mirromutth/r2dbc-mysql,4b6afab92001d3e47d38278463bc7944f9eacd9b,.,nondex,dev.miku.r2dbc.mysql.codec.SetCodecTest#stringifySet,dev.miku.r2dbc.mysql.codec.SetCodecTest#stringifySet,SUCCESS,SUCCESS,SUCCESS,SUCCESS,SUCCESS,FAILED,,BARRIERPOINTSEARCH_FAILED,101.02,/results/artifacts/r2dbc-mysql/dev.miku.r2dbc.mysql.codec.SetCodecTest_stringifySet
sonar-php,https://github.com/SonarSource/sonar-php,df211f66a67c48184006cff90e80e8406a87f8ec,php-frontend,nondex,org.sonar.php.metrics.ExecutableLineVisitorTest#test,org.sonar.php.metrics.ExecutableLineVisitorTest#test,SUCCESS,SUCCESS,SUCCESS,SUCCESS,SUCCESS,FAILED,,BARRIERPOINTSEARCH_FAILED,106.82,/results/artifacts/sonar-php/org.sonar.php.metrics.ExecutableLineVisitorTest_test
testable-mock,https://github.com/alibaba/testable-mock,80b0f3b8789921d46103d9af14a52e75406b92af,testable-core,nondex,com.alibaba.testable.core.tool.OmniAccessorTest#should_generate_member_index,com.alibaba.testable.core.tool.OmniAccessorTest#should_generate_member_index,SUCCESS,SUCCESS,SUCCESS,SUCCESS,SUCCESS,FAILED,,BARRIERPOINTSEARCH_FAILED,41.09,/results/artifacts/testable-mock/com.alibaba.testable.core.tool.OmniAccessorTest_should_generate_member_index
TestParameterInjector,https://github.com/google/TestParameterInjector,5d67f8cb66481638bcd117227bd0103c32c84491,junit4,nondex,com.google.testing.junit.testparameterinjector.TestParameterAnnotationMethodProcessorTest#test,com.google.testing.junit.testparameterinjector.TestParameterAnnotationMethodProcessorTest#test,SUCCESS,SUCCESS,SUCCESS,SUCCESS,SUCCESS,SUCCESS,SUCCESS,PIPELINE_COMPLETED,41.42,/results/artifacts/TestParameterInjector/com.google.testing.junit.testparameterinjector.TestParameterAnnotationMethodProcessorTest_test
tomcat_exporter,https://github.com/nlighten/tomcat_exporter,69b30031ed7099a83cb575d429bf7fddb77f0c0a,client,idflakies,nl.nlighten.prometheus.tomcat.TomcatGenericExportsTest.testThreadPoolMetrics,nl.nlighten.prometheus.tomcat.TomcatGenericExportsTest#testThreadPoolMetrics,SUCCESS,SUCCESS,TIMEOUT,,,,,DELAYLOCS_TIMEOUT,1844.19,/results/artifacts/tomcat_exporter/nl.nlighten.prometheus.tomcat.TomcatGenericExportsTest_testThreadPoolMetrics
flink,https://github.com/apache/flink,23c9b5ac50d04d28a34a87c78eb2d3331c06b74b,flink-libraries/flink-cep,nondex,org.apache.flink.cep.operator.CEPMigrationTest#testRestoreStartingNewPatternAfterMigration,org.apache.flink.cep.operator.CEPMigrationTest#testRestoreStartingNewPatternAfterMigration,SUCCESS,SUCCESS,SUCCESS,SUCCESS,SUCCESS,SUCCESS,SUCCESS,PIPELINE_COMPLETED,1212.8,/results/artifacts/flink/org.apache.flink.cep.operator.CEPMigrationTest_testRestoreStartingNewPatternAfterMigration
